dance_id,video_id,person_id,split,khop_dong_tac,khop_nhip,nang_luong,tong_diem,dtw_distance_total,dtw_seg_mean,dtw_seg_std,dtw_seg_max,dtw_seg_min,n_segments,n_flagged,flag_ratio,n_windows,temporal_emb_l2norm,temporal_pred_score,temporal_emb_pc1,temporal_emb_pc2,temporal_emb_pc1_nodtw,emb_000,emb_001,emb_002,emb_003,emb_004,emb_005,emb_006,emb_007,emb_008,emb_009,emb_010,emb_011,emb_012,emb_013,emb_014,emb_015,emb_016,emb_017,emb_018,emb_019,emb_020,emb_021,emb_022,emb_023,emb_024,emb_025,emb_026,emb_027,emb_028,emb_029,emb_030,emb_031,emb_032,emb_033,emb_034,emb_035,emb_036,emb_037,emb_038,emb_039,emb_040,emb_041,emb_042,emb_043,emb_044,emb_045,emb_046,emb_047,emb_048,emb_049,emb_050,emb_051,emb_052,emb_053,emb_054,emb_055,emb_056,emb_057,emb_058,emb_059,emb_060,emb_061,emb_062,emb_063,window_frames,hop_frames,aggregate,emb_dim,ckpt_target,use_dtw
dance_001,D01_P001_T01,P001,val,26.0,75.9,69.8,149.1,6.481105,12.560615777777777,2.4106596702938567,16.122516,8.802536,9.0,0.0,0.0,9,4.719350337982178,75.83818742632866,2.261636,-0.48550788,1.1678672,0.13383797,1.0042456,1.247664,1.8776544,0.0,1.3486863,0.0,1.2126178,0.0,1.4514579,1.1672921,0.0730241,0.0,0.0,0.61769396,0.0,0.0,0.46636167,0.72423106,0.6963942,1.3012688,0.29327083,0.99894357,0.5051849,0.0,0.7302973,0.029690742,0.0,1.1116049,0.34584084,1.044187,0.0,0.19242413,0.22660193,0.32724428,0.3853322,0.0,0.30893064,0.0,0.50727403,0.0,0.33567467,0.269004,0.108992055,0.0,0.0,0.22686392,0.0,0.0,0.3265836,0.25421262,0.1840773,0.20413646,0.1969242,0.38879645,0.21184579,0.0,0.14024615,0.08397811,0.0,0.36489257,0.29096478,0.3279361,0.0,60,30,mean_std,64,khop_nhip,True
dance_001,D01_P002_T01,P002,val,36.8,77.9,95.3,182.4,5.143934,11.565228874999999,1.416434310878415,13.524952,9.697232,8.0,0.0,0.0,8,4.003065586090088,77.61337393522263,-1.4201754,3.1877608,-1.6634222,0.17682151,0.6882757,0.77248156,1.4433988,0.19315654,0.9060649,0.07500392,0.79542375,0.0,0.896961,0.6913357,0.01103285,0.0,0.0,0.3010415,0.0,0.06484002,0.327354,0.1668806,0.63823247,1.4589766,0.43157902,1.3726033,0.15241623,0.0,0.98548555,0.0,0.004419258,0.6482482,0.17298454,1.0011275,0.0,0.2596497,0.3663167,0.4263734,0.4536612,0.33477047,0.4970996,0.1299986,0.3779684,0.0,0.7480879,0.4678092,0.029190175,0.0,0.0,0.38347614,0.0,0.12670706,0.3461454,0.18136357,0.21731453,0.24541008,0.22499739,0.2155231,0.13859981,0.0,0.28705862,0.0,0.011692258,0.24097052,0.19288158,0.41526973,0.0,60,30,mean_std,64,khop_nhip,True
dance_001,D01_P003_T01,P003,train,100.0,100.0,100.0,300.0,0.0,0.0,0.0,0.0,0.0,9.0,0.0,0.0,9,2.850951671600342,79.21777755022049,-6.608215,4.556378,-1.1340526,0.22118062,0.3038609,0.4076434,0.6703198,0.307597,0.5553157,0.13920747,0.5906594,0.0,0.22548077,0.2650908,0.0,0.0,0.0,0.07760993,0.0,0.12110563,0.2621813,0.18795164,0.6406717,0.7842494,0.04327802,1.467689,0.09369687,0.0,1.1040593,0.0,0.0,0.3691171,0.15536356,0.3220612,0.0,0.2737759,0.26634455,0.3261902,0.3532232,0.26204887,0.3344369,0.18186225,0.52002907,0.0,0.2884119,0.20852174,0.0,0.0,0.0,0.16438293,0.0,0.17992029,0.23849958,0.21793099,0.31357858,0.30914482,0.122408725,0.19645123,0.13986304,0.0,0.23792122,0.0,0.0,0.28772917,0.21695983,0.27515104,0.0,60,30,mean_std,64,khop_nhip,True
dance_001,D01_P004_T01,P004,train,36.8,77.9,95.3,182.4,5.143934,11.565228874999999,1.416434310878415,13.524952,9.697232,8.0,0.0,0.0,8,4.003065586090088,77.61337393522263,-1.4201754,3.1877608,-1.6634222,0.17682151,0.6882757,0.77248156,1.4433988,0.19315654,0.9060649,0.07500392,0.79542375,0.0,0.896961,0.6913357,0.01103285,0.0,0.0,0.3010415,0.0,0.06484002,0.327354,0.1668806,0.63823247,1.4589766,0.43157902,1.3726033,0.15241623,0.0,0.98548555,0.0,0.004419258,0.6482482,0.17298454,1.0011275,0.0,0.2596497,0.3663167,0.4263734,0.4536612,0.33477047,0.4970996,0.1299986,0.3779684,0.0,0.7480879,0.4678092,0.029190175,0.0,0.0,0.38347614,0.0,0.12670706,0.3461454,0.18136357,0.21731453,0.24541008,0.22499739,0.2155231,0.13859981,0.0,0.28705862,0.0,0.011692258,0.24097052,0.19288158,0.41526973,0.0,60,30,mean_std,64,khop_nhip,True
dance_001,D01_P005_T01,P005,train,44.9,77.7,83.1,187.2,4.770439,9.63049442857143,1.8896156477102395,13.017701,7.103954,7.0,1.0,0.14285714285714285,7,4.313149452209473,77.39190167188644,2.4594443,3.8541417,-1.4527696,0.23466173,0.6362092,0.8633269,1.4400761,0.06391396,1.1635296,0.008963372,0.8709399,0.0,0.9528423,0.75853646,0.023729404,0.0,0.0,0.4503903,0.0,0.10224933,0.3956012,0.35884696,0.9538784,1.3482026,0.24651463,1.3346233,0.3136417,0.0,0.8770604,0.00846718,0.0,0.6101484,0.30289358,0.95676285,0.0,0.31899643,0.30070597,0.7467945,0.691657,0.10780795,0.57291245,0.021955686,0.5192639,0.0,0.8565786,0.46474284,0.04536006,0.0,0.0,0.47137555,0.0,0.13924484,0.3293644,0.35797748,0.2399585,0.4838006,0.14534248,0.19496547,0.14808361,0.0,0.37108025,0.020740272,0.0,0.3759712,0.40649578,0.5683901,0.0,60,30,mean_std,64,khop_nhip,True
dance_001,D01_P006_T01,P006,train,42.1,80.6,82.4,185.1,5.12316,9.825146444444444,1.7106257723443465,12.623868,7.589821,9.0,1.0,0.1111111111111111,9,3.591719627380371,78.00138264894485,-1.9182123,3.969174,-1.3075494,0.21721168,0.50638103,0.7450293,1.1928395,0.2388342,0.8111358,0.01047924,0.8616941,0.0,0.73291034,0.6931331,0.01674339,0.0,0.0,0.31789154,0.0,0.115128554,0.45948827,0.32396162,0.7015455,1.0538199,0.20519975,1.408155,0.23234694,0.0,0.8777673,0.0,0.007094941,0.6249687,0.2403356,0.6710327,0.0,0.3145552,0.268847,0.3936326,0.42650816,0.23232937,0.38139698,0.02499605,0.5073203,0.0,0.46658614,0.42375565,0.04735746,0.0,0.0,0.31442022,0.0,0.1636395,0.40418416,0.23939323,0.30043167,0.26377386,0.22186726,0.2932769,0.17700964,0.0,0.30689526,0.0,0.020067524,0.14861651,0.3234877,0.321125,0.0,60,30,mean_std,64,khop_nhip,True
dance_001,D01_P007_T01,P007,train,24.3,74.1,75.7,148.5,6.004749,14.720303222222222,2.9480386865754125,18.892492,9.527203,9.0,0.0,0.0,9,4.323416233062744,76.75310909748077,1.7474613,4.954387,1.1493624,0.20864525,0.87875247,1.0122741,1.3634349,0.16736755,1.0889978,0.08925721,0.96267414,0.0,1.0267879,0.96455073,0.046010364,0.0,0.0,0.4606789,0.0,0.13854238,0.3858329,0.53425336,0.55710346,1.4320587,0.19032286,1.238226,0.30805385,0.0,0.7859047,0.0,0.0,0.88215464,0.3762723,1.0296612,0.0,0.26662108,0.5282788,0.5396687,0.50493,0.2722841,0.565465,0.14338893,0.54754543,0.0,0.6089065,0.49952602,0.091459155,0.0,0.0,0.37464672,0.0,0.20580475,0.34094846,0.37139195,0.26403597,0.34881514,0.18011586,0.25482723,0.21740945,0.0,0.3061542,0.0,0.0,0.36224353,0.39721945,0.41638535,0.0,60,30,mean_std,64,khop_nhip,True
dance_001,D01_P008_T01,P008,train,43.6,79.6,78.5,184.2,5.23904,10.295034,0.8478822086030323,11.579026,8.541891,9.0,1.0,0.1111111111111111,9,4.0794267654418945,77.02256363630295,1.6873984,1.8274517,-2.7430425,0.20621547,0.6938978,1.097641,1.3133073,0.14046815,1.3276458,0.0006998231,0.87137586,0.015173584,1.04755,0.7392936,0.085022636,0.0,0.0,0.357156,0.0,0.10321944,0.38940522,0.6246995,0.7141602,1.0907605,0.1159499,1.1917692,0.4717457,0.0,0.7340848,0.0,0.0,0.9792792,0.24018301,0.7125788,0.0,0.23378995,0.33402312,0.4549963,0.3875191,0.26318845,0.48836672,0.0019793985,0.41211686,0.04291738,0.5953892,0.36005378,0.18110524,0.0,0.0,0.3108922,0.0,0.14898299,0.3504615,0.4022276,0.3143908,0.39763293,0.14018248,0.18860812,0.25227654,0.0,0.35487986,0.0,0.0,0.34486815,0.34296867,0.48370308,0.0,60,30,mean_std,64,khop_nhip,True
dance_001,D01_P009_T01,P009,train,29.5,70.6,87.4,160.2,5.380174,10.406512444444445,0.9412523888024118,11.884241,9.005421,9.0,1.0,0.1111111111111111,9,4.302426815032959,76.75273749232292,1.3458178,2.8170977,-0.81928307,0.17050253,0.87710094,1.0449347,1.4133507,0.1368112,1.2961056,0.03270553,0.8945303,0.0,1.0466895,0.77355975,0.043772772,0.0,0.0,0.3265859,0.0,0.12891251,0.47160324,0.517746,0.6833422,1.4494901,0.2902609,1.2009935,0.49299893,0.012151009,0.95006657,0.0,0.0,0.9666488,0.3103235,0.9694011,0.0,0.29042676,0.38689882,0.3763609,0.38323358,0.17836067,0.4854414,0.053297784,0.40199453,0.0,0.6238398,0.35654953,0.07276157,0.0,0.0,0.3136155,0.0,0.13440388,0.27132544,0.2565671,0.22998762,0.24759917,0.18053208,0.2664932,0.28369418,0.034368247,0.37218633,0.0,0.0,0.34264627,0.34895223,0.4399945,0.0,60,30,mean_std,64,khop_nhip,True
dance_001,D01_P010_T01,P010,train,38.6,75.2,85.8,177.0,6.292482,11.090913777777777,1.5390404183908286,13.908482,8.730689,9.0,1.0,0.1111111111111111,9,4.927099227905273,75.84535598754883,1.7940727,2.536707,0.43886715,0.23195617,0.91667145,1.3744054,1.634509,0.16763389,1.7278162,0.0,0.9447791,0.0,1.3337834,0.9078935,0.06561769,0.0,0.0,0.57841367,0.0,0.18119174,0.5075054,0.7674544,0.8803224,1.6914487,0.16525671,1.11732,0.5144403,0.0,0.8548623,0.0,0.0,1.1459138,0.37508383,1.1587701,0.0,0.27660844,0.28868604,0.31243986,0.30063215,0.43827325,0.3498545,0.0,0.33684802,0.0,0.5271028,0.30324572,0.09809614,0.0,0.0,0.20634562,0.0,0.22966728,0.42735127,0.41220823,0.2769149,0.26514366,0.13203831,0.3028719,0.15111527,0.0,0.36946478,0.0,0.0,0.3792512,0.31645706,0.35753068,0.0,60,30,mean_std,64,khop_nhip,True
dance_001,D01_P011_T01,P011,train,37.3,75.4,85.3,174.9,5.21796,11.29592188888889,1.990404746306051,14.290359,9.261782,9.0,1.0,0.1111111111111111,9,3.721712350845337,77.52692666649818,-1.1781175,2.4863071,-1.1948558,0.10820671,0.5634494,0.8001589,1.3191184,0.22714053,0.93322456,0.00052992173,0.73475397,0.0,0.7400353,0.753332,0.026485052,0.0,0.0,0.32111382,0.0,0.16528937,0.5423262,0.47186926,0.5826545,1.2128205,0.27626294,1.2562509,0.2430622,0.0,0.9209788,0.0,0.0,0.71775705,0.20104979,0.8047146,0.0,0.16905941,0.2838603,0.41900808,0.41571128,0.26741374,0.50220555,0.0014988449,0.3125791,0.0,0.5269895,0.31546262,0.074911036,0.0,0.0,0.26984027,0.0,0.2547427,0.36524796,0.42205295,0.1642032,0.37118414,0.24734972,0.22082956,0.15766868,0.0,0.3208697,0.0,0.0,0.26016188,0.23753461,0.32120052,0.0,60,30,mean_std,64,khop_nhip,True
dance_001,D01_P013_T01,P013,train,43.1,78.7,84.2,186.0,5.533558,10.923471333333332,1.5544292944403169,13.654463,8.821808,9.0,1.0,0.1111111111111111,9,3.6556284427642822,77.78493973612785,-2.5585217,3.8455515,-2.0834439,0.13840075,0.55934215,0.775425,1.2759452,0.3630744,0.81803197,0.059025187,0.8293081,0.0,0.7057193,0.74753034,0.0,0.0,0.0,0.32247105,0.0,0.17343026,0.48670837,0.39050454,0.66934925,1.0671666,0.24211624,1.3351814,0.24639092,0.0,0.93601596,0.0,0.0,0.5877335,0.1945545,0.84438074,0.0,0.15936337,0.31564218,0.37297264,0.41093343,0.33482388,0.47201958,0.16193068,0.44672677,0.0,0.525387,0.38962892,0.0,0.0,0.0,0.2554072,0.0,0.21711403,0.288336,0.26116082,0.2153408,0.20151687,0.25584468,0.20009811,0.1901468,0.0,0.3467085,0.0,0.0,0.2847348,0.18747057,0.34372994,0.0,60,30,mean_std,64,khop_nhip,True
dance_001,D01_P014_T01,P014,train,46.4,80.7,76.0,187.8,4.93742,9.938321888888888,1.3661020512239632,12.294315,8.105605,9.0,1.0,0.1111111111111111,9,3.6789510250091553,78.00035494565964,-1.0275224,4.248631,-1.8452078,0.32316032,0.5300819,0.8854959,1.1722918,0.14196649,0.8112668,0.03885213,0.6993942,0.0,0.678318,0.65882415,0.006812993,0.0,0.0,0.3088756,0.0,0.07078402,0.35211942,0.4410651,0.7513397,1.296727,0.2421657,1.4665685,0.16791467,0.007836435,0.7445543,0.014897873,0.0,0.45144626,0.29244342,0.94182014,0.0,0.3229037,0.2245434,0.43365183,0.38406,0.2426264,0.42622548,0.109890416,0.4298727,0.0,0.45176217,0.31090325,0.019270055,0.0,0.0,0.29778177,0.0,0.13227335,0.34852856,0.30487877,0.2544512,0.32328194,0.28645048,0.18977964,0.15398735,0.022164784,0.4005895,0.04213755,0.0,0.24895333,0.32916757,0.31722468,0.0,60,30,mean_std,64,khop_nhip,True
dance_001,D01_P015_T01,P015,train,33.1,66.9,80.2,158.1,4.912259,10.180597333333331,0.9721520736640606,12.162946,9.102603,9.0,1.0,0.1111111111111111,9,4.111954212188721,77.20656111836433,-0.59506565,1.1498276,2.1953402,0.25143778,0.72587866,0.9024962,1.4224094,0.11022831,1.1065325,0.021914657,0.9007957,0.0,0.9463365,0.86745334,0.018169768,0.0,0.0,0.4238912,0.0,0.120762534,0.35798585,0.35722807,0.71788347,1.5457745,0.32797137,1.3346326,0.25546032,0.0,0.9218509,0.0,0.0,0.6846435,0.23107205,1.0501971,0.0,0.24800912,0.2316471,0.34946316,0.33782735,0.173242,0.41700408,0.06198401,0.38395843,0.0,0.5191921,0.33529633,0.051391866,0.0,0.0,0.27323985,0.0,0.1880619,0.29464796,0.20954375,0.11830101,0.3106803,0.23146518,0.30482295,0.24619181,0.0,0.34366196,0.0,0.0,0.27315992,0.23872966,0.3169015,0.0,60,30,mean_std,64,khop_nhip,True
dance_001,D01_P016_T01,P016,val,22.5,74.7,93.9,157.5,5.959807,11.956606444444445,1.5400703056772085,15.288801,10.215469,9.0,1.0,0.1111111111111111,9,4.180360317230225,77.10671511292458,1.3834932,1.9142026,0.10281652,0.29742298,0.75862616,1.0770304,1.311985,0.056432486,1.1367567,0.0292078,0.88598526,0.0,1.0635574,0.883063,0.07861213,0.0,0.0,0.27612814,0.0,0.03946094,0.4164263,0.38924754,0.638323,1.5478688,0.21568793,1.1366866,0.14797002,0.0,0.7340249,0.0,0.0,0.7398913,0.22476207,1.1107683,0.0,0.2648356,0.35282296,0.4627848,0.37289104,0.11815023,0.42432413,0.059704255,0.36111954,0.0,0.7400926,0.38094303,0.18544851,0.0,0.0,0.2976211,0.0,0.07385147,0.35939413,0.19472714,0.29718146,0.3442323,0.1787785,0.23859578,0.17765364,0.0,0.43630233,0.0,0.0,0.48902485,0.29342297,0.53630394,0.0,60,30,mean_std,64,khop_nhip,True
dance_001,D01_P017_T01,P017,train,34.0,76.1,94.8,176.4,5.14287,11.95744275,3.11741231277424,17.546304,8.220128,8.0,1.0,0.125,8,4.12686824798584,77.39818918704987,-0.7182562,5.432673,-1.2082268,0.26424736,0.6919606,0.88029516,1.4057342,0.31096733,0.91478145,0.07520042,0.9327611,0.0,1.0003259,0.8446623,0.0,0.0,0.0,0.3895479,0.0,0.1352309,0.32815003,0.30813596,0.7480608,1.3954057,0.3125612,1.3606129,0.21052721,0.0,0.85294336,0.0,0.014980089,0.6554775,0.2767843,1.0261266,0.0,0.2792611,0.2933454,0.49038732,0.43478844,0.36472553,0.50137305,0.14038716,0.32454494,0.0,0.6820424,0.3995862,0.0,0.0,0.0,0.41677666,0.0,0.19131309,0.35976395,0.21829621,0.25891984,0.3807738,0.23992632,0.25630203,0.18491814,0.0,0.3926506,0.0,0.03963359,0.36880857,0.33482924,0.39980316,0.0,60,30,mean_std,64,khop_nhip,True
dance_001,D01_P018_T01,P018,val,34.9,77.0,75.5,166.8,5.541471,11.562076999999999,1.7935694956154393,13.95482,8.836555,9.0,0.0,0.0,9,4.444782257080078,76.76698860526085,1.473608,3.96935,0.40946764,0.14473855,0.8121808,1.0141059,1.4927131,0.09370681,1.2976935,0.075887255,0.86234856,0.0,1.1021756,0.91344464,0.03205402,0.0,0.0,0.5180355,0.0,0.11953858,0.4322339,0.44991153,0.74808496,1.405149,0.23591828,1.2637137,0.4133059,0.0,0.90732807,0.0,0.0037191543,0.9499497,0.2494124,1.0509392,0.0,0.1775388,0.33555064,0.5909332,0.51531494,0.13704082,0.48224512,0.10893138,0.45298985,0.0,0.7907153,0.5017246,0.061430424,0.0,0.0,0.4813312,0.0,0.1445585,0.3873874,0.32709262,0.17773283,0.37560672,0.10779483,0.17903551,0.25898576,0.0,0.32775366,0.0,0.010519357,0.29467124,0.29206488,0.47330347,0.0,60,30,mean_std,64,khop_nhip,True
dance_001,D01_P019_T01,P019,train,39.2,72.9,69.7,166.2,5.201081,10.966338222222223,1.8857592983518325,14.78019,7.755871,9.0,1.0,0.1111111111111111,9,4.4079909324646,76.7510481774807,1.205262,3.2530947,2.517975,0.28830528,0.8388263,1.0109849,1.5912528,0.094370864,1.0765918,0.0651792,1.0042472,0.0,1.0842205,1.0071548,0.033573613,0.0,0.0,0.5335219,0.0,0.19289178,0.31332052,0.3167666,0.77903455,1.5045784,0.4171357,1.2084146,0.3194638,0.0,0.8223889,0.0,0.0,0.86291,0.3447684,1.1744094,0.0,0.32196864,0.40739843,0.3607068,0.46874154,0.13803147,0.4283257,0.12567535,0.62528914,0.0,0.45797044,0.46318674,0.09417715,0.0,0.0,0.3271803,0.0,0.22421308,0.2508762,0.17053968,0.33798155,0.35129583,0.2610672,0.2643002,0.17216012,0.0,0.26614505,0.0,0.0,0.23310755,0.31585345,0.36036685,0.0,60,30,mean_std,64,khop_nhip,True
dance_001,D01_P020_T01,P020,train,37.9,76.2,84.7,176.1,5.570371,11.302485444444446,1.907711094714007,15.687256,8.850216,9.0,1.0,0.1111111111111111,9,3.4724137783050537,78.21842542290688,-3.3206031,3.350513,-1.4995309,0.33298194,0.47502723,0.6720544,1.1166338,0.2662539,0.7856404,0.042263176,0.73508483,0.0,0.5816801,0.6908432,0.025092196,0.0,0.0,0.21888845,0.0,0.14057602,0.32486522,0.18330343,0.65305644,1.2618966,0.26014462,1.4497734,0.15390795,0.0,0.84352565,0.0,0.0,0.5659498,0.17514862,0.76788235,0.0,0.33943614,0.21338874,0.21725191,0.24362439,0.32817075,0.3635225,0.11953831,0.3434229,0.0,0.39481914,0.27511364,0.06898676,0.0,0.0,0.15703517,0.0,0.2435486,0.414158,0.2694055,0.30370155,0.40509257,0.24501413,0.19538541,0.14267263,0.0,0.3807784,0.0,0.0,0.29398838,0.22021766,0.21553929,0.0,60,30,mean_std,64,khop_nhip,True
dance_002,D02_P002_T01,P002,val,21.8,75.9,77.3,147.3,7.574102,12.5675198,3.1996433068208336,19.817477,7.530493,10.0,1.0,0.1,10,4.842409133911133,75.90285885334015,2.7466283,-0.0050432016,3.242732,0.210669,0.9560119,1.3056408,1.8467252,0.15043429,1.3303162,0.0,1.1636276,0.0,1.4670516,1.1444595,0.06332463,0.0,0.0,0.7533871,0.0,0.0,0.33202314,0.5984291,0.611452,1.4494717,0.19570191,1.0619895,0.40175867,0.0,0.73457533,0.001897693,0.0,1.1009567,0.4329142,1.1967515,0.0,0.20980844,0.29353225,0.38581803,0.24331169,0.23682675,0.5987411,0.0,0.38432854,0.0,0.3259125,0.42054734,0.10678084,0.0,0.0,0.37871593,0.0,0.0,0.3424451,0.47735614,0.16864729,0.37683108,0.15944557,0.4026427,0.27218193,0.0,0.16098876,0.0056930794,0.0,0.4079282,0.33665442,0.3634075,0.0,60,30,mean_std,64,khop_nhip,True
dance_002,D02_P003_T01,P003,train,16.5,67.7,81.3,134.4,7.42282,14.308082099999998,3.165820491596087,18.348125,9.366186,10.0,0.0,0.0,10,5.114477157592773,75.58727565407753,5.39041,1.3623432,2.5117059,0.18968876,0.979619,1.3239573,1.8324903,0.049471747,1.6311986,0.0,1.0806032,0.0,1.6029091,1.1433296,0.22613828,0.0,0.0,0.54695624,0.0,0.016145797,0.3933605,0.6746394,0.58556235,1.6795425,0.28945607,1.0679843,0.29685888,0.0,0.60448277,0.04328346,0.0,1.193544,0.3362866,1.3883204,0.0,0.2607393,0.3210689,0.47874704,0.44512776,0.13974833,0.47646022,0.0,0.6765664,0.0,0.50044185,0.5231543,0.24510211,0.0,0.0,0.3915579,0.0,0.04843739,0.19246867,0.34866947,0.13325815,0.26074046,0.25408688,0.2783186,0.20918036,0.0,0.3675517,0.12985039,0.0,0.32071203,0.37791476,0.45224607,0.0,60,30,mean_std,64,khop_nhip,True
dance_002,D02_P004_T01,P004,train,18.7,76.3,87.4,149.1,6.684173,13.707007199999998,3.365354674548191,21.761835,7.549859,10.0,1.0,0.1,10,4.186588287353516,76.94920194149017,2.0369973,0.7551713,0.5094398,0.28092304,0.70655024,0.91616726,1.4562582,0.13725087,0.9134687,0.022914294,0.8224598,0.0,1.0496433,1.0060076,0.111139014,0.0,0.0,0.50866616,0.0,0.050778173,0.27400547,0.2690109,0.46564516,1.3543047,0.24004237,1.1462983,0.2603235,0.0,0.8166379,0.00643354,0.0,0.92231286,0.23180151,1.2482644,0.0,0.2667854,0.3773475,0.3469445,0.42111382,0.1434902,0.5156302,0.050211668,0.34984824,0.0,0.47601816,0.50835663,0.1597212,0.0,0.0,0.47427833,0.0,0.15233451,0.28169212,0.3219161,0.21872,0.43679938,0.2490285,0.47244462,0.30014,0.0,0.32715866,0.01930062,0.0,0.53007823,0.27849284,0.600126,0.0,60,30,mean_std,64,khop_nhip,True
dance_002,D02_P005_T01,P005,train,31.0,76.8,95.6,173.1,5.554613,11.693579625000002,2.0677896893966237,14.244153,8.174329,8.0,0.0,0.0,8,3.710123300552368,77.49258682131767,-0.96422476,-1.7022371,-0.84732324,0.13327385,0.7483667,0.753077,1.3963243,0.09106216,0.8060514,0.0014274428,0.7488071,0.0,0.9509907,0.78796494,0.048463445,0.0,0.0,0.40534252,0.0,0.0,0.22171256,0.21372089,0.5612906,1.1832458,0.19789264,1.1484599,0.22814296,0.0,0.80509305,0.0,0.0,0.8874684,0.13862818,0.99388665,0.0,0.1616076,0.2997774,0.35069525,0.40151742,0.19084583,0.4262503,0.0037766588,0.20658295,0.0,0.3575263,0.45850858,0.08752053,0.0,0.0,0.30034503,0.0,0.0,0.21587029,0.22668123,0.16050625,0.41604438,0.1556717,0.38686278,0.26260966,0.0,0.22525972,0.0,0.0,0.41316667,0.19620238,0.44746616,0.0,60,30,mean_std,64,khop_nhip,True
dance_002,D02_P006_T01,P006,train,29.1,75.8,77.2,158.1,5.493865,12.087477300000002,3.160658019164555,16.833921,5.743858,10.0,1.0,0.1,10,4.445058345794678,76.32541912794113,1.5725331,2.0447085,1.6788696,0.1772337,0.9010965,1.0538045,1.7500035,0.43957406,1.1981344,0.0010195083,0.99875605,0.0,1.2800714,1.0122677,0.19187155,0.0,0.0,0.49217445,0.0,0.21569733,0.3374878,0.44229785,0.47501674,1.1877073,0.35252088,0.9330381,0.353671,0.0,0.8490138,0.0,0.0,1.097965,0.23228541,1.1520338,0.0,0.21603273,0.22991157,0.34917164,0.2150212,0.45223147,0.52891123,0.003058525,0.532086,0.0,0.28498486,0.44342634,0.31681454,0.0,0.0,0.32491446,0.0,0.3053489,0.32359332,0.39657763,0.22218888,0.35695624,0.22618999,0.44026786,0.23675239,0.0,0.27072144,0.0,0.0,0.26260105,0.30255222,0.41001493,0.0,60,30,mean_std,64,khop_nhip,True
dance_002,D02_P007_T01,P007,train,19.0,76.4,72.3,140.7,8.423492,16.1315833,4.252233667098765,22.097468,7.848014,10.0,0.0,0.0,10,4.897920608520508,75.7940303683281,3.1075544,0.4084239,1.6463531,0.09800547,1.0230446,1.2320585,1.9881508,0.015866239,1.2501799,0.0,1.3778954,0.0,1.5572332,1.1314793,0.010244437,0.0,0.0,0.6464261,0.0,0.0,0.45547324,0.66493595,0.6575099,1.3692954,0.2950419,1.0440993,0.38895828,0.0,0.7730327,0.07250997,0.0,1.1725734,0.41551548,1.0610408,0.0,0.16290814,0.30052358,0.41515177,0.264255,0.047598723,0.5813945,0.0,0.55348825,0.0,0.31941772,0.31305477,0.019167988,0.0,0.0,0.24574032,0.0,0.0,0.36743212,0.53424793,0.06518881,0.21677862,0.29924265,0.37587333,0.24892329,0.0,0.17797408,0.13878848,0.0,0.23070064,0.34508318,0.24889211,0.0,60,30,mean_std,64,khop_nhip,True
dance_002,D02_P008_T01,P008,train,23.4,78.4,90.6,159.9,5.890866,14.369617700000001,3.5840726042170528,21.150923,10.095812,10.0,2.0,0.2,10,4.412907123565674,76.77193415164948,1.9680587,0.35900626,4.0085354,0.30906248,0.9029215,1.0109676,1.6130846,0.08689088,1.3741281,0.014194511,1.002944,0.017567327,1.3316116,0.82307184,0.0683161,0.0,0.0,0.5534969,0.0,0.0,0.16164628,0.2789293,0.6007867,1.2641293,0.08852197,1.2686327,0.2562908,0.0,0.74817324,0.030641967,0.0,1.1630886,0.21813154,1.073189,0.0,0.3578705,0.253449,0.34610826,0.28239915,0.21538089,0.35730636,0.030768456,0.46508715,0.05270198,0.41669628,0.3986308,0.1465579,0.0,0.0,0.53665245,0.0,0.0,0.21295242,0.256943,0.22854047,0.35940787,0.13496733,0.23589022,0.19962524,0.0,0.3182876,0.091925904,0.0,0.34574947,0.35041857,0.47942394,0.0,60,30,mean_std,64,khop_nhip,True
dance_002,D02_P009_T01,P009,train,25.7,76.8,92.5,163.2,6.542311,13.694372699999999,2.735189494336875,18.208819,9.776549,10.0,1.0,0.1,10,4.424371242523193,76.41917610168457,1.1300243,2.2262146,0.9389446,0.1731409,0.83578694,1.1441476,1.624294,0.33309,1.2178859,0.053252727,1.0138075,0.0,1.2275832,0.9858902,0.08227942,0.0,0.0,0.50287604,0.0,0.021281222,0.3812129,0.5139481,0.49170503,1.2200757,0.25905895,1.0560639,0.3461163,0.0,0.8824938,0.0027093966,0.0,1.0931424,0.29734254,1.0848944,0.0,0.21214908,0.16045211,0.4791685,0.18964538,0.3347505,0.53307587,0.15975818,0.57986903,0.0,0.3769947,0.41864654,0.13071296,0.0,0.0,0.28475273,0.0,0.042564787,0.2720812,0.47356033,0.21822426,0.45992,0.25930852,0.4721427,0.2434639,0.0,0.2565403,0.0081281895,0.0,0.36261865,0.3469371,0.3431938,0.0,60,30,mean_std,64,khop_nhip,True
dance_002,D02_P010_T01,P010,train,24.6,78.4,97.6,165.9,6.484907,12.820765699999999,2.7646676123845713,17.325867,9.326746,10.0,1.0,0.1,10,4.578517436981201,76.57986941933632,2.1848295,3.3658826,4.692431,0.27612534,0.7925111,1.2025086,1.5106059,0.20021339,1.3297751,0.035164133,0.9231051,0.0,1.1813408,0.9766537,0.07361241,0.0,0.0,0.49401397,0.0,0.07834025,0.4647309,0.6051015,0.6060319,1.3950514,0.17855845,1.3885134,0.33392477,0.0,0.78798497,0.019720187,0.0,0.86161137,0.30370644,1.2731234,0.0,0.28091455,0.27170813,0.45821035,0.3937167,0.28607553,0.5647288,0.07745384,0.5728604,0.0,0.53300726,0.5285445,0.15735823,0.0,0.0,0.43270764,0.0,0.13184561,0.30058986,0.4104877,0.14768727,0.38796115,0.15020587,0.38486153,0.3192964,0.0,0.20249084,0.059160564,0.0,0.39776823,0.35152617,0.38014558,0.0,60,30,mean_std,64,khop_nhip,True
dance_002,D02_P011_T01,P011,train,26.3,73.9,80.2,153.9,5.811955,13.466260600000002,3.3584400095155553,17.834384,7.364367,10.0,0.0,0.0,10,4.497068405151367,76.93355041742325,1.6781857,1.9249116,1.5243975,0.4031312,0.80799377,1.0490931,1.6267335,0.15108386,0.9573971,0.00032489002,1.0531777,0.0,1.1386566,1.0140874,0.03725494,0.0,0.0,0.6562405,0.0,0.06298354,0.17035857,0.16830893,0.52698123,1.3515766,0.15258399,1.3164591,0.19210167,0.0,0.8190123,0.0,0.0,0.80021733,0.24006271,1.37982,0.0,0.3352685,0.39752316,0.39316228,0.5035177,0.29738265,0.54895216,0.00097467,0.4916605,0.0,0.49349275,0.6712428,0.0573592,0.0,0.0,0.4799083,0.0,0.09475312,0.23538938,0.1963426,0.38133568,0.33142638,0.15389188,0.31619525,0.23180532,0.0,0.24378546,0.0,0.0,0.4597454,0.261084,0.71541476,0.0,60,30,mean_std,64,khop_nhip,True
dance_002,D02_P012_T01,P012,train,21.0,72.4,68.4,137.7,7.103329,16.6116038,4.4136424872616,24.379268,10.017194,10.0,1.0,0.1,10,5.4354753494262695,75.01748365163803,3.4089677,0.18431096,2.8384964,0.19007726,1.1521815,1.4079387,2.166761,0.053068556,1.661795,0.028852046,1.4125626,0.0,1.7431538,1.2556198,0.07096964,0.0,0.0,0.8637165,0.0,0.0,0.5479897,0.78073585,0.7090976,1.4891934,0.31269854,1.0268588,0.58413625,0.0,0.8458773,0.018029712,0.0,1.3824655,0.4558394,1.1919606,0.0,0.24830796,0.2840056,0.32448265,0.24483769,0.13441388,0.45574507,0.08655613,0.47829142,0.0,0.22015645,0.29229093,0.10453024,0.0,0.0,0.2530497,0.0,0.0,0.38021734,0.44272393,0.14853992,0.15541466,0.2208099,0.44981462,0.25937852,0.0,0.1442024,0.043522503,0.0,0.36994925,0.26884875,0.28639102,0.0,60,30,mean_std,64,khop_nhip,True
dance_002,D02_P013_T01,P013,train,17.4,74.7,92.8,148.8,6.555481,15.2299136,3.2074617587031087,18.796367,9.056604,10.0,0.0,0.0,10,5.002620220184326,75.68830373883247,3.2510374,2.277882,3.4134867,0.2661095,1.0541855,1.4115205,1.7531166,0.050140046,1.5355628,0.038632095,1.0712626,0.0,1.6329272,1.0092456,0.11371429,0.0,0.0,0.7365697,0.0,0.009262432,0.36981356,0.53814274,0.4177695,1.590403,0.10072104,1.0796472,0.24710107,0.0,0.664909,0.04453681,0.0,1.2885303,0.31044483,1.4372475,0.0,0.23134094,0.18070059,0.2923639,0.2617721,0.1440816,0.2785887,0.088449284,0.5373222,0.0,0.2773021,0.36286345,0.18528381,0.0,0.0,0.5030134,0.0,0.027787292,0.3659534,0.32287827,0.30233863,0.2709937,0.19885783,0.3246317,0.23988669,0.0,0.32929724,0.09712695,0.0,0.33121312,0.3423578,0.559033,0.0,60,30,mean_std,64,khop_nhip,True
dance_002,D02_P014_T01,P014,train,31.3,78.7,92.8,173.4,5.582118,12.7530885,3.9746453913689512,19.735518,6.274153,10.0,1.0,0.1,10,4.667675495147705,76.46197244524956,2.9733377,0.7398268,-1.0696293,0.2302568,0.90160525,1.1243804,1.6728827,0.07473667,1.3343787,0.04068656,1.1038163,0.0038239807,1.4212083,0.96053934,0.13431242,0.0,0.0,0.4128065,0.0,0.0,0.26779884,0.49282318,0.6390064,1.3677175,0.20273486,1.2389485,0.22815175,0.0,0.74715364,0.0,0.0,1.0419393,0.33806008,1.2619894,0.0,0.25210837,0.34434497,0.41882393,0.46305344,0.11473792,0.576313,0.09749193,0.64425826,0.011471941,0.43702796,0.39005166,0.26446593,0.0,0.0,0.2835663,0.0,0.0,0.21931645,0.30675063,0.24554664,0.26982144,0.2125719,0.5600873,0.28508154,0.0,0.24512258,0.0,0.0,0.41987565,0.4200017,0.43032914,0.0,60,30,mean_std,64,khop_nhip,True
dance_002,D02_P015_T01,P015,train,22.5,74.1,93.4,156.6,6.19608,12.4371881,3.5071311922718964,19.196173,7.498097,10.0,1.0,0.1,10,4.457430839538574,76.48675090074539,3.2897754,0.09745247,-0.8627677,0.15853631,0.84639204,1.0879363,1.6169384,0.21639283,1.0801272,0.0,0.9055704,0.0,1.31475,1.002969,0.1211936,0.0,0.0,0.52177405,0.0,0.048874196,0.23184629,0.3731494,0.6155356,1.4680774,0.3378455,0.93713343,0.26504678,0.0,0.8110126,0.049138047,0.0,1.0740967,0.25854522,1.1833906,0.0,0.2705703,0.3902722,0.39372784,0.26107752,0.28819776,0.5303043,0.0,0.54986775,0.0,0.43681422,0.45111614,0.26428133,0.0,0.0,0.3991516,0.0,0.09793164,0.21889935,0.2902852,0.17901474,0.37458122,0.26303807,0.44148603,0.26696888,0.0,0.4098129,0.14741413,0.0,0.4493746,0.2504658,0.5984827,0.0,60,30,mean_std,64,khop_nhip,True
dance_002,D02_P016_T01,P016,val,18.4,75.2,89.6,149.1,5.814602,14.742653900000002,2.2122768382364115,18.695409,11.830669,10.0,1.0,0.1,10,4.2234883308410645,76.95816567540169,1.5792627,1.2841617,-1.0591711,0.17680833,0.78399783,0.98155963,1.5236157,0.2467163,0.8907787,0.08149741,0.9311433,0.014459151,1.0910457,0.94346297,0.1632305,0.0,0.0,0.31761882,0.0,0.0,0.22036986,0.32636148,0.50170606,1.4017023,0.31181344,1.1308131,0.14564642,0.0,0.7827997,0.0,0.0,0.8733945,0.34504408,1.2434003,0.0,0.20501295,0.27678025,0.3667173,0.4095021,0.24903275,0.6167396,0.19489253,0.55992013,0.043377455,0.32274655,0.53961813,0.33338165,0.0,0.0,0.15408407,0.0,0.0,0.16359395,0.37541324,0.23927261,0.2594154,0.22383463,0.46360782,0.18185017,0.0,0.3311477,0.0,0.0,0.25076646,0.35003695,0.72743297,0.0,60,30,mean_std,64,khop_nhip,True
dance_002,D02_P017_T01,P017,train,23.3,75.9,72.9,147.0,6.665492,14.132342600000001,3.323822934368954,23.371988,11.360771,10.0,1.0,0.1,10,4.176105976104736,77.14896342158318,-0.22427852,1.6066105,-0.18789488,0.21104307,0.84227115,0.8341069,1.5170534,0.1480842,1.0179514,0.057136904,0.9321405,0.0019010514,1.0621858,0.9313284,0.13309622,0.0,0.0,0.41814047,0.0,0.0,0.2926075,0.38239655,0.59931576,1.3572657,0.2792166,1.2982587,0.12927708,0.0,0.97680473,0.0,0.0,0.8136346,0.102450766,1.217572,0.0,0.30503723,0.18979451,0.389776,0.33932588,0.22723131,0.4780519,0.118949205,0.5447376,0.005703154,0.42164984,0.328918,0.17099532,0.0,0.0,0.35555902,0.0,0.0,0.2737874,0.3446104,0.18476325,0.24237469,0.19862813,0.32090852,0.12506437,0.0,0.27942625,0.0,0.0,0.18760338,0.26788235,0.43496317,0.0,60,30,mean_std,64,khop_nhip,True
dance_002,D02_P018_T01,P018,val,21.0,75.1,80.3,147.3,6.531462,15.300545999999997,4.3900364657183655,22.25136,6.10633,10.0,1.0,0.1,10,4.190145969390869,76.84974628686905,0.12345159,2.1402056,0.801831,0.24723773,0.73492426,1.0382428,1.5703382,0.15828869,1.1675075,0.041028365,1.1190479,0.0,1.1388305,0.87649786,0.021343961,0.0,0.0,0.47592768,0.0,0.030595386,0.3577842,0.4452858,0.5452091,1.2695515,0.18288624,1.2138268,0.2743098,0.0,0.8829447,0.060549814,0.0,0.9497957,0.24586663,0.91591275,0.0,0.22030374,0.26819348,0.3641344,0.20442565,0.27541876,0.3682994,0.1230851,0.4467158,0.0,0.42570677,0.36212972,0.064031884,0.0,0.0,0.3266152,0.0,0.09178615,0.26471332,0.37960872,0.13936888,0.33557957,0.14682052,0.32066718,0.22071545,0.0,0.32634756,0.14175183,0.0,0.33932576,0.27529746,0.29234335,0.0,60,30,mean_std,64,khop_nhip,True
dance_002,D02_P019_T01,P019,train,36.8,76.8,78.7,171.6,5.253023,13.5304722,4.041345474006963,20.8926,7.456447,10.0,1.0,0.1,10,4.2259016036987305,77.06936383247375,0.13453774,2.195641,0.34065977,0.27445853,0.73723924,1.0660766,1.497431,0.06865974,1.1638982,0.028045818,1.0170658,0.0,1.1412991,0.9076544,0.015891904,0.0,0.0,0.37843618,0.0,0.03419275,0.2746794,0.2978597,0.48786837,1.2700845,0.05631429,1.3182881,0.16681334,0.0,0.8260654,0.0,0.0,0.86616945,0.27433828,1.0980793,0.0,0.25992277,0.3024436,0.39721647,0.4401245,0.08669428,0.39423487,0.056664012,0.6015622,0.0,0.45534936,0.54705244,0.03209022,0.0,0.0,0.26448768,0.0,0.086906366,0.21340512,0.23483066,0.29989693,0.18374729,0.09422744,0.39547527,0.19433568,0.0,0.24561843,0.0,0.0,0.34476712,0.39010668,0.5608934,0.0,60,30,mean_std,64,khop_nhip,True
dance_002,D02_P020_T01,P020,train,16.2,77.4,95.9,151.5,6.659226,14.288140000000002,4.1673025304589775,20.55052,6.236431,10.0,1.0,0.1,10,4.269311904907227,76.70040181279182,2.6907146,0.6636292,0.9481556,0.14824767,0.8752972,0.9249455,1.5234436,0.31781456,0.94459087,0.017466787,0.9665682,0.0,1.1959738,1.0380641,0.13432398,0.0,0.0,0.43817282,0.0,0.08479147,0.2062091,0.2891707,0.4850677,1.2704031,0.37561294,0.9003166,0.2799341,0.0,0.84202784,0.04793852,0.0,1.0701461,0.19833806,1.0935867,0.0,0.20423627,0.3954869,0.41502243,0.36420977,0.2813965,0.7126866,0.052400365,0.4934038,0.0,0.52594084,0.4835646,0.2820465,0.0,0.0,0.3759786,0.0,0.1601435,0.15402517,0.29100642,0.11215712,0.46051994,0.19459562,0.42419773,0.28467083,0.0,0.37753895,0.14381556,0.0,0.47979105,0.2156257,0.5892459,0.0,60,30,mean_std,64,khop_nhip,True
dance_003,D03_P002_T01,P002,val,17.2,73.2,69.1,132.9,7.388533,14.662371307692306,3.28646457160837,22.144158,9.514489,13.0,1.0,0.07692307692307693,13,4.609321117401123,76.30454197525978,1.421238,0.6925663,-0.62178075,0.1728109,0.8806485,1.1896402,1.918503,0.032474343,1.1585178,0.0,1.2763736,0.0,1.3915703,1.0504283,0.019361107,0.0,0.0,0.66908777,0.0,0.0,0.44545004,0.54940826,0.6804034,1.3220265,0.2179639,1.1997896,0.275694,0.0,0.7034751,0.052030582,0.0,0.92930996,0.33912235,1.1578399,0.0,0.19039692,0.2971145,0.39246938,0.312263,0.1010116,0.41564018,0.0,0.46874127,0.0,0.3892553,0.39133915,0.034543667,0.0,0.0,0.3371548,0.0,0.0,0.29576245,0.3392727,0.10495951,0.15134889,0.16070652,0.18187681,0.18093897,0.0,0.30990288,0.10405943,0.0,0.1509172,0.18800671,0.31947425,0.0,60,30,mean_std,64,khop_nhip,True
dance_003,D03_P003_T01,P003,train,36.3,78.5,97.9,183.9,5.491165,10.101646461538463,1.7642336569776438,13.822398,8.131758,13.0,1.0,0.07692307692307693,13,3.837380886077881,77.77352142333984,-1.237846,3.1212952,-3.7673876,0.2970672,0.48757234,0.91041684,1.3652859,0.2895594,0.83720136,0.028610865,0.7815231,0.0,0.8612849,0.6946328,0.04255422,0.0,0.0,0.43643525,0.0,0.15009566,0.33631676,0.20976345,0.59209144,1.3554413,0.23038247,1.5291591,0.13230047,0.0,0.7780621,0.047398627,0.0,0.50205404,0.24248227,1.061163,0.0,0.18363857,0.25831932,0.35973066,0.27916038,0.3033996,0.37340158,0.062129147,0.3572636,0.0,0.34574622,0.37197766,0.12754346,0.0,0.0,0.42307746,0.0,0.28731552,0.26996028,0.2618196,0.27525395,0.24666376,0.19951867,0.33922747,0.20473638,0.0,0.31328422,0.13614537,0.0,0.29549783,0.2328955,0.36501917,0.0,60,30,mean_std,64,khop_nhip,True
dance_003,D03_P004_T01,P004,train,43.0,78.8,86.4,187.5,5.373071,11.980442454545454,2.507324296863794,17.474275,8.054728,11.0,1.0,0.09090909090909091,11,3.689753293991089,77.71473172307014,-2.8829484,-0.39947757,-2.3289325,0.20186092,0.51066446,0.8009573,1.3190713,0.08128513,1.0526432,0.0,0.6379631,0.0,0.67766565,0.7021713,0.061651804,0.0,0.0,0.40206137,0.0,0.09979511,0.39339435,0.28741834,0.5884436,1.428312,0.2103623,1.3599402,0.13687631,0.0,0.9467258,0.0,0.0,0.6117684,0.102605134,1.1029252,0.0,0.16164877,0.26423866,0.20879401,0.16921777,0.14032541,0.33101454,0.0,0.33008096,0.0,0.2907805,0.19967636,0.07995381,0.0,0.0,0.25685766,0.0,0.17234269,0.33718815,0.21227738,0.12316471,0.27971146,0.21240394,0.31645447,0.19092137,0.0,0.24356033,0.0,0.0,0.25640386,0.13100345,0.19816677,0.0,60,30,mean_std,64,khop_nhip,True
dance_003,D03_P005_T01,P005,train,30.6,76.9,97.1,173.4,6.305287,11.60567475,1.1833442118987132,13.98322,9.890648,8.0,1.0,0.125,8,4.054680824279785,77.34087598323822,-1.51097,2.5709553,-1.0247902,0.10506448,0.60464555,0.9436258,1.5250638,0.17031923,1.0750653,0.026390463,0.99782485,0.0,0.83897966,0.7959782,0.021764271,0.0,0.0,0.34092623,0.0,0.13575613,0.7255597,0.52749544,0.66321886,1.2378272,0.2964722,1.4041363,0.2829645,0.0,1.103613,0.017016191,0.0,0.58808726,0.13373818,0.87488604,0.0,0.13137206,0.24019061,0.35489494,0.2904988,0.14972867,0.3277789,0.06576959,0.41338345,0.0,0.3678651,0.40922573,0.057582848,0.0,0.0,0.2988001,0.0,0.2058077,0.42672715,0.45509395,0.15488163,0.22324298,0.10038203,0.3361184,0.21238104,0.0,0.27033094,0.04502061,0.0,0.25057676,0.1659944,0.32457164,0.0,60,30,mean_std,64,khop_nhip,True
dance_003,D03_P006_T01,P006,train,42.5,80.8,94.5,193.2,5.617807,10.10014146153846,1.394614418330392,12.349719,7.511935,13.0,1.0,0.07692307692307693,13,3.730853319168091,78.02820548415184,-1.7206334,1.2405815,-1.938991,0.22027609,0.5422399,0.70890045,1.286379,0.114584975,0.8495799,0.014886842,0.66402733,0.0,0.770038,0.66718954,0.043904837,0.0,0.0,0.3912092,0.0,0.06608871,0.3212978,0.26991764,0.6989995,1.2380201,0.17635474,1.5172278,0.121514924,0.0,0.9279573,0.013333052,0.0,0.49761742,0.17167217,1.1147215,0.0,0.19877501,0.3413208,0.3798048,0.3340377,0.18330005,0.26945078,0.03875627,0.3447317,0.0,0.5507935,0.32141578,0.09300507,0.0,0.0,0.33774891,0.0,0.13620175,0.34256306,0.27381358,0.2718444,0.23335136,0.14239445,0.36460376,0.17678964,0.0,0.29615065,0.046187054,0.0,0.3065937,0.2161995,0.4445472,0.0,60,30,mean_std,64,khop_nhip,True
dance_003,D03_P008_T01,P008,train,13.2,76.0,98.8,147.6,5.643716,12.537317384615385,1.987174329193806,16.773831,8.786959,13.0,1.0,0.07692307692307693,13,4.586272239685059,76.05752930045128,0.17417993,2.4742541,-1.5247148,0.16659139,1.0457737,1.3080902,1.5080491,0.2275835,1.5457517,0.05842596,1.1275543,0.0,1.3784022,0.9397523,0.031323478,0.0,0.0,0.45541683,0.0,0.12910488,0.40330842,0.6589301,0.45802134,1.302922,0.06540847,1.0952629,0.47488153,0.0,0.8979539,0.026303776,0.0,1.2165992,0.22808692,1.0527226,0.0,0.15929732,0.3138585,0.3439437,0.2664001,0.31212804,0.32345322,0.099147275,0.22065082,0.0,0.39568782,0.25311604,0.07295513,0.0,0.0,0.34971997,0.0,0.2051541,0.23613358,0.37505075,0.26567668,0.36656377,0.09594585,0.24924931,0.29179507,0.0,0.14394963,0.091118954,0.0,0.26159996,0.27345392,0.3576583,0.0,60,30,mean_std,64,khop_nhip,True
dance_003,D03_P009_T01,P009,train,29.4,75.5,84.0,162.6,6.448119,12.204121307692306,2.281597167646464,18.887846,9.517897,13.0,1.0,0.07692307692307693,13,3.8486900329589844,77.50543421506882,-2.7368915,1.9773216,-1.1147974,0.14885888,0.5926616,0.8117868,1.3891898,0.3790749,0.97706974,0.017903946,0.87599254,0.0,0.7756049,0.7906058,0.00058942003,0.0,0.0,0.39415836,0.0,0.2057213,0.3663461,0.22514436,0.622282,1.2241399,0.29596466,1.3390692,0.27800643,0.0,0.99295205,0.0,0.0,0.75290686,0.14374481,0.95995176,0.0,0.1444698,0.29980546,0.23195273,0.27706245,0.48469785,0.25640637,0.061994344,0.40143248,0.0,0.3600906,0.25313887,0.002041811,0.0,0.0,0.30400637,0.0,0.33834228,0.30267906,0.29120764,0.26596442,0.3738845,0.21144296,0.34100944,0.26249778,0.0,0.25262702,0.0,0.0,0.33700255,0.1593225,0.33003914,0.0,60,30,mean_std,64,khop_nhip,True
dance_003,D03_P010_T01,P010,train,34.4,73.2,83.9,167.7,5.652191,11.316750272727273,2.043788650695525,15.446566,8.34149,11.0,1.0,0.09090909090909091,11,5.280947208404541,75.60710084438324,5.007481,0.95015556,2.224211,0.19601952,1.0032518,1.3708898,1.8971871,0.121876925,1.5830919,0.0,1.1887625,0.0,1.5292698,1.1129825,0.096976094,0.0,0.0,0.62329125,0.0,0.0610612,0.5478399,0.7644341,0.832827,1.6891004,0.31527984,1.1342915,0.3406336,0.0,0.6768498,0.02594567,0.0,1.0311611,0.4062064,1.5528634,0.0,0.19283102,0.46448523,0.43788305,0.28974855,0.27524298,0.45735854,0.0,0.40079382,0.0,0.68256736,0.41848922,0.2369743,0.0,0.0,0.3861376,0.0,0.1320738,0.42614993,0.41688612,0.20952772,0.60958606,0.25627148,0.40060556,0.25093308,0.0,0.30567095,0.055764504,0.0,0.44986632,0.18533017,0.43438852,0.0,60,30,mean_std,64,khop_nhip,True
dance_003,D03_P011_T01,P011,train,42.5,78.5,74.8,179.4,5.734666,10.159668,1.2550249167172307,12.110996,8.255721,11.0,1.0,0.09090909090909091,11,3.572279930114746,78.2343338727951,-3.1889246,0.15830128,-2.678798,0.2214749,0.42625675,0.64225143,1.3383867,0.14022599,0.8650084,0.0,0.80811363,0.0,0.678904,0.54498535,0.014402716,0.0,0.0,0.35926655,0.0,0.027015347,0.45608407,0.17598294,0.8192188,1.1578025,0.2155237,1.4840611,0.1924614,0.0,0.9802023,0.0,0.0,0.47483322,0.15398607,0.8781424,0.0,0.19017354,0.26451325,0.31254426,0.31102645,0.19770655,0.3055404,0.0,0.35452893,0.0,0.38149068,0.30792645,0.045545388,0.0,0.0,0.29590827,0.0,0.072628185,0.3201532,0.20669292,0.1830741,0.24340546,0.14195098,0.2541998,0.18081234,0.0,0.23940174,0.0,0.0,0.2408255,0.19378975,0.3128652,0.0,60,30,mean_std,64,khop_nhip,True
dance_003,D03_P012_T01,P012,train,25.7,73.0,72.9,147.9,5.554076,11.007894461538463,1.539416013352447,14.197145,8.276488,13.0,1.0,0.07692307692307693,13,4.626931667327881,76.27950769662857,1.3672909,-0.90683943,0.19337195,0.096471325,0.85194135,1.1404788,1.9025369,0.0008925635,1.3892083,0.035613164,1.226576,0.0,1.3489063,0.9613582,0.097731404,0.0,0.0,0.6205506,0.0,0.017016456,0.51788354,0.525034,0.79705215,1.3451066,0.31784132,1.1623515,0.40505028,0.0,0.80485445,0.0024051615,0.0,1.0148133,0.27027,1.0259461,0.0,0.10992079,0.31255403,0.2837038,0.2662849,0.0030919306,0.2416873,0.123367615,0.3668702,0.0,0.4073714,0.3073585,0.14512254,0.0,0.0,0.25528088,0.0,0.040455706,0.2996657,0.39766514,0.123009376,0.28105977,0.22370012,0.375126,0.2703987,0.0,0.34072965,0.008331724,0.0,0.33755785,0.20007764,0.2776061,0.0,60,30,mean_std,64,khop_nhip,True
dance_003,D03_P013_T01,P013,train,43.5,78.8,98.4,195.3,5.635727,9.910735999999998,1.4770362363526914,12.673733,7.681683,13.0,1.0,0.07692307692307693,13,3.9221014976501465,77.69643265008926,-1.6807597,-0.512784,-3.5549102,0.23982988,0.69310296,0.69672847,1.4685069,0.017500736,0.958537,0.0,0.71026045,0.0,0.90340114,0.7320181,0.018366681,0.0,0.0,0.49344227,0.0,0.09301322,0.18884756,0.13561797,0.71162045,1.3646406,0.2657286,1.4432719,0.1431027,0.0,0.94148415,0.0007838491,0.0,0.6841724,0.1461147,1.2605054,0.0,0.2227753,0.35419264,0.34374756,0.29444945,0.06062432,0.3330569,0.0,0.36562896,0.0,0.33027267,0.2169283,0.045840543,0.0,0.0,0.22588485,0.0,0.15642813,0.29210338,0.22670466,0.254209,0.23530547,0.22970542,0.33087158,0.1668684,0.0,0.29864404,0.0027153327,0.0,0.2774716,0.22554597,0.29605147,0.0,60,30,mean_std,64,khop_nhip,True
dance_003,D03_P014_T01,P014,train,43.0,77.2,91.9,189.0,5.224482,10.106852846153846,1.514771122378602,13.785986,8.051769,13.0,1.0,0.07692307692307693,13,4.2066755294799805,77.1567605137825,-0.52422255,0.17891125,-1.153268,0.16966335,0.67652553,0.88366246,1.4692432,0.08109056,1.1527413,0.0,0.7942331,0.0,0.92938393,0.87021184,0.06671402,0.0,0.0,0.38400084,0.0,0.12001986,0.41310877,0.386908,0.7260835,1.53866,0.27046347,1.3356096,0.20120631,0.0,1.0704124,0.0,0.0,0.73786515,0.1473676,1.2908165,0.0,0.1777864,0.31007615,0.30101624,0.30562136,0.14891611,0.31650463,0.0,0.33685455,0.0,0.46174598,0.43638805,0.15287791,0.0,0.0,0.33349288,0.0,0.15813501,0.3622144,0.33778697,0.24251744,0.25601685,0.19040051,0.45435804,0.17747952,0.0,0.18500835,0.0,0.0,0.2490551,0.17388546,0.38044095,0.0,60,30,mean_std,64,khop_nhip,True
dance_003,D03_P015_T01,P015,train,41.0,78.7,88.6,185.4,5.944463,10.490420153846156,1.4622976935624739,13.523419,8.364797,13.0,1.0,0.07692307692307693,13,3.615743637084961,78.06298530101776,-2.1026797,1.0674459,-0.5362013,0.21409193,0.47936028,0.73361194,1.2658843,0.15014301,0.8620872,0.0,0.6900685,0.0,0.7005686,0.6492034,0.04290178,0.0,0.0,0.28515422,0.0,0.05178579,0.32806602,0.20974217,0.6342557,1.2181714,0.25185966,1.4642899,0.13272223,0.0,0.91863275,0.008690849,0.0,0.56003374,0.16725074,1.05999,0.0,0.21989632,0.25131008,0.4111352,0.35214034,0.24162641,0.32491237,0.0,0.43145964,0.0,0.41527656,0.33107856,0.088983074,0.0,0.0,0.3537652,0.0,0.09861873,0.2744284,0.24709973,0.23408954,0.1783544,0.19673972,0.23976167,0.20069434,0.0,0.3099846,0.022364082,0.0,0.21515019,0.27958953,0.29172304,0.0,60,30,mean_std,64,khop_nhip,True
dance_003,D03_P016_T01,P016,val,38.4,75.2,93.1,181.2,6.143894,11.75810869230769,1.6248486972154281,14.253053,8.851302,13.0,2.0,0.15384615384615385,13,4.538594722747803,76.75441578030586,1.1620215,2.781274,-0.99804676,0.30935016,0.67393863,1.0406955,1.6238079,0.2827668,1.0784161,0.010460148,0.8474719,0.0,1.1945271,1.0043371,0.16593584,0.0,0.0,0.5028102,0.0,0.23356655,0.31588048,0.2761398,0.61992824,1.6887126,0.35098302,1.2283523,0.0793223,0.0,0.7257261,0.0,0.0,0.70319515,0.19124587,1.548677,0.0,0.21209428,0.31585953,0.3853385,0.3008498,0.48283854,0.5719428,0.036235016,0.3415574,0.0,0.58264905,0.40256795,0.19733636,0.0,0.0,0.29521927,0.0,0.3847843,0.35984427,0.33482152,0.24762909,0.49535793,0.2597164,0.42521673,0.1257946,0.0,0.28902084,0.0,0.0,0.34706855,0.1421575,0.46539193,0.0,60,30,mean_std,64,khop_nhip,True
dance_003,D03_P017_T01,P017,train,42.1,76.7,98.4,191.1,5.412791,10.37093223076923,1.4187405306874312,12.858746,8.324433,13.0,1.0,0.07692307692307693,13,3.8126440048217773,77.70804393291473,-2.2524934,0.58015025,-3.2984354,0.23081447,0.654652,0.6185198,1.3710452,0.059200093,0.9927607,0.032833025,0.79041415,0.0,0.83857083,0.69274086,0.028942794,0.0,0.0,0.40430468,0.0,0.11773419,0.2562117,0.19751857,0.7455943,1.357165,0.2662214,1.3827322,0.121320695,0.0,0.9234143,0.0,0.0,0.7279386,0.15508448,1.1735113,0.0,0.2064735,0.23227876,0.27406263,0.27343726,0.12813424,0.31287318,0.11283803,0.3406105,0.0,0.38817468,0.27211988,0.05901804,0.0,0.0,0.33874393,0.0,0.16412722,0.2225594,0.22005874,0.18061419,0.20943826,0.18741971,0.3238779,0.1699637,0.0,0.32413486,0.0,0.0,0.22946908,0.21570353,0.3537239,0.0,60,30,mean_std,64,khop_nhip,True
dance_003,D03_P018_T01,P018,val,43.5,77.9,99.3,195.0,5.963017,10.56877176923077,1.2814237038796492,13.339072,8.391305,13.0,1.0,0.07692307692307693,13,4.190615177154541,77.18020471930504,-0.5752724,-0.47084183,-2.4359872,0.12260662,0.7082075,0.90921885,1.4659729,0.070551366,1.2463892,0.0019312134,0.80643946,0.0,1.006708,0.73162246,0.012346951,0.0,0.0,0.4046291,0.0,0.17214513,0.30350775,0.2640082,0.76087487,1.4457084,0.33599675,1.3705571,0.3720724,0.0,1.0526692,0.0,0.0,0.84298694,0.17544256,1.1201545,0.0,0.13715419,0.40403822,0.2624901,0.3581787,0.14709054,0.40503132,0.00668992,0.41611302,0.0,0.45489377,0.26511985,0.03039123,0.0,0.0,0.25572082,0.0,0.20411408,0.31960526,0.29918098,0.17427441,0.31645578,0.27835828,0.33843902,0.34173587,0.0,0.28872448,0.0,0.0,0.33991137,0.17292541,0.26437914,0.0,60,30,mean_std,64,khop_nhip,True
dance_003,D03_P019_T01,P019,train,48.9,78.6,77.3,190.5,4.794204,10.563646615384615,1.4751228071222535,11.986571,7.17424,13.0,0.0,0.0,13,3.5451231002807617,78.06328302621841,-2.754459,0.6033459,-3.4358711,0.18975276,0.49574912,0.5285533,1.2644866,0.14225222,0.9550781,0.020058407,0.6920197,0.0,0.6549108,0.57919776,0.03350305,0.0,0.0,0.28571033,0.0,0.084137835,0.37767646,0.23314403,0.76491696,1.2221973,0.25903204,1.3103503,0.1384825,0.0,0.9607108,0.0,0.0,0.5794599,0.08563469,1.0459416,0.0,0.18255614,0.28080443,0.2840695,0.25090933,0.19206949,0.29199868,0.049605634,0.38377604,0.0,0.41912028,0.3186265,0.081277646,0.0,0.0,0.28812125,0.0,0.16667672,0.3540523,0.27098143,0.19035,0.26488346,0.229151,0.32117245,0.18375541,0.0,0.26536465,0.0,0.0,0.29660445,0.17421311,0.31150156,0.0,60,30,mean_std,64,khop_nhip,True
dance_003,D03_P020_T01,P020,train,37.4,77.9,95.0,183.0,6.147511,11.169056692307693,1.703708530840765,14.540663,8.445062,13.0,1.0,0.07692307692307693,13,3.849590539932251,77.60824754834175,-1.6156554,-0.02853066,-1.3668914,0.13504583,0.6663501,0.82061714,1.4416397,0.2207598,0.8572147,0.0033312563,0.76020825,0.0,0.8199397,0.73811173,0.0052192532,0.0,0.0,0.43355906,0.0,0.057844914,0.2832544,0.24047858,0.5954603,1.2172635,0.2885358,1.4060414,0.26910198,0.0,0.93135667,0.0,0.0,0.7311895,0.18068837,1.1262962,0.0,0.13765754,0.3371027,0.37866983,0.26736128,0.33073422,0.4350791,0.011539811,0.32262397,0.0,0.44981197,0.29012102,0.012544863,0.0,0.0,0.29407787,0.0,0.1263201,0.23020424,0.26095766,0.26238677,0.31143194,0.2777524,0.26614857,0.27125177,0.0,0.36089188,0.0,0.0,0.22243257,0.21090022,0.3911895,0.0,60,30,mean_std,64,khop_nhip,True
dance_004,D04_P002_T01,P002,val,24.7,74.4,72.1,147.3,5.749235,12.559941727272724,2.3207960212108683,16.782659,8.204863,11.0,1.0,0.09090909090909091,11,6.621960639953613,73.56208708882332,9.584038,-2.758317,5.500582,0.1422166,1.7653946,1.7913985,2.1353254,0.0,2.0823328,0.0,1.4129251,0.0,2.3135886,1.5917922,0.17072922,0.0,0.0,1.177822,0.0,0.0,0.33843777,1.1504064,0.86893964,1.8430603,0.30518553,0.7185,0.8301802,0.0,0.6095105,0.032441337,0.0,1.8592159,0.4561755,1.8097062,0.0,0.21546781,0.6289668,0.42243803,0.3079488,0.0,0.38976786,0.0,0.3107843,0.0,0.4801743,0.2704767,0.19521977,0.0,0.0,0.43653032,0.0,0.0,0.27831125,0.36965802,0.2806926,0.31335378,0.31891882,0.39799193,0.60516584,0.0,0.45414257,0.073040344,0.0,0.44460762,0.30210614,0.3072731,0.0,60,30,mean_std,64,khop_nhip,True
dance_004,D04_P003_T01,P003,train,22.3,69.4,97.2,154.2,5.386393,12.775657500000001,3.28296715761168,21.331086,10.055945,12.0,1.0,0.08333333333333333,12,6.610418796539307,73.60270231962204,11.430924,-3.894114,6.423675,0.16904718,1.7094792,1.6587998,2.081843,0.02451823,1.7851483,0.0,1.4727446,0.027513927,2.1993625,1.7517375,0.24863338,0.0,0.0,1.1402992,0.0,0.06700587,0.29646474,0.9049456,0.5877997,1.9474424,0.48875654,0.59793264,0.8969113,0.0,0.8693809,0.0,0.0,1.7097691,0.5130989,2.0798984,0.0,0.17992283,0.6351542,0.3296811,0.33303028,0.081317775,0.46789402,0.0,0.2202806,0.09125337,0.6187079,0.5490209,0.3616591,0.0,0.0,0.49362376,0.0,0.15113172,0.36474264,0.35230199,0.22194941,0.6198105,0.38578096,0.49965438,0.60820144,0.0,0.31040207,0.0,0.0,0.4094471,0.3513379,0.6721524,0.0,60,30,mean_std,64,khop_nhip,True
dance_004,D04_P004_T01,P004,train,29.7,75.4,93.6,168.6,5.780335,11.516007875,1.3678768750025931,13.397585,9.011493,8.0,0.0,0.0,8,6.030581474304199,74.14135336875916,7.233279,-3.043782,5.8772206,0.1909951,1.6838763,1.6099225,1.8586823,0.0,1.6134219,0.0,0.95475864,0.0,2.084076,1.3128934,0.090297505,0.0,0.0,1.0975114,0.0,0.08251947,0.12533848,0.7269603,0.683594,1.9393586,0.52708995,0.4775262,0.9454957,0.005077038,0.8778335,0.018599223,0.0,1.8575803,0.47817472,1.8473375,0.0,0.1920874,0.5091954,0.19991519,0.22901839,0.0,0.36873248,0.0,0.2920674,0.0,0.3376753,0.17583725,0.15916437,0.0,0.0,0.34365132,0.0,0.218326,0.18923934,0.36003214,0.2545974,0.4855324,0.4234106,0.24294707,0.5311706,0.01343258,0.5468204,0.049208913,0.0,0.3035482,0.26342073,0.4662882,0.0,60,30,mean_std,64,khop_nhip,True
dance_004,D04_P005_T01,P005,train,35.3,77.4,96.9,180.6,5.858641,10.834340875,1.3830355936991858,13.544808,8.762363,8.0,1.0,0.125,8,5.9282732009887695,74.54647025465965,7.766439,-3.6265142,4.237756,0.1304976,1.5137972,1.6941402,1.9470372,0.0,1.4414649,0.0,1.0691018,0.0,2.0202909,1.4069062,0.12927681,0.0,0.0,1.1211333,0.0,0.0,0.17524475,0.6738312,0.79741544,1.9002583,0.3255349,0.6544156,0.8180709,0.0,0.7132969,0.0033157482,0.0,1.4237484,0.6225953,1.8776315,0.0,0.15295975,0.46799913,0.48908728,0.33010924,0.0,0.4783237,0.0,0.23171072,0.0,0.57031447,0.3587192,0.18239163,0.0,0.0,0.43378562,0.0,0.0,0.1728179,0.35734427,0.19001327,0.4191561,0.32532495,0.4761924,0.48697844,0.0,0.40722945,0.008772646,0.0,0.39225718,0.26697028,0.5972051,0.0,60,30,mean_std,64,khop_nhip,True
dance_004,D04_P006_T01,P006,train,24.7,77.1,96.3,164.1,5.958942,11.810746,1.787473047961538,15.812638,9.941832,11.0,1.0,0.09090909090909091,11,5.893043518066406,74.78316509723663,9.461132,-2.1488616,4.455513,0.20721598,1.3515673,1.484538,2.0146732,0.015991291,1.5027751,0.0,1.0111499,0.02715968,1.9671955,1.4053019,0.15045676,0.0,0.0,1.105323,0.0,0.03033985,0.26387218,0.53573465,0.87300986,1.8749317,0.39840066,0.8516789,0.6289556,0.0,0.86280364,0.065529026,0.0,1.4895114,0.44296798,1.8401047,0.0,0.24265608,0.56071955,0.42020556,0.5024118,0.03928196,0.3902402,0.0,0.2986436,0.08588645,0.55610853,0.37095642,0.25627363,0.0,0.0,0.56442684,0.0,0.07275579,0.34599498,0.3227756,0.2663052,0.2879166,0.36907625,0.44172353,0.58275336,0.0,0.44918388,0.207221,0.0,0.2668385,0.38660946,0.5976997,0.0,60,30,mean_std,64,khop_nhip,True
dance_004,D04_P008_T01,P008,train,21.1,69.5,97.8,153.0,5.596926,13.516671727272728,2.2251279085823805,16.906452,10.294582,11.0,1.0,0.09090909090909091,11,6.336435794830322,74.05962339043617,9.114676,0.6460773,7.124216,0.20547906,1.6210223,1.7774719,2.0391996,0.0,1.737088,0.0,1.2181758,0.0006732155,2.2728658,1.2895759,0.09497879,0.0,0.0,1.122648,0.0,0.057054617,0.34469274,0.9329469,0.889286,2.1304617,0.24846007,0.71606916,0.7852409,0.015017775,0.7246697,0.009647261,0.0,1.619191,0.7002571,1.7271234,0.0,0.2312932,0.36656752,0.3532152,0.34059834,0.0,0.5163748,0.0,0.26994005,0.0021288942,0.48411116,0.61157876,0.18575118,0.0,0.0,0.45223302,0.0,0.18042251,0.30963963,0.4417436,0.19580229,0.3632605,0.29804096,0.3582782,0.36570004,0.047490373,0.41842273,0.030507317,0.0,0.3593073,0.3610653,0.7287905,0.0,60,30,mean_std,64,khop_nhip,True
dance_004,D04_P009_T01,P009,train,27.3,70.2,89.4,157.8,5.56749,12.233073000000001,1.9178677698004767,17.014332,9.525441,11.0,1.0,0.09090909090909091,11,5.936921119689941,74.52361598610878,8.165804,0.31659725,4.4649715,0.19278947,1.4536542,1.4799778,1.9328697,0.051394857,1.548128,0.0,1.1497903,0.0,1.9936839,1.356779,0.096171595,0.0,0.0,1.0290736,0.0,0.15203877,0.2584007,0.63446283,0.80747014,1.8444805,0.38409713,0.6133125,0.83942133,0.0,0.7718413,0.014329959,0.0,1.5010543,0.52267283,1.8943005,0.0,0.22310002,0.42086872,0.45018607,0.57060766,0.1625248,0.73039526,0.0,0.40857708,0.0,0.59786224,0.29942688,0.14729494,0.0,0.0,0.5269338,0.0,0.27963212,0.283169,0.37512353,0.287245,0.41834402,0.2974742,0.4758604,0.49811056,0.0,0.37386507,0.045315307,0.0,0.43550152,0.35528764,0.5233123,0.0,60,30,mean_std,64,khop_nhip,True
dance_004,D04_P010_T01,P010,train,33.6,73.3,88.6,169.5,5.227234,11.292085181818182,2.009712133383414,15.60983,8.337003,11.0,1.0,0.09090909090909091,11,5.891092777252197,74.46924033761024,8.972333,-3.3010483,4.947468,0.17702132,1.4896833,1.5048347,1.9749907,0.0,1.5868913,0.0,1.1744891,0.022173695,1.9887607,1.3672309,0.13450836,0.0,0.0,1.0621119,0.0,0.014478017,0.24264313,0.7935652,0.7787498,1.861089,0.39119685,0.63036555,0.7107983,0.0,0.70507985,0.04596108,0.0,1.5581317,0.4490883,1.7805533,0.0,0.22629657,0.64221543,0.31136078,0.32863733,0.0,0.41361183,0.0,0.3631099,0.07011938,0.5057096,0.438264,0.20704755,0.0,0.0,0.37137282,0.0,0.041633185,0.27065805,0.41281578,0.24098304,0.35602897,0.31869105,0.43564376,0.5619914,0.0,0.46063048,0.14534168,0.0,0.3759836,0.2755679,0.46243858,0.0,60,30,mean_std,64,khop_nhip,True
dance_004,D04_P011_T01,P011,train,37.2,77.4,92.3,180.9,5.667557,10.972721125,1.9612003738942279,14.233979,8.59455,8.0,1.0,0.125,8,5.5120954513549805,75.12688884139061,5.6221156,-5.9320393,3.7989743,0.16283911,1.5355313,1.2230428,1.913567,0.0016617347,1.0597706,0.0,0.80629045,0.0,1.8593283,1.4434053,0.096642725,0.0,0.0,1.0366062,0.0,0.0,0.0,0.3418015,0.67321265,1.8360429,0.56114477,0.5756028,0.5923889,0.0,0.90752506,0.014367994,0.0,1.4438105,0.2879791,1.9458203,0.0,0.21536063,0.5975225,0.39855513,0.21994281,0.004396536,0.23055331,0.0,0.23719949,0.0,0.33714336,0.3313867,0.1548711,0.0,0.0,0.34339854,0.0,0.0,0.0,0.2179421,0.16611466,0.4336131,0.43291864,0.3857621,0.5108589,0.0,0.62221855,0.038014133,0.0,0.33680826,0.27257696,0.453569,0.0,60,30,mean_std,64,khop_nhip,True
dance_004,D04_P012_T01,P012,train,20.7,71.9,73.0,139.5,5.812238,13.097742454545454,1.984453902466843,18.128331,10.378806,11.0,1.0,0.09090909090909091,11,6.722943305969238,73.53111043572426,9.218827,-2.3408053,7.0353394,0.13802074,1.7826705,1.8251176,2.3662894,0.0014270152,1.8102233,0.0,1.5718446,0.0,2.3521676,1.8278774,0.12709254,0.0,0.0,1.2247335,0.0,0.0272044,0.2448561,0.94656163,0.74241805,1.943505,0.4358279,0.69722927,0.70984113,0.0,0.6093822,0.0,0.0,1.700747,0.5445933,1.9421052,0.0,0.16363777,0.5453162,0.45682845,0.40371898,0.0045126183,0.40636382,0.0,0.38517702,0.0,0.48059675,0.5169386,0.1843414,0.0,0.0,0.47939417,0.0,0.06815314,0.31817615,0.33823156,0.16683908,0.2714762,0.22645399,0.47187665,0.34639797,0.0,0.31167045,0.0,0.0,0.49475053,0.31296563,0.4569928,0.0,60,30,mean_std,64,khop_nhip,True
dance_004,D04_P013_T01,P013,train,27.9,70.6,91.4,160.2,6.166644,12.44627690909091,4.064620224049037,23.831986,8.775903,11.0,1.0,0.09090909090909091,11,6.255880355834961,74.4256092607975,8.192255,-1.477036,6.310615,0.20716792,1.6452241,1.3925582,1.9374986,0.04937866,1.6738819,0.0068652257,1.2982846,0.0,2.101482,1.6045777,0.17892501,0.0,0.0,1.1188843,0.0,0.10436212,0.18344186,0.48049623,0.8575885,1.9308513,0.35797164,0.8092915,0.8068768,0.0,0.9857523,0.0,0.0,1.4716961,0.41532686,2.1028078,0.0,0.20416594,0.6440636,0.5074499,0.4441144,0.15614903,0.38901073,0.021709751,0.39540258,0.0,0.7348016,0.349112,0.22484991,0.0,0.0,0.45616832,0.0,0.25290623,0.25912857,0.3522573,0.2849407,0.39836004,0.20076822,0.47083783,0.5720098,0.0,0.43765542,0.0,0.0,0.43435028,0.31158116,0.54555583,0.0,60,30,mean_std,64,khop_nhip,True
dance_004,D04_P014_T01,P014,train,20.6,72.1,90.1,149.7,6.341729,13.158084818181816,1.3700128411086199,14.989835,10.614555,11.0,0.0,0.0,11,5.664490699768066,74.56051957607269,6.822273,-2.4209747,4.348206,0.068143465,1.489046,1.466185,2.005739,0.08627325,1.4020267,0.0126448,1.1052438,0.017259015,1.8399266,1.5737993,0.17361578,0.0,0.0,0.9928034,0.0,0.06623745,0.18609472,0.6924177,0.5116922,1.5372493,0.5142253,0.7129742,0.60646945,0.0,0.6495429,0.0,0.0,1.6892587,0.32357895,1.7837287,0.0,0.073406816,0.34281301,0.3867849,0.3984256,0.12277041,0.51011807,0.039986376,0.29261184,0.054577798,0.41345546,0.35201633,0.21299887,0.0,0.0,0.4206786,0.0,0.12023088,0.26815245,0.47665128,0.18473168,0.48816946,0.34915692,0.35420018,0.33591616,0.0,0.3960875,0.0,0.0,0.31748512,0.25789058,0.43420312,0.0,60,30,mean_std,64,khop_nhip,True
dance_004,D04_P015_T01,P015,train,31.3,72.0,91.3,166.5,5.037579,12.14195918181818,3.0117051895345637,17.411012,8.983292,11.0,2.0,0.18181818181818182,11,6.830646514892578,73.48851919174194,10.9401045,-3.2884822,6.7756457,0.18870653,1.852076,1.8935279,1.9882991,0.0,2.1505225,0.0,1.1687415,0.024266921,2.52063,1.4130979,0.17538673,0.0,0.0,1.0844307,0.0,0.023313103,0.20387684,0.9772165,0.77572227,2.1221864,0.2769115,0.69743323,1.0122273,0.0,0.8032974,0.0,0.0,1.9717785,0.5549674,1.9487904,0.0,0.21944486,0.44465584,0.49035114,0.3947988,0.0,0.5168575,0.0,0.29409045,0.07673874,0.5567103,0.26934865,0.25088215,0.0,0.0,0.4576759,0.0,0.04948375,0.28267807,0.39332774,0.3654697,0.5986251,0.27891728,0.46126065,0.6724663,0.0,0.36503342,0.0,0.0,0.37164173,0.40701538,0.45844492,0.0,60,30,mean_std,64,khop_nhip,True
dance_004,D04_P016_T01,P016,val,30.1,74.0,95.8,169.2,6.213353,11.377936454545454,1.7951109518998518,14.234181,8.694368,11.0,2.0,0.18181818181818182,11,5.392526626586914,75.12290593981743,6.0848618,-0.709635,2.8440597,0.20786744,1.3418558,1.2947478,1.6456739,0.025939256,1.4759469,0.0,0.9144177,0.0,1.7245988,1.1042838,0.13329186,0.0,0.0,0.7988676,0.0,0.2540919,0.28322974,0.58014065,0.7472551,1.718301,0.5144596,0.75585324,0.8369079,0.0,0.91716725,0.0031465187,0.0,1.4932542,0.3687541,1.670544,0.0,0.23322849,0.32179475,0.27057567,0.28600898,0.0801571,0.73059046,0.0,0.36190668,0.0,0.2884006,0.33637652,0.21855569,0.0,0.0,0.41989845,0.0,0.31027052,0.29822272,0.3845142,0.37728614,0.41100475,0.44452477,0.5421066,0.50606924,0.0,0.44259673,0.009950164,0.0,0.33877525,0.25561467,0.5358226,0.0,60,30,mean_std,64,khop_nhip,True
dance_004,D04_P017_T01,P017,train,2.8,66.9,96.6,122.4,7.311688,16.509596555555554,2.738574522938941,20.342969,11.477361,9.0,0.0,0.0,9,5.911337852478027,74.61457654833794,6.9333425,-4.2516775,4.8956237,0.23895141,1.5751967,1.2559375,1.8158385,0.0,1.2861222,0.0,0.9497791,0.0,1.9400811,1.5781121,0.039484706,0.0,0.0,1.0590429,0.0,0.00038616193,0.06769922,0.474663,0.65635467,2.0097835,0.48340654,0.53778577,0.7273929,0.0,0.98863846,0.0,0.0,1.449406,0.45700058,2.311495,0.0,0.26406366,0.5006092,0.49433395,0.27837697,0.0,0.45936126,0.0,0.2988023,0.0,0.43659055,0.3918193,0.06735079,0.0,0.0,0.44898558,0.0,0.0010922309,0.09949679,0.31887266,0.20304668,0.26981777,0.3936092,0.4982699,0.54251254,0.0,0.6029924,0.0,0.0,0.4466333,0.37551233,0.30873814,0.0,60,30,mean_std,64,khop_nhip,True
dance_004,D04_P018_T01,P018,val,25.7,70.9,93.4,158.4,5.445519,10.899818,1.5544117649150053,13.679783,8.188162,11.0,1.0,0.09090909090909091,11,5.5922465324401855,74.56284514069557,7.600726,-2.6091948,4.6896887,0.13418561,1.43809,1.3712384,1.7596797,0.03477755,1.7861004,0.0,0.9442865,0.029138582,1.8549939,1.3523533,0.14328279,0.0,0.0,0.9751253,0.0,0.025965905,0.26207158,0.8211985,0.6064924,1.5120403,0.21087666,0.61440176,0.87440354,0.0,0.7214356,0.018062908,0.0,1.7150611,0.36303946,1.6752555,0.0,0.16510753,0.5021727,0.46777308,0.32686964,0.05962933,0.45660838,0.0,0.3291868,0.09214428,0.39277017,0.32709157,0.28372967,0.0,0.0,0.37815642,0.0,0.06707568,0.31742126,0.40895322,0.35001507,0.3842002,0.22715922,0.30720034,0.55178785,0.0,0.37933865,0.057119932,0.0,0.37770498,0.29050472,0.3380704,0.0,60,30,mean_std,64,khop_nhip,True
dance_004,D04_P019_T01,P019,train,17.7,71.5,92.7,146.4,6.1981,13.227858454545453,2.985564367088448,20.999214,10.038202,11.0,1.0,0.09090909090909091,11,6.1261210441589355,74.55625548958778,8.961658,-2.9292324,4.23643,0.18627997,1.5255253,1.4490622,1.9710237,0.029293207,1.2905763,0.0020773967,1.0594746,0.0,1.9641961,1.5783275,0.16201816,0.0,0.0,1.1275543,0.0,0.0,0.098326944,0.54366887,0.68539613,2.1429095,0.442593,0.69540983,0.6277694,0.0,0.91054416,0.0,0.0,1.357086,0.5636713,2.248683,0.0,0.19681713,0.55414736,0.5722073,0.44446802,0.09263325,0.47543687,0.0065693045,0.26340622,0.0,0.70365053,0.51822275,0.3119151,0.0,0.0,0.5123639,0.0,0.0,0.16800405,0.38486782,0.1974791,0.44434232,0.31295082,0.51517826,0.472207,0.0,0.45456558,0.0,0.0,0.3703653,0.48362193,0.6213845,0.0,60,30,mean_std,64,khop_nhip,True
dance_004,D04_P020_T01,P020,train,27.2,75.7,85.8,160.2,5.834678,13.466270818181819,2.054550725876045,18.011608,10.64359,11.0,1.0,0.09090909090909091,11,6.080305576324463,74.46886652708054,7.8415136,-2.710683,4.5654163,0.25847653,1.570084,1.5779977,2.1304202,0.0,1.4760219,0.0,1.2690165,0.0,2.0929189,1.6786895,0.16675411,0.0,0.0,1.2165955,0.0,0.0126620205,0.06741162,0.49774256,0.7013295,1.8451172,0.38902742,0.7392443,0.5467638,0.0,0.6338386,0.0,0.0,1.4524257,0.46029377,1.9877137,0.0,0.26364172,0.3002034,0.44274586,0.41269648,0.0,0.6084091,0.0,0.2724207,0.0,0.443023,0.3866271,0.30018136,0.0,0.0,0.43355086,0.0,0.040040825,0.13100143,0.3019654,0.24240342,0.47114992,0.3327712,0.46205565,0.30057874,0.0,0.34936637,0.0,0.0,0.42418,0.32439458,0.5364128,0.0,60,30,mean_std,64,khop_nhip,True
dance_005,D05_P002_T01,P002,val,34.0,77.6,75.1,165.9,5.829832,11.466890999999999,2.7674193475949553,17.235241,8.479223,9.0,1.0,0.1111111111111111,9,3.5354504585266113,77.99801063537598,-3.6932406,-0.09980207,-2.4238076,0.14212161,0.57308316,0.8173651,1.4428092,0.23095645,0.7884065,0.0,0.85991275,0.0,0.8869845,0.6739995,0.016032396,0.0,0.0,0.23878537,0.0,0.07241465,0.3011644,0.14883092,0.5841752,1.1423479,0.20660572,1.3373686,0.15767373,0.0,0.91288495,0.0,0.0,0.5873428,0.16767488,0.73445153,0.0,0.13617311,0.20226955,0.36915192,0.35035297,0.33387434,0.21295959,0.0,0.292794,0.0,0.35309675,0.19459444,0.03425437,0.0,0.0,0.27706417,0.0,0.14895213,0.15721509,0.20166714,0.20485309,0.16455261,0.16546285,0.31381714,0.15799353,0.0,0.24274284,0.0,0.0,0.20670038,0.16032359,0.2928403,0.0,60,30,mean_std,64,khop_nhip,True
dance_005,D05_P003_T01,P003,train,48.4,81.0,85.6,197.1,4.817799,9.782155875,1.7338571077087377,13.556332,7.979235,8.0,1.0,0.125,8,3.1524503231048584,78.85436314344406,-7.1632032,0.20465071,-4.7772655,0.29514247,0.43039006,0.40016955,1.1327274,0.29424274,0.4763025,0.047079127,0.7623495,0.0,0.4143881,0.53739125,0.0038441746,0.0,0.0,0.08205761,0.0,0.03869904,0.23528029,0.03811378,0.51281464,1.0341316,0.2103221,1.5675137,0.056297243,0.0,1.1783215,0.0,0.0,0.33062872,0.06684499,0.769913,0.0,0.1206566,0.1522593,0.30205086,0.3273191,0.24935305,0.25366607,0.074660555,0.26827788,0.0,0.30110615,0.19468772,0.01017073,0.0,0.0,0.09879893,0.0,0.06986518,0.14155656,0.070514105,0.11881749,0.34013176,0.13013738,0.1866458,0.07270108,0.0,0.12920205,0.0,0.0,0.10952595,0.13119496,0.16375712,0.0,60,30,mean_std,64,khop_nhip,True
dance_005,D05_P004_T01,P004,train,47.8,77.1,94.0,197.4,5.001801,9.41956888888889,1.7785470884236094,11.861472,6.970137,9.0,0.0,0.0,9,3.2813007831573486,78.55495083332062,-5.1099877,-0.06520416,-3.0031931,0.11494882,0.394107,0.42413175,1.0852265,0.26107472,0.63770217,0.009673897,0.48844486,0.0,0.49798086,0.43069172,0.07089524,0.0,0.0,0.059117932,0.0,0.09823729,0.28782094,0.10738205,0.6410897,1.1699876,0.3062494,1.4109243,0.13968623,0.0,1.1851277,0.0,0.0,0.5888718,0.03732625,0.7362302,0.0,0.14711185,0.18518941,0.32376385,0.32568172,0.49175602,0.3933143,0.027361913,0.32461673,0.0,0.2979263,0.30439734,0.13134521,0.0,0.0,0.11559235,0.0,0.17742564,0.2792675,0.16931395,0.19128211,0.4340107,0.12338003,0.45544037,0.12252579,0.0,0.16968471,0.0,0.0,0.32479233,0.05254531,0.28874776,0.0,60,30,mean_std,64,khop_nhip,True
dance_005,D05_P005_T01,P005,train,48.5,76.1,83.0,191.1,4.99096,9.180225666666667,1.100829590671609,11.33313,7.861922,6.0,1.0,0.16666666666666666,6,3.2030141353607178,79.01526817679405,-6.453404,-1.9831032,-6.4937572,0.3121883,0.41918254,0.46363783,1.2334667,0.16424772,0.48292503,0.0,0.5221445,0.0,0.6089529,0.38558292,0.004650239,0.0,0.0,0.21951039,0.0,0.000979806,0.061005313,0.0,0.73223877,1.0650645,0.14001809,1.6018863,0.059442174,0.0,1.103243,0.0,0.0,0.3428237,0.10479399,0.80810004,0.0,0.16483988,0.15657441,0.35155788,0.20383939,0.25172055,0.12861793,0.0,0.24655683,0.0,0.2416918,0.17665975,0.01039825,0.0,0.0,0.22153422,0.0,0.0021909128,0.049347628,0.0,0.23048145,0.34643885,0.17160363,0.21166313,0.060625162,0.0,0.25783503,0.0,0.0,0.07473702,0.11844478,0.2261373,0.0,60,30,mean_std,64,khop_nhip,True
dance_005,D05_P006_T01,P006,train,51.0,81.6,98.2,208.8,4.663703,7.834284555555557,1.1846725121295583,10.137918,6.192721,9.0,1.0,0.1111111111111111,9,3.1615803241729736,78.83078110218048,-5.3773346,-1.345715,-4.962265,0.21881434,0.43304482,0.4581143,1.1002167,0.1736567,0.61571544,0.0,0.58157915,0.0,0.52526975,0.40193102,0.029980265,0.0,0.0,0.0794347,0.0,0.006426101,0.20952356,0.048478767,0.5655283,0.99387807,0.1665757,1.5730935,0.19417907,0.0,1.1351426,0.0,0.0,0.47266245,0.05486918,0.69675314,0.0,0.14757924,0.19464698,0.40288407,0.3182275,0.23373896,0.23863715,0.0,0.21799633,0.0,0.4210088,0.24334376,0.06789793,0.0,0.0,0.21970157,0.0,0.018175758,0.1871403,0.06867548,0.22630477,0.2287984,0.13401215,0.31232214,0.23875505,0.0,0.21395652,0.0,0.0,0.22344366,0.14508568,0.2206009,0.0,60,30,mean_std,64,khop_nhip,True
dance_005,D05_P007_T01,P007,train,34.2,77.5,71.2,163.8,6.158683,12.760445555555556,3.664473381061068,18.443719,8.166976,9.0,1.0,0.1111111111111111,9,4.150947570800781,76.86293661594391,-1.9907277,-2.3249166,-0.8118255,0.1459703,0.88198173,0.974452,1.7338284,0.04678928,1.1846852,0.0,1.2046392,0.0,1.2426618,0.90853703,0.020219814,0.0,0.0,0.42949343,0.0,0.0,0.3759618,0.37315577,0.5953112,1.1887013,0.20665175,1.2657956,0.33059174,0.0,0.8333354,0.0,0.0,0.9206035,0.17843449,0.88557297,0.0,0.12506169,0.16393115,0.20045882,0.2496175,0.10555336,0.23118041,0.0,0.2811681,0.0,0.26475546,0.25387773,0.039955385,0.0,0.0,0.20139202,0.0,0.0,0.111565426,0.22594051,0.1459581,0.19394122,0.19356073,0.29968384,0.15721673,0.0,0.19360077,0.0,0.0,0.28038648,0.1375638,0.1704583,0.0,60,30,mean_std,64,khop_nhip,True
dance_005,D05_P008_T01,P008,train,29.4,75.6,79.9,159.9,4.560046,13.445091444444445,3.4717872704509323,18.776939,6.651075,9.0,1.0,0.1111111111111111,9,3.3948633670806885,78.44009616971016,-6.704215,0.9432705,-3.4256048,0.20783454,0.4886978,0.5226088,1.1785119,0.19851919,0.8217073,0.03782152,0.7549989,0.0,0.67360264,0.6708451,0.005163627,0.0,0.0,0.13722357,0.0,0.025595903,0.19031835,0.009991238,0.5736201,0.9251777,0.19532265,1.5886891,0.1676021,0.0,1.1626296,0.0,0.019312406,0.70121145,0.023046527,0.86204445,0.0,0.15001963,0.27851975,0.18340637,0.20715933,0.17994753,0.21912123,0.10697541,0.2884313,0.0,0.3301275,0.3234708,0.01448469,0.0,0.0,0.22791584,0.0,0.05338857,0.15964872,0.028259488,0.17573048,0.15507278,0.13690083,0.16720942,0.18195805,0.0,0.10832256,0.0,0.054623727,0.13086914,0.058375873,0.39526236,0.0,60,30,mean_std,64,khop_nhip,True
dance_005,D05_P009_T01,P009,train,43.5,81.6,90.4,192.9,4.995646,9.530217333333333,0.9734519928304401,11.281617,7.68831,9.0,1.0,0.1111111111111111,9,3.1152448654174805,78.89622551202774,-7.1142116,-0.8005836,-5.790661,0.14559186,0.38193178,0.32548678,1.1001357,0.26474226,0.4935921,0.026761813,0.52624404,0.0,0.44698346,0.4343034,0.009076159,0.0,0.0,0.058110673,0.0,0.036475196,0.2127833,0.024699148,0.55352694,1.0534765,0.22851504,1.5462408,0.071191095,0.0,1.2425148,0.0,0.0,0.40371642,0.026663585,0.74670756,0.0,0.16913557,0.17082109,0.16822416,0.26622108,0.33610025,0.23217532,0.07569384,0.19073091,0.0,0.2591495,0.31248888,0.025671257,0.0,0.0,0.105290376,0.0,0.07661922,0.2106078,0.06985973,0.21952412,0.1780956,0.15654634,0.37020105,0.11481347,0.0,0.20448935,0.0,0.0,0.21064578,0.05978015,0.345704,0.0,60,30,mean_std,64,khop_nhip,True
dance_005,D05_P010_T01,P010,train,30.1,77.3,80.5,162.9,5.323448,12.460488888888888,2.5899306346786135,17.505878,8.962857,9.0,1.0,0.1111111111111111,9,3.802525758743286,77.91520112752914,-2.1975856,-1.0653574,-1.8141792,0.28542066,0.6326532,0.50063473,1.2240089,0.11319688,0.77626824,0.0,0.5389422,0.0,0.8032229,0.8101699,0.12503098,0.0,0.0,0.14494286,0.0,0.09620075,0.16587196,0.0051587108,0.44804484,1.4529567,0.24133402,1.317493,0.055946153,0.0,1.0093368,0.0,0.0,0.6677769,0.023662599,1.3995892,0.0,0.13963921,0.30471563,0.2988003,0.34776008,0.25337344,0.35942376,0.0,0.37374982,0.0,0.55786794,0.44721904,0.26177084,0.0,0.0,0.1894466,0.0,0.1892223,0.16785614,0.014591038,0.18233003,0.38817585,0.17418878,0.4959762,0.104905866,0.0,0.1593985,0.0,0.0,0.40943834,0.058704324,0.6414818,0.0,60,30,mean_std,64,khop_nhip,True
dance_005,D05_P011_T01,P011,train,43.8,81.4,89.7,192.6,4.608417,9.586964875,1.3565319946915588,11.794309,7.669524,8.0,1.0,0.125,8,3.7337875366210938,78.08992722630501,-2.6349125,-0.3659692,-3.8264015,0.30909145,0.5705756,0.73004436,1.37678,0.19159064,0.8987951,0.0,0.87720025,0.0,0.8413302,0.65142995,0.0,0.0,0.0,0.3303789,0.0,0.030742886,0.12469266,0.042771883,0.62532806,1.0720967,0.100941114,1.5285305,0.18355891,0.0,1.0518187,0.0,0.0,0.6658067,0.167837,0.8101003,0.0,0.15715186,0.31021735,0.354342,0.4166935,0.18011455,0.47467443,0.0,0.30631772,0.0,0.48113042,0.26262182,0.0,0.0,0.0,0.36397916,0.0,0.081338026,0.14248669,0.10960551,0.30170187,0.34552735,0.13034566,0.2213497,0.2409671,0.0,0.24079281,0.0,0.0,0.46087548,0.17558387,0.42879775,0.0,60,30,mean_std,64,khop_nhip,True
dance_005,D05_P012_T01,P012,train,29.0,72.8,73.1,153.0,5.740336,10.093068111111112,2.1674585080042705,13.471307,7.36458,9.0,1.0,0.1111111111111111,9,3.963515281677246,77.6002585887909,-1.52811,-0.63908744,-0.28843382,0.16652404,0.8143298,0.726885,1.5077375,0.012337602,1.105494,0.029987084,1.0448115,0.0,0.98738956,0.66891086,0.0,0.0,0.0,0.29953668,0.0,0.0,0.31396845,0.2705138,0.72502446,1.1239711,0.16114591,1.3842715,0.30340162,0.0,1.0438209,0.0,0.0,0.8563935,0.10904444,0.7237416,0.0,0.17511357,0.29790965,0.3975639,0.48253274,0.034896005,0.5236401,0.0428692,0.3759775,0.0,0.5013775,0.28775468,0.0,0.0,0.0,0.2956698,0.0,0.0,0.18406518,0.27009842,0.17534815,0.24244809,0.15679507,0.30660412,0.20299347,0.0,0.23643586,0.0,0.0,0.4435601,0.12095106,0.24994878,0.0,60,30,mean_std,64,khop_nhip,True
dance_005,D05_P013_T01,P013,train,39.0,79.6,85.3,181.5,5.476462,10.888172555555554,1.3380305774589518,13.580289,8.84435,9.0,1.0,0.1111111111111111,9,3.7558841705322266,78.13770219683647,-2.6575134,-2.3692353,-2.7805822,0.20393218,0.69493395,0.5318232,1.2686219,0.053489044,0.8679021,0.008636419,0.7414475,0.0,0.8604362,0.5188429,0.054390915,0.0,0.0,0.14293261,0.0,0.027576573,0.0803777,0.14147708,0.7357236,1.2146201,0.18958443,1.5425854,0.21155126,0.0,1.1103809,0.0,0.0,0.74420416,0.047893714,0.9710042,0.0,0.12861098,0.36105806,0.23229493,0.28116632,0.11468458,0.41301584,0.024427481,0.21877241,0.0,0.58870953,0.39715207,0.11315218,0.0,0.0,0.15111203,0.0,0.05280959,0.14601214,0.25262356,0.32414526,0.31295922,0.120742746,0.39896497,0.25392097,0.0,0.18987224,0.0,0.0,0.46901911,0.06916938,0.5224673,0.0,60,30,mean_std,64,khop_nhip,True
dance_005,D05_P014_T01,P014,train,39.0,80.2,97.0,188.7,5.160466,10.542226333333334,1.6856919281600657,12.883742,7.722741,9.0,0.0,0.0,9,3.4653499126434326,78.47105297446251,-5.6339364,1.0597961,-4.4742126,0.19400276,0.56994575,0.4819016,1.2928404,0.26374564,0.67461467,0.025960786,0.8280496,0.0,0.6468759,0.5868661,0.020265896,0.0,0.0,0.08986935,0.0,0.037523244,0.28540596,0.04841401,0.6212808,1.0570382,0.23274095,1.5635953,0.17147432,0.0,1.1193248,0.0,0.009775341,0.57957923,0.06270954,0.82435536,0.0,0.19731961,0.2886512,0.27019608,0.2755797,0.4185733,0.15315244,0.058496967,0.30479446,0.0,0.43511772,0.19968903,0.057320602,0.0,0.0,0.09535627,0.0,0.072698645,0.25357687,0.0965048,0.29152006,0.28168702,0.15137844,0.16811752,0.15408947,0.0,0.23675364,0.0,0.02764884,0.29194152,0.11224385,0.3004482,0.0,60,30,mean_std,64,khop_nhip,True
dance_005,D05_P015_T01,P015,train,46.4,82.0,93.9,199.8,4.96233,9.221588444444443,1.3349346257024564,11.848605,7.605072,9.0,1.0,0.1111111111111111,9,2.9381155967712402,78.9354767203331,-8.145895,-0.89887047,-3.9502559,0.15489343,0.28501752,0.37373075,1.0136315,0.38885048,0.56138045,0.005094499,0.5274133,0.0,0.32233194,0.3802219,0.0066526234,0.0,0.0,0.006084389,0.0,0.13655314,0.26074436,0.01984389,0.52260274,1.025723,0.27908668,1.4532874,0.11271616,0.0,1.2491164,0.0,0.0,0.45532227,0.03204662,0.55174065,0.0,0.10427187,0.12706986,0.117693,0.21970843,0.285667,0.10669699,0.014409418,0.19446473,0.0,0.22589278,0.24732986,0.01881646,0.0,0.0,0.014752753,0.0,0.16345292,0.15808928,0.056126997,0.16334897,0.20209377,0.13301088,0.21040046,0.14597729,0.0,0.19973363,0.0,0.0,0.13725528,0.06490093,0.27858827,0.0,60,30,mean_std,64,khop_nhip,True
dance_005,D05_P016_T01,P016,val,36.8,78.9,92.2,181.5,6.060427,12.065827444444444,2.0969720410344115,15.744883,9.645196,9.0,1.0,0.1111111111111111,9,3.686245918273926,78.13245010375977,-4.9835486,-1.6195736,-3.2713397,0.26989335,0.58885944,0.64551514,1.2944102,0.13740364,0.74626875,0.0041493964,0.70933884,0.0,0.7850751,0.8495847,0.01618051,0.0,0.0,0.14249712,0.0,0.0038280736,0.18280186,0.0065188063,0.40631703,1.2194964,0.2043207,1.6310602,0.10641841,0.0,1.0314069,0.0,0.0,0.57215714,0.05169644,1.3515253,0.0,0.13024406,0.128473,0.22730072,0.15292315,0.23080555,0.22739938,0.008263115,0.40570846,0.0,0.14116451,0.270696,0.045765396,0.0,0.0,0.11823606,0.0,0.010827427,0.09062169,0.018437969,0.2488773,0.2879971,0.19570792,0.26145753,0.17063494,0.0,0.19926456,0.0,0.0,0.14881162,0.12537491,0.40616602,0.0,60,30,mean_std,64,khop_nhip,True
dance_005,D05_P017_T01,P017,train,31.2,79.2,98.3,177.0,6.857041,12.17684188888889,1.7932198372009462,14.827959,9.504569,9.0,0.0,0.0,9,4.136598587036133,77.35463750362396,-1.5327064,-0.748221,-3.5819032,0.24221611,0.93829644,0.71851945,1.4299624,0.0020904425,1.134717,0.03365975,0.924952,0.0,1.1521386,0.7911392,0.047396526,0.0,0.0,0.3302784,0.0,0.019708637,0.19370234,0.14956082,0.7099705,1.3369875,0.19651604,1.3997059,0.25334865,0.0,1.0373067,0.0,0.0,0.99936175,0.07797449,1.0974219,0.0,0.15424791,0.22832073,0.3011713,0.35865316,0.005912664,0.3167495,0.09520415,0.4128684,0.0,0.43849775,0.36657375,0.09365784,0.0,0.0,0.17043127,0.0,0.055744443,0.17507342,0.18705359,0.2949483,0.3634316,0.23021102,0.29874787,0.17669062,0.0,0.17922305,0.0,0.0,0.24539702,0.1252006,0.4409947,0.0,60,30,mean_std,64,khop_nhip,True
dance_005,D05_P018_T01,P018,val,44.6,78.9,88.9,191.4,5.412662,9.668993888888888,2.130408086923851,12.348262,5.345798,9.0,0.0,0.0,9,3.1348812580108643,78.7554235458374,-6.512472,-1.2210505,-3.2205856,0.20058285,0.4249102,0.43120915,1.1167957,0.2609658,0.65787214,0.0,0.6006076,0.0,0.43629947,0.46199778,0.013973006,0.0,0.0,0.09474178,0.0,0.08382094,0.27313268,0.046557188,0.60672724,1.0302521,0.24693759,1.5070046,0.2081458,0.0,1.1800872,0.0,0.0,0.5011859,0.050302874,0.70861244,0.0,0.14531727,0.1871381,0.12774962,0.24442157,0.26439837,0.16182047,0.0,0.24346077,0.0,0.2076318,0.25204238,0.039521635,0.0,0.0,0.11253217,0.0,0.16240521,0.23720625,0.09008475,0.17910011,0.15600875,0.16713727,0.28757253,0.24220832,0.0,0.22776152,0.0,0.0,0.153443,0.07214472,0.23717098,0.0,60,30,mean_std,64,khop_nhip,True
dance_005,D05_P019_T01,P019,train,44.3,80.6,84.9,189.9,4.915315,9.630570999999998,2.3379079722857643,14.551199,6.178007,9.0,1.0,0.1111111111111111,9,3.183821678161621,78.74010503292084,-6.5102077,-1.6035165,-4.4717507,0.13988343,0.43736684,0.35299268,1.1252215,0.2889436,0.6889174,0.008343362,0.6019221,0.0,0.44022846,0.45026153,0.009740078,0.0,0.0,0.12140836,0.0,0.0617343,0.2753284,0.049590614,0.63337773,0.9959421,0.24241164,1.4984609,0.18921144,0.0,1.2579275,0.0,0.0,0.54127514,0.02158753,0.6747529,0.0,0.16458522,0.20374545,0.16350798,0.23500523,0.31819478,0.3525506,0.02359859,0.17657125,0.0,0.26500374,0.24451993,0.027549101,0.0,0.0,0.13270184,0.0,0.14734833,0.19049208,0.09184416,0.13582535,0.17721127,0.20019642,0.37417898,0.19305764,0.0,0.14643554,0.0,0.0,0.30535406,0.04937264,0.22380044,0.0,60,30,mean_std,64,khop_nhip,True
dance_005,D05_P020_T01,P020,train,38.3,79.4,93.8,185.1,5.151032,9.661817777777777,1.158183914717614,11.141475,7.825844,9.0,0.0,0.0,9,2.9522347450256348,79.12423890829086,-8.643239,0.13378488,-3.998479,0.19462818,0.32099128,0.29363018,0.95047164,0.39630118,0.53397787,0.039628472,0.5661942,0.0,0.32842967,0.36282393,0.0,0.0,0.0,0.026467524,0.0,0.04731536,0.1895144,0.0,0.5353963,0.9277168,0.2424815,1.6175966,0.05760471,0.0,1.1865268,0.0,0.0,0.41901028,0.015055478,0.54740584,0.0,0.13696347,0.10690131,0.2071158,0.2414622,0.367273,0.1055036,0.089798644,0.36363372,0.0,0.21562737,0.22944917,0.0,0.0,0.0,0.068926,0.0,0.115545586,0.11828548,0.0,0.23464002,0.23673117,0.105404496,0.20802514,0.07798429,0.0,0.15840043,0.0,0.0,0.19140358,0.04258332,0.22155505,0.0,60,30,mean_std,64,khop_nhip,True
dance_006,D06_P003_T01,P003,train,35.5,77.2,92.1,177.9,5.697284,11.647501636363637,1.7903915283483907,14.51785,9.004603,11.0,1.0,0.09090909090909091,11,3.5853395462036133,77.92435231804848,-1.6409341,-0.34049857,1.5443794,0.24887796,0.6552044,0.697471,1.2085476,0.062304035,0.95061016,0.012427011,0.7556825,0.0,0.8499369,0.68540645,0.044220194,0.0,0.0,0.2120334,0.0,0.015743062,0.20498997,0.19291945,0.6053741,1.1703938,0.12331254,1.2128431,0.22041239,0.0,0.9249812,0.0,0.0,0.7151054,0.09735494,0.82706565,0.0,0.21349967,0.37910974,0.37208557,0.39617124,0.19702266,0.43641067,0.026972443,0.37586147,0.0,0.5408943,0.37558877,0.087061726,0.0,0.0,0.23282528,0.0,0.040573943,0.15646185,0.2816473,0.29278666,0.3112268,0.15997101,0.32637072,0.22093885,0.0,0.22454427,0.0,0.0,0.43029293,0.15128708,0.45680687,0.0,60,30,mean_std,64,khop_nhip,True
dance_006,D06_P004_T01,P004,train,55.0,80.6,97.5,213.6,4.695423,8.600852923076925,1.5416543494066797,11.049096,5.562674,13.0,1.0,0.07692307692307693,13,3.187824249267578,78.79201397299767,-4.0188293,-1.7644205,-1.1872679,0.22670205,0.53103757,0.41792294,1.0721253,0.05121871,0.39837515,0.017801596,0.6297661,0.0,0.5829371,0.5484164,0.014165463,0.0,0.0,0.10108816,0.0,0.0,0.112885915,0.07385778,0.64564216,1.0380862,0.18035865,1.4196624,0.09132954,0.0,1.0770714,0.0,0.0,0.42400885,0.04062687,0.6840025,0.0,0.171408,0.38490325,0.374568,0.35854903,0.12568216,0.34607235,0.05255366,0.32494348,0.0,0.44478202,0.38410148,0.034606,0.0,0.0,0.21053857,0.0,0.0,0.1411707,0.18804094,0.20654051,0.3176382,0.19745533,0.4932124,0.13964805,0.0,0.25636917,0.0,0.0,0.37581506,0.11546846,0.3391666,0.0,60,30,mean_std,64,khop_nhip,True
dance_006,D06_P005_T01,P005,train,46.6,79.9,95.2,198.9,4.80013,9.568934,2.024083367712469,13.469725,7.227171,8.0,1.0,0.125,8,4.137094974517822,77.36982369422913,-0.38330472,-4.482205,-1.9075323,0.2475336,0.91084635,0.8582853,1.6419246,0.008449199,0.8374355,0.0,1.01968,0.0,1.2365144,0.8389677,0.09598675,0.0,0.0,0.38465393,0.0,0.0,0.108514644,0.19658905,0.8351718,1.4664669,0.30394128,1.1130596,0.26054263,0.0,1.0393956,0.0,0.0,0.70118827,0.14990278,1.0029188,0.0,0.19679727,0.45799905,0.20296055,0.20427671,0.02235448,0.20416848,0.0,0.29668915,0.0,0.41759616,0.39513037,0.18851455,0.0,0.0,0.24986638,0.0,0.0,0.120762184,0.25333223,0.12440553,0.30120182,0.22662215,0.5357993,0.20619267,0.0,0.26817682,0.0,0.0,0.35350716,0.11241049,0.312173,0.0,60,30,mean_std,64,khop_nhip,True
dance_006,D06_P006_T01,P006,train,48.7,81.3,86.0,197.7,5.242149,9.239343384615385,1.2674025792713912,12.014915,7.200838,13.0,1.0,0.07692307692307693,13,3.4188544750213623,78.3911424279213,-4.065143,-1.7035251,-2.0442894,0.16663757,0.63279307,0.5615159,1.1728674,0.16240278,0.4965977,0.012193104,0.7464389,0.0,0.61713254,0.67812514,0.0,0.0,0.0,0.17475104,0.0,0.021275034,0.23709701,0.16060612,0.6388162,1.1469392,0.23784839,1.4031552,0.2045108,0.0,1.1621457,0.0,0.0,0.48955256,0.05460728,0.7835661,0.0,0.14848441,0.43445444,0.28044364,0.28199646,0.2954668,0.29576072,0.042238157,0.24255976,0.0,0.3789061,0.44541955,0.0,0.0,0.0,0.20200524,0.0,0.073698886,0.20181377,0.25402567,0.13566306,0.26404044,0.1883613,0.4546776,0.1714062,0.0,0.21094382,0.0,0.0,0.32300937,0.0835844,0.4172357,0.0,60,30,mean_std,64,khop_nhip,True
dance_006,D06_P007_T01,P007,train,26.7,70.6,70.7,146.1,5.991129,12.71728153846154,2.433959302844192,17.543871,9.507078,13.0,2.0,0.15384615384615385,13,4.748791694641113,76.0983077287674,1.254852,-2.9984436,0.6443003,0.121696,1.1417038,1.1693919,1.9252758,0.0,1.2088032,0.0,1.3022088,0.0,1.5464382,1.1501256,0.0,0.0,0.0,0.64738715,0.0,0.0,0.36364534,0.42084536,0.67356426,1.3370366,0.26113653,1.0362251,0.50011325,0.0,0.8786755,0.0015002601,0.0,1.1342676,0.19267417,1.0127584,0.0,0.113898665,0.43691579,0.2849011,0.28466046,0.0,0.31922233,0.0,0.31976086,0.0,0.40728918,0.33844143,0.0,0.0,0.0,0.2437677,0.0,0.0,0.18645388,0.33147383,0.19941974,0.24049656,0.20901334,0.46771285,0.2877512,0.0,0.27276948,0.005197053,0.0,0.3502083,0.15210792,0.29369277,0.0,60,30,mean_std,64,khop_nhip,True
dance_006,D06_P008_T01,P008,train,24.4,78.0,88.8,159.9,5.725062,12.102497076923076,2.130052244090721,15.797304,8.741587,13.0,2.0,0.15384615384615385,13,3.9652788639068604,77.48678117990494,0.17736281,-2.306522,-2.4805605,0.22016767,0.8417095,0.8998826,1.3734521,0.0,1.0056468,0.0,0.84821045,0.0,1.1842692,0.6569734,0.012568006,0.0,0.0,0.39506763,0.0,0.0,0.22909369,0.23686415,0.71014965,1.3245119,0.17377938,1.2214929,0.36472672,0.0,0.88500416,0.014103011,0.0,0.9029046,0.14683005,0.714772,0.0,0.16906507,0.44518316,0.37099892,0.39658943,0.0,0.39150077,0.0,0.26353115,0.0,0.52620363,0.40577608,0.036664013,0.0,0.0,0.3845833,0.0,0.0,0.15164323,0.32135332,0.14845319,0.29653043,0.19107023,0.46792758,0.3249705,0.0,0.22316657,0.048854265,0.0,0.46834162,0.20842202,0.38481677,0.0,60,30,mean_std,64,khop_nhip,True
dance_006,D06_P009_T01,P009,train,36.3,80.5,92.5,182.4,5.932104,11.716370461538462,1.8790962912693148,15.392311,8.836144,13.0,1.0,0.07692307692307693,13,3.2587356567382812,78.65400180220604,-3.5857582,-3.447878,-2.951852,0.20215295,0.54327065,0.44757175,1.0876964,0.036716737,0.52726305,0.0058312537,0.5593327,0.0,0.66896814,0.4465767,0.015326406,0.0,0.0,0.15714127,0.0,0.0,0.1347895,0.064910695,0.7189369,1.116654,0.2514036,1.3424319,0.22613095,0.0,1.0685859,0.0,0.0,0.59185654,0.039041325,0.6485507,0.0,0.14137293,0.34561393,0.26786014,0.33109453,0.10132925,0.2843564,0.020200055,0.3191282,0.0,0.44554767,0.36931807,0.034112003,0.0,0.0,0.17800497,0.0,0.0,0.13929728,0.13707642,0.10357122,0.39242262,0.24218132,0.6096604,0.18144134,0.0,0.24517484,0.0,0.0,0.45403203,0.08753224,0.44367492,0.0,60,30,mean_std,64,khop_nhip,True
dance_006,D06_P010_T01,P010,train,34.3,76.1,89.7,173.7,4.989692,10.693986444444445,0.9797783387343975,12.506289,9.056594,9.0,1.0,0.1111111111111111,9,4.2155609130859375,77.47864997386932,0.12705986,-1.0042665,1.2621261,0.34733966,0.6905482,0.81854934,1.4330003,0.12898141,0.80160445,0.0,0.7053268,0.0,1.0187502,0.8186979,0.09978656,0.0,0.0,0.3833967,0.0,0.06494877,0.16127467,0.14945267,0.7141934,1.7991091,0.34867656,1.1817943,0.1156363,0.0,1.0668601,0.0,0.0,0.61715496,0.13960004,1.2460847,0.0,0.21018712,0.36630082,0.39927086,0.4206597,0.2822677,0.36822784,0.0,0.13106664,0.0,0.66173095,0.5279717,0.13330325,0.0,0.0,0.47271594,0.0,0.15921795,0.13802336,0.25264332,0.19118166,0.5247862,0.18998392,0.49503553,0.10240999,0.0,0.18035072,0.0,0.0,0.29355156,0.18801686,0.65951556,0.0,60,30,mean_std,64,khop_nhip,True
dance_006,D06_P011_T01,P011,train,37.3,78.0,83.9,176.4,5.865863,10.559828636363635,1.7353750194741653,12.789858,6.997342,11.0,0.0,0.0,11,3.7019169330596924,78.16102069616318,-3.532639,-1.490602,-1.2640842,0.2718271,0.7710642,0.6940139,1.4152385,0.06825851,0.67932355,0.017050413,0.9327047,0.0,0.8611809,0.6484597,0.0,0.0,0.0,0.27962735,0.0,0.00676505,0.20346905,0.10937059,0.73530585,1.2695003,0.26142362,1.4534931,0.26470923,0.0,1.1384444,0.0,0.0,0.54515225,0.091770604,0.76420516,0.0,0.16848208,0.35547346,0.231944,0.3271588,0.15386541,0.27207527,0.042611014,0.43963414,0.0,0.36735857,0.2621767,0.0,0.0,0.0,0.18972744,0.0,0.021392971,0.1852083,0.17454195,0.23595859,0.23188338,0.25822812,0.24380812,0.22533053,0.0,0.21475197,0.0,0.0,0.19038613,0.09589222,0.20218135,0.0,60,30,mean_std,64,khop_nhip,True
dance_006,D06_P013_T01,P013,train,39.8,81.5,93.6,189.3,5.817004,11.946402076923079,1.969294016246723,15.029366,8.570034,13.0,1.0,0.07692307692307693,13,3.4918625354766846,78.30843657255173,-3.169221,-2.7637243,-1.400616,0.25161973,0.6181027,0.58336794,1.272993,0.015863508,0.82464176,0.003458399,0.7680699,0.0,0.7885549,0.45483178,0.051252265,0.0,0.0,0.2125462,0.0,0.0,0.22199306,0.13790575,0.7692923,1.2035273,0.21175922,1.3948296,0.25976732,0.0,1.0832088,0.0,0.0,0.67617834,0.07389611,0.679853,0.0,0.17627528,0.26385972,0.28825682,0.1837712,0.054952804,0.4374921,0.011980246,0.1610726,0.0,0.33344018,0.27974197,0.12021916,0.0,0.0,0.22049016,0.0,0.0,0.16933832,0.23272583,0.17623132,0.34059393,0.169995,0.2402589,0.26733595,0.0,0.21909617,0.0,0.0,0.37095898,0.09407623,0.32013518,0.0,60,30,mean_std,64,khop_nhip,True
dance_006,D06_P014_T01,P014,train,46.1,81.5,92.3,198.0,5.108229,9.266757461538463,1.3184180448743872,11.3311,7.272073,13.0,2.0,0.15384615384615385,13,3.816157341003418,77.7683068215847,-0.9712025,-0.8295351,-1.7572676,0.18577114,0.7481399,0.711839,1.3254681,0.16541004,0.7237545,0.0071852854,0.8741166,0.0,0.96716213,0.7586064,0.031138998,0.0,0.0,0.23291364,0.0,0.048714988,0.23383905,0.22268945,0.7229506,1.2301495,0.27647746,1.2341081,0.3110318,0.0,1.0507143,0.0,0.0,0.6978427,0.11487583,0.85982645,0.0,0.15974699,0.3670608,0.44518495,0.34794167,0.3120542,0.4067163,0.023824677,0.28820938,0.0,0.53660977,0.43832,0.07546544,0.0,0.0,0.27034476,0.0,0.114965014,0.22625774,0.32274327,0.18171495,0.4847517,0.19852681,0.49160585,0.23564683,0.0,0.2998646,0.0,0.0,0.351146,0.2087024,0.47625104,0.0,60,30,mean_std,64,khop_nhip,True
dance_006,D06_P015_T01,P015,train,44.8,79.2,92.4,193.8,5.101955,9.997858153846154,1.2253138052419843,12.271641,8.107659,13.0,1.0,0.07692307692307693,13,3.486532688140869,78.36833447217941,-3.768092,-2.3199267,-2.598315,0.16643283,0.5957084,0.56139714,1.2291545,0.07880734,0.63776535,0.0050936034,0.5889975,0.0,0.7208554,0.52061677,0.024970062,0.0,0.0,0.153698,0.0,0.01915306,0.19888476,0.13337478,0.78700095,1.3298234,0.26854548,1.373071,0.22674817,0.0,1.1865761,0.0,0.0,0.58054674,0.05938476,0.79621094,0.0,0.15167198,0.2859377,0.3025584,0.33101687,0.22540697,0.34472635,0.01764476,0.19269314,0.0,0.33255565,0.32859695,0.06988192,0.0,0.0,0.21264215,0.0,0.06634816,0.20986255,0.1879095,0.17780297,0.3041577,0.18005964,0.45959118,0.19156729,0.0,0.17111541,0.0,0.0,0.29563355,0.11195989,0.36961958,0.0,60,30,mean_std,64,khop_nhip,True
dance_006,D06_P016_T01,P016,val,33.9,77.9,98.6,180.0,5.994951,11.233614076923079,1.6776352868716253,13.528987,8.355946,13.0,0.0,0.0,13,3.7615299224853516,77.86476647853851,-1.1161499,-1.4008504,-0.008105326,0.21499555,0.70401967,0.7264807,1.3419442,0.06632881,0.8718399,0.010191757,0.77366394,0.0,1.0233432,0.6434605,0.05457488,0.0,0.0,0.2276903,0.0,0.0,0.1764334,0.124940835,0.7162877,1.3135722,0.21183944,1.1930867,0.19189937,0.0,1.0024346,0.0,0.0,0.7319713,0.13197602,0.8453915,0.0,0.19361801,0.5276893,0.33610657,0.399262,0.15054888,0.27256668,0.035305284,0.4899706,0.0,0.4432145,0.4571751,0.10937358,0.0,0.0,0.266093,0.0,0.0,0.17486857,0.22613823,0.21476984,0.4136337,0.15362588,0.33608326,0.25415996,0.0,0.23505026,0.0,0.0,0.34788096,0.20947503,0.44849315,0.0,60,30,mean_std,64,khop_nhip,True
dance_006,D06_P017_T01,P017,train,49.9,79.3,92.0,201.6,5.02768,10.672346538461538,2.261272670189464,16.154637,7.54438,13.0,1.0,0.07692307692307693,13,3.634799003601074,78.29858958721161,-2.203265,-1.6914483,-0.7061646,0.23217353,0.66686827,0.60221857,1.2775141,0.090256914,0.6461292,0.017907817,0.7139243,0.0,0.75678444,0.52069765,0.006676612,0.0,0.0,0.23120226,0.0,0.018752992,0.15029256,0.096465185,0.78237957,1.245526,0.3380447,1.3917018,0.28584749,0.0,1.1435791,0.0,0.0,0.5697151,0.11646784,0.75397426,0.0,0.12788096,0.45452937,0.40193516,0.43410805,0.15136224,0.23449144,0.062034503,0.3896852,0.0,0.48932734,0.46831787,0.022406878,0.0,0.0,0.28436077,0.0,0.03877206,0.16734163,0.2548508,0.20477672,0.43561348,0.27397612,0.43876076,0.26386362,0.0,0.1716319,0.0,0.0,0.2503448,0.15096955,0.46647528,0.0,60,30,mean_std,64,khop_nhip,True
dance_006,D06_P018_T01,P018,val,44.2,80.5,96.9,197.1,5.41901,10.168558538461541,1.3022589187563285,12.300239,8.060249,13.0,1.0,0.07692307692307693,13,3.555429220199585,77.88195955753326,-2.2860553,-1.8995571,-2.2504187,0.08121427,0.7241496,0.6897916,1.1541884,0.1412892,0.73675275,0.0043449877,0.6075346,0.0,0.8072454,0.6157184,0.012837061,0.0,0.0,0.18996018,0.0,0.026239173,0.30311918,0.23654944,0.5673977,1.160755,0.32075837,1.2100201,0.39716038,0.0,1.094976,0.0,0.0,0.8596878,0.0586444,0.75539154,0.0,0.11039513,0.39534912,0.24136364,0.3573242,0.25753355,0.50991243,0.015051477,0.32852727,0.0,0.45538443,0.39359233,0.04446888,0.0,0.0,0.21149911,0.0,0.062032375,0.21501122,0.25889653,0.25391862,0.3144785,0.26665866,0.51641077,0.28153452,0.0,0.16261278,0.0,0.0,0.38746452,0.09447261,0.40941423,0.0,60,30,mean_std,64,khop_nhip,True
dance_006,D06_P019_T01,P019,train,46.5,80.0,88.3,194.7,5.090577,10.442531846153846,2.801698698931853,16.665387,6.665152,13.0,1.0,0.07692307692307693,13,3.6281561851501465,78.03467825055122,-2.0713692,-2.7817273,-2.173979,0.12721898,0.6988239,0.60167986,1.3270823,0.076508954,0.7469222,0.012889117,0.7483836,0.0,0.8688363,0.6142293,0.03880631,0.0,0.0,0.25945058,0.0,0.0,0.21718429,0.11742269,0.7860547,1.2160212,0.3163481,1.3221644,0.34234518,0.0,1.0127429,0.0,0.0,0.6738115,0.088113934,0.8079973,0.0,0.09673539,0.3148833,0.31725487,0.35938445,0.1402821,0.3381118,0.030242119,0.21206945,0.0,0.52744764,0.37875953,0.11094002,0.0,0.0,0.2788322,0.0,0.0,0.15597267,0.12527601,0.21353537,0.31719646,0.2454375,0.46602827,0.20686774,0.0,0.3100901,0.0,0.0,0.27415216,0.108138554,0.4777393,0.0,60,30,mean_std,64,khop_nhip,True
dance_006,D06_P020_T01,P020,train,51.7,79.8,96.6,207.3,4.43349,9.342861076923075,1.4504217188557722,12.589002,6.742231,13.0,1.0,0.07692307692307693,13,3.1223514080047607,78.80368149280548,-4.789924,-2.3230581,-2.0973723,0.14089091,0.49719965,0.40608418,1.0287877,0.18259324,0.45074457,0.0013845998,0.5342421,0.0,0.5606307,0.4046474,0.0,0.0,0.0,0.10702738,0.0,0.06823887,0.12630333,0.057865556,0.71364254,1.0656214,0.2694197,1.3102272,0.18595776,0.0,1.1572008,0.0,0.0,0.5715201,0.03459271,0.5359898,0.0,0.18622634,0.44695342,0.245552,0.3421309,0.289867,0.24824648,0.004796395,0.2734527,0.0,0.40223467,0.40448797,0.0,0.0,0.0,0.22177768,0.0,0.14181085,0.14330418,0.099821195,0.10224177,0.2794727,0.23475379,0.4677509,0.18182638,0.0,0.21860144,0.0,0.0,0.30906576,0.074668474,0.44559133,0.0,60,30,mean_std,64,khop_nhip,True
dance_007,D07_P002_T01,P002,val,46.8,76.4,71.6,181.8,4.895368,11.105130454545455,1.84472787578244,13.443783,7.949877,11.0,0.0,0.0,11,6.080784320831299,73.89712166786194,5.552562,-3.2640955,1.1511446,0.028275175,1.76147,1.6782554,2.2417717,0.0,1.7554451,0.0,1.5700772,0.0,2.254457,1.5431378,0.1259343,0.0,0.0,0.9916298,0.0,0.0,0.31719378,1.0864422,0.67080253,1.4404438,0.24354883,0.5322286,0.81650996,0.0,0.46267292,0.0,0.0,1.7966546,0.40169305,1.4482722,0.0,0.05894111,0.33972302,0.3518773,0.254836,0.0,0.40481123,0.0,0.2133556,0.0,0.41566706,0.32576013,0.17375363,0.0,0.0,0.26258317,0.0,0.0,0.2006014,0.25894412,0.16008174,0.20242622,0.18981147,0.2546093,0.23295115,0.0,0.256395,0.0,0.0,0.33032763,0.17662798,0.27273935,0.0,60,30,mean_std,64,khop_nhip,True
dance_007,D07_P003_T01,P003,train,52.6,81.2,84.3,202.5,3.911555,8.200919800000001,1.785641771411545,12.141719,5.469461,10.0,1.0,0.1,10,4.036077499389648,76.92269778251648,1.5728135,2.9013555,0.46041685,0.041251127,0.86530435,0.801429,1.1533611,0.34201032,0.9088516,0.009471681,0.6059257,0.0,0.9280341,0.72734565,0.050048817,0.0,0.0,0.47380573,0.0,0.2312406,0.27774423,0.4110453,0.66157866,1.1746318,0.28484908,0.76457757,0.6193348,0.0,0.9289773,0.0,0.006117782,1.3060585,0.17269358,0.7075304,0.0,0.07294426,0.48853713,0.5642116,0.44867703,0.46766895,0.6701064,0.028415043,0.5174339,0.0,0.68475777,0.48206514,0.10029968,0.0,0.0,0.39288744,0.0,0.28351054,0.27461585,0.5150496,0.350167,0.5728907,0.24439208,0.42268145,0.29793972,0.0,0.33655074,0.0,0.018353347,0.40898642,0.3026548,0.48654848,0.0,60,30,mean_std,64,khop_nhip,True
dance_007,D07_P004_T01,P004,train,41.1,72.6,94.8,183.9,4.769943,9.519466727272727,1.5177506876022513,12.13065,5.949921,11.0,1.0,0.09090909090909091,11,4.558313846588135,75.93754604458809,1.2940419,-2.1530516,4.510371,0.13998891,1.1256446,1.2012643,1.5922765,0.13131069,1.508971,0.0,0.81751496,0.0,1.3726376,0.97253567,0.084653474,0.0,0.0,0.56002367,0.0,0.06401196,0.19996442,0.6438202,0.66917497,1.246001,0.24957046,0.7771332,0.61465526,0.0,0.82549834,0.0,0.0,1.3886396,0.213758,1.1842798,0.0,0.19998097,0.46585,0.32360002,0.262781,0.28274032,0.3313082,0.0,0.28569278,0.0,0.2945759,0.3479593,0.11607798,0.0,0.0,0.25585958,0.0,0.14239109,0.12441196,0.3030645,0.15026005,0.32662052,0.2008549,0.24932952,0.2689247,0.0,0.2709162,0.0,0.0,0.4166006,0.1580232,0.38267758,0.0,60,30,mean_std,64,khop_nhip,True
dance_007,D07_P005_T01,P005,train,37.6,70.5,85.5,171.0,4.365158,8.935517125,1.4046502054874228,10.556137,5.930101,8.0,0.0,0.0,8,5.521269798278809,74.86424559354782,4.7090983,-3.3556147,0.096568376,0.030738465,1.5258956,1.3408605,1.9510744,0.0,1.7002703,0.0,0.98410577,0.0,1.9658185,1.0745091,0.11893523,0.0,0.0,0.9477494,0.0,0.0,0.17914812,0.725822,0.8487882,1.6842724,0.35507113,0.62022626,0.84007835,0.0,0.7562223,0.0,0.0,1.614862,0.31660104,1.3821769,0.0,0.07322923,0.21707791,0.288847,0.48260182,0.0,0.5202123,0.0,0.47308066,0.0,0.45677558,0.30273506,0.09838865,0.0,0.0,0.3004879,0.0,0.0,0.1935657,0.41844484,0.15661715,0.32012787,0.20638591,0.4336496,0.38699013,0.0,0.23458724,0.0,0.0,0.3413438,0.17462611,0.22649378,0.0,60,30,mean_std,64,khop_nhip,True
dance_007,D07_P006_T01,P006,train,50.9,77.9,89.4,200.1,4.361281,9.233334999999999,1.0493347021137638,10.771944,7.18642,11.0,0.0,0.0,11,4.945492744445801,75.7111094892025,3.6184168,-2.3083124,1.6298755,0.10154527,1.3466073,1.1741745,1.69949,0.032631114,1.3683376,0.0039696316,1.1096442,0.0,1.6666583,1.1121007,0.051530037,0.0,0.0,0.6697406,0.0,0.021775581,0.13709141,0.60278356,0.69327635,1.2833513,0.22792567,0.7883683,0.69419044,0.0,0.83536124,0.0,0.0,1.4278142,0.19353518,1.2593364,0.0,0.10889182,0.33362278,0.5151304,0.39145857,0.103188656,0.4963778,0.012553078,0.25990665,0.0,0.49283952,0.41094264,0.10982441,0.0,0.0,0.42562184,0.0,0.052096467,0.14425406,0.42327482,0.23938212,0.42849705,0.18109249,0.45150653,0.2817987,0.0,0.39962596,0.0,0.0,0.41543564,0.18604365,0.41628107,0.0,60,30,mean_std,64,khop_nhip,True
dance_007,D07_P008_T01,P008,train,44.4,76.4,92.3,190.8,4.58713,10.478002363636364,2.333782377085212,14.42272,6.092531,11.0,1.0,0.09090909090909091,11,4.812170505523682,75.93760779500008,2.586964,0.39794296,3.1729171,0.078236274,1.1712722,1.1000762,1.73312,0.17731062,1.6082629,0.0,0.8836592,0.0,1.5345277,0.8770193,0.03157181,0.0,0.0,0.7133195,0.0,0.082897075,0.25985005,0.5169191,0.8054618,1.2658904,0.26439908,0.8286816,0.6528082,0.0,0.79349405,0.0,0.0,1.4502187,0.18495521,0.9634434,0.0,0.10318673,0.43682465,0.4950885,0.39159387,0.4285735,0.5171551,0.0,0.43466502,0.0,0.5897204,0.40113392,0.056225512,0.0,0.0,0.3715113,0.0,0.22181357,0.23832563,0.5357191,0.27968875,0.42818874,0.19997527,0.2523003,0.29361704,0.0,0.25519645,0.0,0.0,0.3200374,0.25778484,0.30572015,0.0,60,30,mean_std,64,khop_nhip,True
dance_007,D07_P009_T01,P009,train,49.6,76.3,88.5,196.2,4.449602,8.229088272727273,1.160296427772904,11.017519,6.684026,11.0,1.0,0.09090909090909091,11,4.595395565032959,75.97520717978477,1.985193,-1.7446753,2.2350829,0.07600878,1.1831284,1.1663104,1.592921,0.1702781,1.258327,0.0,0.8923254,0.0,1.4769943,1.0637429,0.019679893,0.0,0.0,0.6691792,0.0,0.020641899,0.17167227,0.67417777,0.6790748,1.2502649,0.23445435,0.7727554,0.6184597,0.0,0.6931245,0.0,0.0,1.2579917,0.23438802,1.2446833,0.0,0.15479173,0.41145498,0.43483502,0.3322109,0.33692065,0.5048552,0.0,0.24031582,0.0,0.4711358,0.3405765,0.047832843,0.0,0.0,0.4168459,0.0,0.058822628,0.13227654,0.38161424,0.20461707,0.3998724,0.17311604,0.38216233,0.21686986,0.0,0.28441465,0.0,0.0,0.38079384,0.17167005,0.39299443,0.0,60,30,mean_std,64,khop_nhip,True
dance_007,D07_P010_T01,P010,train,46.6,63.0,93.2,182.4,4.039826,8.052900545454545,1.1294800377358976,10.261929,6.278434,11.0,1.0,0.09090909090909091,11,4.435701847076416,76.37214213609695,2.7243536,-2.3851807,4.7494073,0.11693769,1.0671096,1.0675759,1.5490972,0.094733596,0.9831209,0.0,0.72333086,0.0,1.3208495,1.0496571,0.11415794,0.0,0.0,0.5314596,0.0,0.0077515026,0.15768689,0.4555185,0.6364972,1.4251932,0.39757073,0.81455076,0.5418872,0.0,0.81883883,0.0,0.0,1.1321528,0.2202145,1.3244252,0.0,0.15884215,0.41321734,0.46061453,0.31408536,0.21680385,0.64935154,0.0,0.31772515,0.0,0.41651815,0.40526265,0.21309672,0.0,0.0,0.35576442,0.0,0.024512403,0.1993878,0.4677251,0.13797775,0.31547272,0.27861446,0.40230566,0.24446929,0.0,0.26374817,0.0,0.0,0.4972784,0.25932097,0.39635694,0.0,60,30,mean_std,64,khop_nhip,True
dance_007,D07_P011_T01,P011,train,26.8,69.6,80.5,151.2,5.011841,9.9707041,1.6418074387560468,12.817076,7.911382,10.0,1.0,0.1,10,4.912846088409424,75.86460116505623,5.021386,-2.5313456,3.5415852,0.09845416,1.2891121,1.0737966,1.5160382,0.049892273,1.1370445,0.0,0.7040163,0.0,1.5130546,1.0115502,0.07208403,0.0,0.0,0.61097896,0.0,0.08657165,0.18929073,0.60112655,0.7649814,1.6083677,0.37592936,0.6779414,0.8574173,0.0,0.96384066,0.0,0.0,1.2289345,0.28200743,1.5273907,0.0,0.18763547,0.58827007,0.49041882,0.40112153,0.1318579,0.49098304,0.0,0.31158772,0.0,0.44183436,0.51752853,0.11538302,0.0,0.0,0.4558777,0.0,0.16628341,0.18416087,0.4204473,0.24278419,0.38085887,0.26558232,0.48054755,0.614766,0.0,0.46775246,0.0,0.0,0.50286394,0.26494205,0.52966803,0.0,60,30,mean_std,64,khop_nhip,True
dance_007,D07_P012_T01,P012,train,40.4,77.5,71.0,172.8,5.133177,10.777370363636363,1.601351423313405,13.306512,8.722728,11.0,1.0,0.09090909090909091,11,5.7728118896484375,74.30144682526588,3.7814112,-2.4077463,2.2312696,0.04650634,1.7433517,1.6095977,2.0345075,0.0,1.7023765,0.003127443,1.4596763,0.0,2.1043167,1.397174,0.013090063,0.0,0.0,0.93696904,0.0,0.0,0.23332691,1.1064048,0.75010645,1.4939879,0.16917421,0.64137876,0.7238578,0.0,0.45008573,0.0,0.0,1.6492559,0.45265505,1.368574,0.0,0.12745655,0.28423217,0.23829816,0.34659362,0.0,0.36985865,0.009889841,0.29030603,0.0,0.33461845,0.28773147,0.027774604,0.0,0.0,0.24411067,0.0,0.0,0.1458704,0.14347556,0.24025355,0.18277918,0.18621501,0.23966493,0.14176577,0.0,0.25626,0.0,0.0,0.24626274,0.19223808,0.26533616,0.0,60,30,mean_std,64,khop_nhip,True
dance_007,D07_P013_T01,P013,train,26.5,71.5,91.6,159.0,5.587305,12.305397636363637,2.5588926147228848,17.430342,9.366503,11.0,2.0,0.18181818181818182,11,5.680909633636475,74.78277695178986,5.7789345,-2.2654467,4.07277,0.15356092,1.6107816,1.3838818,1.8171203,0.0,1.7566127,0.0,0.97124106,0.0,1.9801342,1.1634438,0.09802053,0.0,0.0,0.8317297,0.0,0.050430167,0.13113718,0.6182773,0.7461081,1.8051357,0.32806122,0.6906843,0.8485626,0.0,0.83088547,0.0,0.0,1.6100998,0.3279413,1.6536657,0.0,0.23108713,0.3017455,0.3250944,0.49352995,0.0,0.49935532,0.0,0.39538708,0.0,0.38641846,0.4942327,0.24205059,0.0,0.0,0.34257734,0.0,0.15184475,0.1716843,0.30960682,0.29845655,0.356685,0.18234603,0.42208976,0.42772657,0.0,0.2943476,0.0,0.0,0.4296398,0.1922487,0.49952167,0.0,60,30,mean_std,64,khop_nhip,True
dance_007,D07_P014_T01,P014,train,30.6,72.0,89.8,164.7,5.19005,9.957792818181817,1.0731014496614109,11.946605,8.920362,11.0,2.0,0.18181818181818182,11,4.789229393005371,75.83923497796059,2.2341688,-2.060698,4.020399,0.15921994,1.1911792,1.1647538,1.7872195,0.16365327,1.2251817,0.00070161914,0.8936247,0.0,1.5260792,1.1780715,0.03524985,0.0,0.0,0.69511664,0.0,0.020884965,0.14087279,0.4825062,0.7077183,1.3856845,0.35079023,0.7931545,0.5962883,0.0,0.8231189,0.0,0.0,1.2769967,0.2458229,1.4317676,0.0,0.22362171,0.37086216,0.31985325,0.286134,0.23845188,0.5378352,0.0022187144,0.3541261,0.0,0.33464321,0.27273163,0.07745013,0.0,0.0,0.29575256,0.0,0.044305712,0.19884917,0.34122697,0.2263077,0.42991424,0.18590803,0.38419977,0.26338923,0.0,0.28706762,0.0,0.0,0.44032747,0.284045,0.29667386,0.0,60,30,mean_std,64,khop_nhip,True
dance_007,D07_P015_T01,P015,train,50.0,75.7,91.5,198.0,4.332503,9.27795509090909,1.8286004736702803,13.365728,7.002539,11.0,1.0,0.09090909090909091,11,4.838886260986328,75.61456602811813,3.1951818,-2.1234617,2.941058,0.13306727,1.2136083,1.3557982,1.5487021,0.025887512,1.5509155,0.0,0.7590763,0.0025056817,1.5745816,1.0086011,0.10714581,0.0,0.0,0.6381831,0.0,0.016442848,0.24319722,0.7665342,0.7353821,1.5354136,0.15096167,0.64932626,0.6397668,0.0,0.76381344,0.0,0.0,1.4490085,0.24796759,1.1836275,0.0,0.17472726,0.4251867,0.32941326,0.31728554,0.057779156,0.43719667,0.0,0.28880432,0.007923662,0.39735603,0.43211877,0.15944569,0.0,0.0,0.22167611,0.0,0.05199685,0.19894773,0.48740947,0.2453414,0.33315933,0.18096963,0.33362222,0.25945333,0.0,0.24235094,0.0,0.0,0.4006967,0.18985923,0.45846155,0.0,60,30,mean_std,64,khop_nhip,True
dance_007,D07_P016_T01,P016,val,30.4,66.9,93.8,162.0,5.24899,10.815833,1.8502703030994243,13.808385,8.029014,11.0,1.0,0.09090909090909091,11,5.184447765350342,75.56932392716408,4.339244,-2.117036,3.8460839,0.09431152,1.3609387,1.2599038,1.5961379,0.022524768,1.6620336,0.009073007,0.84228516,0.0,1.640169,1.0394807,0.021446561,0.0,0.0,0.8029055,0.0,0.04625313,0.18235931,0.53918034,0.7362161,1.576284,0.2045815,0.8629369,0.7749618,0.0,0.94461256,0.0,0.0,1.4778134,0.22365037,1.3124425,0.0,0.13020231,0.512579,0.5214312,0.2969036,0.053170703,0.5961339,0.028691366,0.30398,0.0,0.6505348,0.34190223,0.048331726,0.0,0.0,0.47499135,0.0,0.124594234,0.20718738,0.41946304,0.122986004,0.5498821,0.19500472,0.4173443,0.55376565,0.0,0.23963414,0.0,0.0,0.37038717,0.3096108,0.430344,0.0,60,30,mean_std,64,khop_nhip,True
dance_007,D07_P017_T01,P017,train,45.0,75.8,98.0,194.4,4.831485,10.133008181818182,2.880225010569323,14.517706,4.903683,11.0,1.0,0.09090909090909091,11,4.828625679016113,76.17568099498749,3.8065991,-2.2134383,1.9522324,0.09003665,1.317039,0.9806933,1.6053027,0.0,1.1037899,0.031337447,0.80811954,0.0,1.4963574,1.0138751,0.06701543,0.0,0.0,0.5690372,0.0,0.0,0.09804369,0.51092553,0.78135914,1.643544,0.35481888,0.85803324,0.535706,0.0,0.8266702,0.0,0.0,1.2241821,0.18073605,1.3904269,0.0,0.13019493,0.47428465,0.50297034,0.3377828,0.0,0.8109335,0.099097714,0.37147582,0.0,0.6632479,0.45640302,0.20901407,0.0,0.0,0.37590858,0.0,0.0,0.13285342,0.41373563,0.2881213,0.4158916,0.16032061,0.54922575,0.24716298,0.0,0.2928193,0.0,0.0,0.5597265,0.1623342,0.42514986,0.0,60,30,mean_std,64,khop_nhip,True
dance_007,D07_P018_T01,P018,val,44.0,75.0,78.9,180.9,4.602901,8.82001390909091,1.6068135802830088,10.806898,5.605079,11.0,0.0,0.0,11,4.139221668243408,76.61199948191643,0.47121057,-2.1949575,0.66412616,0.06134628,1.1387976,0.8997368,1.5432712,0.23238558,0.7917053,0.0,0.8152756,0.0,1.2462157,1.0365425,0.02031769,0.0,0.0,0.5908285,0.0,0.053080536,0.08235511,0.30621502,0.51194674,1.1737964,0.3332699,0.7131121,0.5338555,0.0,0.8635536,0.0,0.0,1.2137817,0.1693021,1.0150973,0.0,0.102816716,0.37591743,0.4482098,0.34693512,0.3347381,0.43035787,0.0,0.29395527,0.0,0.44935316,0.35023233,0.055431485,0.0,0.0,0.36962116,0.0,0.12071103,0.09463237,0.29468307,0.14677806,0.54668164,0.19997862,0.38881287,0.23980777,0.0,0.26254573,0.0,0.0,0.31125885,0.15723592,0.44932044,0.0,60,30,mean_std,64,khop_nhip,True
dance_007,D07_P019_T01,P019,train,46.1,75.9,93.1,193.2,4.264969,8.42323509090909,1.8379129418480205,12.717264,6.354724,11.0,1.0,0.09090909090909091,11,4.889798641204834,75.52939677238464,3.1900666,-2.7789886,2.177491,0.05634638,1.2653846,1.268881,1.8067364,0.02302848,1.3460312,0.007859495,0.8512386,0.0,1.6368508,1.0795099,0.11792891,0.0,0.0,0.84953314,0.0,0.0,0.19267353,0.6381834,0.7804319,1.432198,0.2715961,0.68260103,0.6569429,0.0,0.61812234,0.0,0.0,1.4643403,0.27210456,1.3149081,0.0,0.09073321,0.2874325,0.4405635,0.17798391,0.049732756,0.48447815,0.02485391,0.31352532,0.0,0.30901763,0.36582598,0.1871059,0.0,0.0,0.314362,0.0,0.0,0.17539014,0.42480826,0.22606298,0.27295515,0.19700824,0.32583928,0.22929859,0.0,0.32077003,0.0,0.0,0.33195063,0.17702422,0.33782363,0.0,60,30,mean_std,64,khop_nhip,True
dance_007,D07_P020_T01,P020,train,51.8,76.3,82.1,195.6,3.52727,7.665323090909093,1.6237262737953013,10.606431,4.746786,11.0,1.0,0.09090909090909091,11,4.2643723487854,76.42616161704063,0.11000229,-2.0417202,-0.46707204,0.12569113,1.1135429,1.0892644,1.552875,0.1201025,1.1325116,0.0007818741,0.8609291,0.0,1.3633943,1.0037138,0.00013985959,0.0,0.0,0.68078536,0.0,0.013521112,0.10099504,0.46368113,0.66079617,1.1652819,0.155296,0.87956166,0.5011771,0.0,0.6958485,0.0,0.0,1.2989926,0.18628296,0.9798109,0.0,0.17036678,0.40164322,0.31177264,0.30767354,0.25358817,0.35985476,0.0024725026,0.26166025,0.0,0.40975615,0.3436584,0.00044227488,0.0,0.0,0.24583995,0.0,0.04275751,0.118890114,0.28613052,0.3013199,0.3265531,0.1875206,0.30072692,0.24436659,0.0,0.26028982,0.0,0.0,0.3213532,0.16445932,0.24185051,0.0,60,30,mean_std,64,khop_nhip,True
dance_008,D08_P002_T01,P002,val,34.5,80.1,78.4,171.0,4.735264,13.862762736842106,3.1206056815885974,20.310443,9.506472,19.0,2.0,0.10526315789473684,19,3.516535758972168,77.60559007525444,-2.6350415,-1.2638549,-2.330744,0.078481756,0.8014694,0.786153,1.4165134,0.25681964,0.71470475,0.01115784,0.8165026,0.0,0.9723344,0.7306765,0.00817761,0.0,0.0,0.25475553,0.0,0.025734337,0.19658138,0.21380341,0.5440872,1.0120888,0.36115167,1.0111424,0.30907297,0.0,0.8553876,0.0,0.0,0.9203707,0.119462036,0.73184896,0.0,0.09323871,0.28796306,0.2726621,0.35453293,0.24949794,0.46303925,0.047338706,0.36969686,0.0,0.35579622,0.2989881,0.026319241,0.0,0.0,0.23691809,0.0,0.078315064,0.17280948,0.21770827,0.14399317,0.21985097,0.217386,0.24958819,0.23160611,0.0,0.24803725,0.0,0.0,0.305263,0.14102916,0.22901572,0.0,60,30,mean_std,64,khop_nhip,True
dance_008,D08_P003_T01,P003,train,33.0,78.4,81.8,169.2,4.441237,11.4704554,1.9555145075706224,14.337521,7.991972,15.0,0.0,0.0,15,2.6894004344940186,79.3785160779953,-8.040839,0.7524249,-5.742734,0.14025731,0.26647678,0.32821274,0.74589556,0.36127862,0.315266,0.06173866,0.31813225,0.0,0.25522625,0.19003266,0.0030327137,0.0,0.0,0.036798555,0.0,0.08375943,0.26609313,0.07660058,0.6082331,0.9580098,0.23554291,1.4994531,0.070984,0.0,1.0620042,0.0,0.0,0.25943312,0.017126782,0.37898764,0.0,0.09994783,0.18861485,0.2662497,0.30722624,0.275168,0.25813532,0.10852493,0.2422284,0.0,0.23844394,0.25562775,0.011347376,0.0,0.0,0.07871259,0.0,0.18707736,0.21638961,0.12740299,0.13879408,0.21926081,0.22679992,0.24099424,0.114907436,0.0,0.21218795,0.0,0.0,0.18487819,0.043142077,0.31595507,0.0,60,30,mean_std,64,khop_nhip,True
dance_008,D08_P004_T01,P004,train,41.6,81.7,92.8,191.7,4.212583,10.976419736842107,1.8613292195845828,13.605006,7.461067,19.0,0.0,0.0,19,2.831500291824341,79.1056796014309,-7.0081377,-0.14232367,-4.762591,0.14418733,0.33258253,0.4160618,0.8529861,0.37006265,0.4691804,0.009706755,0.42995042,0.0,0.30545345,0.27548406,0.0004306326,0.0,0.0,0.06838332,0.0,0.09455615,0.24033932,0.13062564,0.6056106,1.042256,0.22459742,1.4363779,0.07914414,0.0,1.0640111,0.0,0.0,0.34638685,0.014757138,0.5067232,0.0,0.11026498,0.23431441,0.2209368,0.27686405,0.28895617,0.3248305,0.033714604,0.22048022,0.0,0.24764799,0.24394904,0.001827019,0.0,0.0,0.13775799,0.0,0.20718887,0.19446182,0.19209512,0.18151091,0.22746639,0.2473916,0.24773136,0.11383456,0.0,0.20340082,0.0,0.0,0.19430195,0.032573022,0.33828667,0.0,60,30,mean_std,64,khop_nhip,True
dance_008,D08_P005_T01,P005,train,40.1,82.5,78.7,181.5,4.488117,11.409833875,1.9800586240818379,13.849049,8.0339,8.0,0.0,0.0,8,2.930175304412842,78.85679125785828,-6.097294,-0.36475903,-2.27528,0.17910683,0.3827019,0.42114276,0.9966917,0.31204885,0.6150502,0.011851098,0.5525314,0.0,0.38873526,0.3027721,0.0,0.0,0.0,0.13674724,0.0,0.09344669,0.266065,0.119227506,0.6604063,0.91491795,0.29946658,1.3807101,0.21041314,0.0,1.0457468,0.0,0.0,0.54841274,0.027652051,0.49510795,0.0,0.11543341,0.21281753,0.20953731,0.3489124,0.23232906,0.40279046,0.031172642,0.31252232,0.0,0.31985027,0.2466272,0.0,0.0,0.0,0.14142598,0.0,0.14842644,0.20464915,0.1629243,0.1085643,0.1264315,0.22967726,0.20768622,0.14877045,0.0,0.28570932,0.0,0.0,0.250015,0.0723489,0.19667809,0.0,60,30,mean_std,64,khop_nhip,True
dance_008,D08_P006_T01,P006,train,31.0,76.9,30.3,133.8,5.956824,12.712032631578948,2.8943025552347748,18.021182,8.478978,19.0,4.0,0.21052631578947367,19,3.352299451828003,78.27463594079018,-3.7368927,1.0440946,-1.4679531,0.19111979,0.47463727,0.86378187,1.0673095,0.21926352,0.8297035,0.024015982,0.6145709,0.0,0.6790697,0.4461138,0.014703077,0.0,0.0,0.1660496,0.0,0.054716777,0.3734869,0.29573902,0.66785324,1.2921095,0.18035288,1.3269559,0.16167687,0.0,0.9013054,0.0,0.001142799,0.5549242,0.15557812,0.6241264,0.0,0.16330752,0.305446,0.27604517,0.28575104,0.23567991,0.31874534,0.070154734,0.28906184,0.0,0.37861463,0.31211713,0.037938286,0.0,0.0,0.16788721,0.0,0.12998588,0.32440197,0.25825968,0.20904371,0.35106125,0.13160677,0.2257931,0.22808959,0.0,0.18616766,0.0,0.004848485,0.3788939,0.20515627,0.31437683,0.0,60,30,mean_std,64,khop_nhip,True
dance_008,D08_P007_T01,P007,train,33.3,77.8,77.7,166.5,4.390118,12.509262500000002,3.6949546512155456,18.753704,6.059175,14.0,1.0,0.07142857142857142,14,3.3058383464813232,77.8360635638237,-2.846542,-1.104423,-2.0505326,0.07469357,0.72150165,0.7292482,1.3009039,0.23220982,0.6793932,0.0025702915,0.7398934,0.0,0.8615374,0.6538763,0.00985751,0.0,0.0,0.1779674,0.0,0.03266539,0.16303216,0.23191066,0.514296,0.97322667,0.3143019,1.0172691,0.25410542,0.0,0.78088236,0.0,0.0,0.85595626,0.13020088,0.7071425,0.0,0.0897175,0.3253315,0.35194984,0.29132807,0.22477141,0.37931144,0.009267321,0.4164188,0.0,0.3470543,0.41747645,0.03366258,0.0,0.0,0.18465145,0.0,0.10482163,0.1857244,0.29223603,0.124966495,0.161953,0.22106184,0.24151362,0.2094229,0.0,0.23024344,0.0,0.0,0.2627506,0.16970187,0.2605888,0.0,60,30,mean_std,64,khop_nhip,True
dance_008,D08_P008_T01,P008,train,30.9,78.1,88.1,169.5,5.187611,12.979996000000002,2.7435446118289732,17.778682,8.936981,19.0,2.0,0.10526315789473684,19,3.2841339111328125,78.27774551510811,-4.0683303,1.6898937,-1.7680403,0.09936369,0.51914394,0.6318207,1.0994945,0.36105895,0.7865398,0.03500812,0.67717314,0.0019147694,0.57370365,0.46715334,0.01140842,0.0,0.0,0.1755012,0.0,0.06874657,0.34915024,0.19376221,0.5640607,1.0228895,0.18980603,1.278237,0.2131053,0.0,0.9423906,0.0,0.008573008,0.6537621,0.053313687,0.585481,0.0,0.13314839,0.34323466,0.33705816,0.38549274,0.44563133,0.5120769,0.063789435,0.25116676,0.008123681,0.46619737,0.2618476,0.027307585,0.0,0.0,0.23853144,0.0,0.12325254,0.28298798,0.24426945,0.13125238,0.3657376,0.20478225,0.34361205,0.23404334,0.0,0.28664377,0.0,0.03637219,0.38923478,0.0942733,0.4145637,0.0,60,30,mean_std,64,khop_nhip,True
dance_008,D08_P009_T01,P009,train,36.1,78.7,92.6,180.6,4.908808,13.367474052631579,2.426399481558881,18.282156,7.497268,19.0,1.0,0.05263157894736842,19,2.9847514629364014,78.83693739771843,-5.3524394,-0.30061424,-2.868478,0.13846256,0.37527037,0.5078228,1.0060053,0.24544688,0.46991038,0.008042124,0.43331292,0.0,0.41355744,0.38283145,0.0048046643,0.0,0.0,0.12191342,0.0,0.0413224,0.26213658,0.11349487,0.6561998,1.1419202,0.2629547,1.344472,0.14566574,0.0,1.01678,0.0,0.0028697653,0.348054,0.04848041,0.58370507,0.0,0.13302119,0.2928165,0.27079022,0.38505092,0.25402382,0.3245693,0.023628239,0.31842065,0.0,0.31113446,0.29980934,0.01893352,0.0,0.0,0.16931945,0.0,0.08304166,0.2797234,0.17624557,0.1818801,0.18950635,0.2578117,0.28349337,0.23086452,0.0,0.1752511,0.0,0.012175378,0.28528568,0.08837357,0.38155693,0.0,60,30,mean_std,64,khop_nhip,True
dance_008,D08_P010_T01,P010,train,47.4,82.3,97.7,203.7,3.696346,9.703998818181818,3.082092563871495,17.307153,6.241887,11.0,1.0,0.09090909090909091,11,2.961561918258667,78.95796379446983,-5.921119,1.4375719,-4.2919827,0.13579953,0.30801356,0.46487513,0.79309803,0.45839116,0.48837507,0.026205659,0.46486893,0.0,0.29705656,0.31248355,0.00065780093,0.0,0.0,0.08271335,0.0,0.14223799,0.29720768,0.16836673,0.6278435,0.9392122,0.27290395,1.479938,0.14809093,0.0,1.0736117,0.0,0.0010873255,0.43429843,0.05622115,0.42290738,0.0,0.11086697,0.26990333,0.3391975,0.40492356,0.3582444,0.41584054,0.0634153,0.38611013,0.0,0.24874985,0.30630994,0.002080149,0.0,0.0,0.15154491,0.0,0.21694551,0.20202564,0.27225348,0.16146512,0.22123258,0.23326075,0.2574311,0.2246557,0.0,0.29495814,0.0,0.003438425,0.3710714,0.10580538,0.29982293,0.0,60,30,mean_std,64,khop_nhip,True
dance_008,D08_P011_T01,P011,train,45.1,83.8,94.0,199.5,4.241161,8.642721733333333,1.412766240567465,10.830252,5.439421,15.0,1.0,0.06666666666666667,15,2.9011223316192627,79.191300958395,-6.3314333,1.345703,-5.912877,0.17518562,0.23873378,0.38480842,0.8619211,0.38937774,0.4536138,0.040497296,0.46023014,0.0,0.23529966,0.2077935,0.0,0.0,0.0,0.085608155,0.0,0.09069279,0.34191987,0.078254655,0.73161685,0.9583051,0.26871693,1.4682548,0.09358772,0.0,1.0971859,0.0,0.0,0.26969585,0.05662819,0.35733402,0.0,0.16544674,0.24985027,0.2869186,0.3755241,0.28674918,0.37401885,0.06519981,0.31258398,0.0,0.3184053,0.2898805,0.0,0.0,0.0,0.24108747,0.0,0.1499011,0.29146096,0.15000795,0.24853721,0.23978955,0.2379744,0.28138122,0.1741588,0.0,0.1490239,0.0,0.0,0.31136435,0.1454957,0.30931312,0.0,60,30,mean_std,64,khop_nhip,True
dance_008,D08_P012_T01,P012,train,36.2,78.1,80.3,172.8,4.267905,11.394394315789473,2.1553402980419794,15.587433,7.95481,19.0,2.0,0.10526315789473684,19,3.4381906986236572,77.76626354455948,-2.2225826,-1.848166,-2.2200234,0.096432135,0.7360445,0.7799859,1.3960315,0.10410911,0.8009017,0.0,0.7345601,0.0,0.95964384,0.6125043,0.028278543,0.0,0.0,0.28433305,0.0,0.020666867,0.20766088,0.21524598,0.6369824,1.1201457,0.29983225,1.04226,0.23100936,0.0,0.7374991,0.0,0.0,0.8334547,0.1433274,0.68820363,0.0,0.121855795,0.24047811,0.29623646,0.27670962,0.17525834,0.38492942,0.0,0.32643455,0.0,0.35376096,0.2857162,0.043612488,0.0,0.0,0.24555854,0.0,0.055394676,0.1898134,0.24533616,0.16739243,0.23840381,0.21732943,0.2761755,0.2406379,0.0,0.2719398,0.0,0.0,0.3570809,0.16649915,0.21076293,0.0,60,30,mean_std,64,khop_nhip,True
dance_008,D08_P013_T01,P013,train,42.2,82.3,91.7,192.3,4.667878,10.836809157894736,2.2404298312304944,15.623462,7.936357,19.0,2.0,0.10526315789473684,19,2.803766965866089,79.12021520733833,-6.717025,0.34922218,-4.44812,0.1237404,0.28091395,0.46103993,0.8786537,0.3668512,0.47026935,0.022984587,0.4017417,0.0,0.2559893,0.2532756,0.0036053527,0.0,0.0,0.07020708,0.0,0.08100615,0.3072444,0.141443,0.672615,0.99022526,0.23072986,1.3957067,0.10037963,0.0,1.0342717,0.0,0.0,0.34790334,0.05783713,0.410743,0.0,0.10648112,0.285648,0.20937349,0.33038324,0.28397003,0.285122,0.060398597,0.31046358,0.0,0.21606748,0.3044303,0.015018689,0.0,0.0,0.1331325,0.0,0.17780799,0.24787483,0.15716463,0.19909263,0.18731464,0.19008136,0.2515706,0.1653079,0.0,0.23151232,0.0,0.0,0.29814035,0.10349928,0.253656,0.0,60,30,mean_std,64,khop_nhip,True
dance_008,D08_P014_T01,P014,train,33.1,78.4,75.7,165.6,4.426039,12.67448194736842,4.86701043981213,25.638366,7.387759,19.0,2.0,0.10526315789473684,19,3.0796611309051514,78.84156206250191,-5.537874,2.332914,-2.9462535,0.15672927,0.3353297,0.55949515,0.75292706,0.27721578,0.7685004,0.03158978,0.3374835,0.0,0.29909918,0.2970645,0.017257458,0.0,0.0,0.07574515,0.0,0.14314343,0.3764864,0.21092801,0.6664323,1.1229258,0.19094512,1.4354746,0.1398082,0.0,1.0526549,0.0,0.008026804,0.46365196,0.02237989,0.5690319,0.0,0.12878801,0.31769907,0.37757286,0.3266209,0.2637663,0.36540717,0.079946354,0.3111307,0.0,0.37074807,0.28757784,0.042677492,0.0,0.0,0.1712645,0.0,0.21494354,0.26769707,0.25510138,0.23733675,0.37554383,0.15449981,0.29801372,0.21469873,0.0,0.16272211,0.0,0.034054834,0.40145433,0.055510994,0.41247895,0.0,60,30,mean_std,64,khop_nhip,True
dance_008,D08_P015_T01,P015,train,41.0,77.9,95.8,189.0,4.927813,10.124217263157893,1.5405733236076293,13.377761,6.668574,19.0,2.0,0.10526315789473684,19,2.9598586559295654,78.93834590911865,-5.3122096,-0.06509782,-3.020836,0.18418737,0.344935,0.518978,0.8907331,0.2014789,0.60933447,0.0021650537,0.46893546,0.0,0.42346197,0.34854883,0.026103342,0.0,0.0,0.07704117,0.0,0.052438993,0.3437534,0.13777666,0.6395769,1.0651337,0.21301965,1.4055167,0.107603475,0.0,0.98578274,0.0,0.0,0.36076498,0.04707119,0.56799155,0.0,0.149341,0.32885048,0.24838486,0.31438142,0.22562514,0.3082167,0.009185545,0.3966209,0.0,0.3623219,0.34225613,0.06613173,0.0,0.0,0.104138054,0.0,0.09861555,0.2666837,0.17956872,0.137422,0.2036964,0.17694259,0.2529351,0.11777026,0.0,0.22310196,0.0,0.0,0.22568445,0.13218279,0.45226705,0.0,60,30,mean_std,64,khop_nhip,True
dance_008,D08_P016_T01,P016,val,33.3,78.0,67.0,160.5,6.097111,12.229104684210528,2.026632944431388,15.142307,7.491939,19.0,0.0,0.0,19,3.1172373294830322,78.46052893996239,-3.2962894,0.75225925,-2.0470397,0.123180486,0.482442,0.61709684,0.95399195,0.20786811,0.63700366,0.038287144,0.49444017,0.0,0.47728804,0.45305055,0.01846263,0.0,0.0,0.17887093,0.0,0.066058785,0.31732377,0.22305183,0.64236546,1.1202288,0.211372,1.1777623,0.1630557,0.0,0.92793715,0.0,0.0,0.53096926,0.07603207,0.6159083,0.0,0.12724029,0.42816788,0.34084946,0.45264235,0.24103071,0.37289047,0.09167175,0.39475483,0.0,0.4455296,0.4026901,0.05921279,0.0,0.0,0.22381099,0.0,0.14108074,0.27077734,0.29025933,0.16895415,0.2686938,0.2562784,0.35609934,0.22185118,0.0,0.24623966,0.0,0.0,0.36787802,0.12289822,0.42655793,0.0,60,30,mean_std,64,khop_nhip,True
dance_008,D08_P017_T01,P017,train,39.4,80.1,92.9,186.9,4.417245,11.281683315789474,1.6486272298894473,14.276968,8.259984,19.0,1.0,0.05263157894736842,19,2.8486196994781494,79.08636716008186,-6.8733335,1.7508279,-4.6074333,0.14107375,0.29079407,0.40918466,0.8554654,0.34360975,0.48033625,0.07862728,0.39535436,0.0,0.2731201,0.27314433,0.0,0.0,0.0,0.062084336,0.0,0.114375606,0.26277813,0.117400296,0.583592,1.0853758,0.21442556,1.3652569,0.108065,0.0,1.0894893,0.0,0.0020772077,0.342622,0.02270979,0.45668396,0.0,0.10259553,0.23397511,0.2642121,0.28134885,0.32521492,0.30991483,0.13756722,0.24896789,0.0,0.3679144,0.2696276,0.0,0.0,0.0,0.14738804,0.0,0.19251841,0.27395922,0.19253364,0.1883241,0.27844614,0.21637154,0.2747898,0.16055228,0.0,0.25547922,0.0,0.005391258,0.26860702,0.06605789,0.34375197,0.0,60,30,mean_std,64,khop_nhip,True
dance_008,D08_P018_T01,P018,val,36.8,80.8,93.5,184.2,5.143924,11.585696571428572,2.0632490423379655,16.390826,8.695948,14.0,1.0,0.07142857142857142,14,2.9726531505584717,78.91003885865211,-6.7586513,1.9015721,-1.6802366,0.11101895,0.31233042,0.44767198,0.95865,0.462831,0.5209414,0.04364962,0.56543744,0.0,0.31474784,0.34647778,0.0028178308,0.0,0.0,0.08307914,0.0,0.13772015,0.36770183,0.15741424,0.5601234,0.91653335,0.23247254,1.4292101,0.14055052,0.0,1.2170765,0.0,0.0,0.37287632,0.05727189,0.34660605,0.0,0.124840304,0.24267063,0.2938859,0.32371733,0.31871134,0.41220123,0.117834516,0.29527175,0.0,0.24602288,0.29194754,0.010159833,0.0,0.0,0.11831595,0.0,0.22595502,0.2994918,0.21016683,0.13232568,0.25086373,0.19762681,0.22705883,0.13448882,0.0,0.23044366,0.0,0.0,0.31405035,0.10470382,0.2154677,0.0,60,30,mean_std,64,khop_nhip,True
dance_008,D08_P019_T01,P019,train,51.3,83.7,80.1,200.4,4.214087,10.758694222222223,1.7649720888695708,13.706593,8.219003,9.0,1.0,0.1111111111111111,9,2.9756062030792236,78.8926373720169,-4.8888555,0.8437032,-4.902357,0.16018876,0.41696644,0.4250906,0.8672883,0.22089356,0.511914,0.044512186,0.5272495,0.0,0.360187,0.39805362,0.01611305,0.0,0.0,0.10312286,0.0,0.04017043,0.25293985,0.16232763,0.63580257,0.9785392,0.1964205,1.416969,0.16764873,0.0,1.0447011,0.0,0.0,0.42388713,0.08952846,0.61466825,0.0,0.13852568,0.25150248,0.4290978,0.34480822,0.24523039,0.4309855,0.11293198,0.2888343,0.0,0.30906963,0.3218062,0.045574587,0.0,0.0,0.23323785,0.0,0.058191508,0.19793609,0.21339671,0.20430249,0.24749915,0.2105728,0.16619428,0.18601485,0.0,0.34537432,0.0,0.0,0.28299707,0.19237164,0.36009473,0.0,60,30,mean_std,64,khop_nhip,True
dance_008,D08_P020_T01,P020,train,40.2,80.9,95.3,190.2,4.798273,12.397892736842106,2.5632888266642677,18.307281,8.627931,19.0,2.0,0.10526315789473684,19,2.946887969970703,78.95785021781921,-5.867239,-0.4202671,-3.6193066,0.12583873,0.39406967,0.45019802,0.92959774,0.2636416,0.43575537,0.011583952,0.42268944,0.0,0.39296702,0.35038817,0.004540087,0.0,0.0,0.08103587,0.0,0.085369706,0.23668851,0.10232645,0.5779363,1.061169,0.27088165,1.3938699,0.083491325,0.0,1.1181885,0.0,0.0,0.4261479,0.023386298,0.59398407,0.0,0.14427915,0.26297933,0.3155891,0.3302934,0.24110818,0.32820326,0.03482909,0.23958746,0.0,0.29810303,0.22104515,0.012566556,0.0,0.0,0.12620826,0.0,0.19460271,0.23720971,0.18956071,0.15523516,0.26547012,0.27036965,0.3164056,0.1242562,0.0,0.24655367,0.0,0.0,0.3070995,0.06414473,0.36381885,0.0,60,30,mean_std,64,khop_nhip,True
dance_009,D09_P002_T01,P002,val,9.2,65.4,65.1,111.6,7.46798,17.276069200000002,2.7537700181262337,23.297772,14.022773,10.0,1.0,0.1,10,5.401278495788574,75.09379833936691,7.6990876,5.260028,6.6538563,0.03842448,1.047729,1.3690672,1.849951,0.12084689,1.0541,0.038610164,1.3062266,0.0,1.4848741,1.4258257,0.07739431,0.0,0.0,0.7916834,0.0,0.062271763,0.5726921,1.1511819,0.57442546,1.7050518,0.27429956,0.90283996,0.25551,0.0,0.7173339,0.17903557,0.0,1.1229794,0.6539091,1.6049312,0.0,0.058111526,0.44990537,0.56402934,0.41814622,0.28783768,0.7436761,0.05635719,0.57990915,0.0,0.6060833,0.35912645,0.14241314,0.0,0.0,0.42250556,0.0,0.14657271,0.44642538,0.686694,0.19608325,0.30562672,0.3369071,0.27819422,0.33404574,0.0,0.38485673,0.29118094,0.0,0.4081471,0.518823,0.4983321,0.0,60,30,mean_std,64,khop_nhip,True
dance_009,D09_P003_T01,P003,train,7.4,70.6,77.5,121.2,6.4897,16.122480555555555,2.453626080142708,20.169529,12.732603,9.0,2.0,0.2222222222222222,9,5.765263557434082,74.68467319011688,8.022451,3.2051656,8.444478,0.065696925,1.1487142,1.4367117,1.9322845,0.053880807,1.390571,0.0,1.3200021,0.0,1.6036003,1.474658,0.09195934,0.0,0.0,0.8700473,0.0,0.055518594,0.40874833,1.0115813,0.52077293,2.0090525,0.31606758,0.8926919,0.21905583,0.0,0.69761187,0.04972385,0.0,1.2960463,0.7242182,1.8037851,0.0,0.07482578,0.3454317,0.4760158,0.44428447,0.13990183,0.88834375,0.0,0.50823224,0.0,0.48253596,0.43389165,0.12339513,0.0,0.0,0.52322614,0.0,0.15703031,0.5265609,0.77135813,0.19311981,0.42440248,0.33298048,0.35502633,0.29681888,0.0,0.29015994,0.11641337,0.0,0.29687697,0.5026817,0.573823,0.0,60,30,mean_std,64,khop_nhip,True
dance_009,D09_P004_T01,P004,train,20.3,76.7,83.2,149.4,5.821026,12.3756404,2.2817188884924984,16.047657,8.890816,10.0,1.0,0.1,10,5.651193141937256,74.95730125904083,6.915549,1.500678,5.0439835,0.16597085,1.0519677,1.3231574,2.0655053,0.0,1.5142301,0.0,1.2238595,0.0,1.6372048,1.3996,0.11441674,0.0,0.0,0.8870157,0.0,0.019847168,0.43097544,0.851596,0.6342329,2.0307314,0.28431386,0.9746849,0.19424312,0.0,0.8532467,0.054859716,0.0,1.155821,0.49902028,1.8314842,0.0,0.23615523,0.33830354,0.4088412,0.515799,0.0,0.5749926,0.0,0.4202975,0.0,0.54462516,0.47020817,0.1153648,0.0,0.0,0.48215488,0.0,0.0595415,0.3104261,0.54186,0.23386382,0.3181634,0.37309033,0.31517678,0.27133214,0.0,0.33195043,0.16164483,0.0,0.33803177,0.3640363,0.50947106,0.0,60,30,mean_std,64,khop_nhip,True
dance_009,D09_P005_T01,P005,train,20.0,74.0,79.9,144.6,6.396535,12.031694571428572,0.534902533823782,12.876063,11.19074,7.0,1.0,0.14285714285714285,7,5.720220565795898,74.76243901252747,6.954347,6.3064084,6.8473396,0.4078514,0.99257976,1.4754086,1.8197803,0.14159189,1.6893408,0.035275064,1.2908581,0.0,1.4623042,1.5898819,0.097419836,0.0,0.0,0.9427772,0.0,0.31083298,0.36534068,0.9134242,0.32714516,1.739981,0.13969323,0.99887085,0.27771607,0.0,0.7042845,0.0,0.0,1.1501265,0.60265625,1.9106342,0.0,0.37606514,0.2818899,0.45664865,0.56038153,0.26783732,0.68732846,0.08640591,0.46531025,0.0,0.50614727,0.52586985,0.12957862,0.0,0.0,0.5734017,0.0,0.27742177,0.3310243,0.69218075,0.2927813,0.4189212,0.24321313,0.38283986,0.41056517,0.0,0.2745154,0.0,0.0,0.36766517,0.49736243,0.8368009,0.0,60,30,mean_std,64,khop_nhip,True
dance_009,D09_P006_T01,P006,train,15.2,71.5,85.8,138.6,5.739189,15.562819916666667,3.3902127438106904,22.052379,10.789839,12.0,2.0,0.16666666666666666,12,5.656884670257568,74.95310774445534,7.89899,4.83869,7.0408654,0.17674555,1.0071183,1.3957716,2.0494092,0.083515085,1.3785367,0.014505505,1.3768698,0.0,1.5860358,1.4559917,0.10840861,0.0,0.0,0.9800752,0.0,0.09047017,0.41692948,0.8509044,0.6209159,1.9193889,0.33861223,0.95210475,0.18424696,0.0,0.7729189,0.14082913,0.0,1.1485306,0.5873309,1.7001888,0.0,0.20507756,0.28243932,0.48883086,0.45091113,0.23983178,0.72480774,0.048109315,0.57888323,0.0,0.5431615,0.43416116,0.1526681,0.0,0.0,0.5776645,0.0,0.2214591,0.43994325,0.66419816,0.23746735,0.3109668,0.35198346,0.34117112,0.254336,0.0,0.3938576,0.23243965,0.0,0.33851302,0.3937349,0.49729323,0.0,60,30,mean_std,64,khop_nhip,True
dance_009,D09_P008_T01,P008,train,22.3,70.5,78.2,144.0,6.348249,13.811468916666668,1.7669788797342516,16.929179,10.936978,12.0,1.0,0.08333333333333333,12,5.7844977378845215,75.04237347841263,6.8201127,2.4957483,6.886507,0.26093924,1.026201,1.35136,2.124614,0.0,1.5281979,0.0,1.2922565,0.0,1.7223425,1.4933519,0.06217708,0.0,0.0,1.064993,0.0,0.0384129,0.36191025,0.7192933,0.6992553,1.9975138,0.26873,1.12787,0.09237339,0.0,0.8820548,0.12659988,0.0,1.0925547,0.4722501,1.8541044,0.0,0.19835883,0.32353547,0.48535755,0.4260718,0.0,0.76091045,0.0,0.5659693,0.0,0.45098266,0.39444458,0.09567048,0.0,0.0,0.42075646,0.0,0.073684916,0.3908724,0.5243911,0.23918964,0.21563034,0.33377385,0.49071997,0.17426479,0.0,0.28740114,0.19375204,0.0,0.34271383,0.4081908,0.44686443,0.0,60,30,mean_std,64,khop_nhip,True
dance_009,D09_P009_T01,P009,train,21.6,73.2,80.3,146.4,5.970971,12.509725000000001,2.0717408813165235,15.46993,9.768747,12.0,0.0,0.0,12,5.625317573547363,75.19099128246307,8.127455,4.0977015,7.485443,0.15967391,1.0257708,1.2072845,1.8895397,0.033309344,1.4999899,0.012118517,1.132981,0.0,1.4775534,1.384068,0.13664246,0.0,0.0,0.89196396,0.0,0.11413454,0.3313162,0.72071916,0.6223977,1.9106984,0.32227805,1.0116593,0.19389446,0.0,0.9634878,0.06675671,0.0,1.2502724,0.46818686,1.8152308,0.0,0.20686966,0.26819032,0.5297842,0.65102595,0.1104746,0.72599775,0.040192574,0.61747,0.0,0.6694466,0.55099255,0.27950346,0.0,0.0,0.4929652,0.0,0.27848658,0.40516442,0.6924688,0.2226306,0.39750287,0.33463505,0.48003134,0.23866083,0.0,0.39329213,0.19071789,0.0,0.4208801,0.42498466,0.73749566,0.0,60,30,mean_std,64,khop_nhip,True
dance_009,D09_P010_T01,P010,train,16.9,72.5,74.3,135.0,7.625009,13.84661711111111,2.169894559877991,17.590876,11.418581,9.0,1.0,0.1111111111111111,9,6.205950736999512,74.22933006286621,8.018869,2.7887528,7.6881456,0.15067928,1.0700054,1.6690611,2.234294,0.0,1.9481928,0.0,1.720585,0.0,1.849237,1.402573,0.10329468,0.0,0.0,0.99926406,0.0,0.0,0.8410605,1.2368568,0.8565997,2.1129417,0.28571585,1.1180443,0.3106562,0.0,0.595515,0.11900988,0.0,1.1713632,0.7791626,1.5505043,0.0,0.16825211,0.3308825,0.3539814,0.37812668,0.0,0.3670036,0.0,0.49881363,0.0,0.34142104,0.39438835,0.1185275,0.0,0.0,0.3836828,0.0,0.0,0.51709086,0.6260151,0.18702255,0.38527697,0.3130776,0.32412687,0.23097177,0.0,0.29542288,0.16252159,0.0,0.23860131,0.4214889,0.36108235,0.0,60,30,mean_std,64,khop_nhip,True
dance_009,D09_P011_T01,P011,train,14.9,72.0,72.5,130.8,5.761501,14.545138333333334,1.8236116618972245,17.717334,11.717938,9.0,1.0,0.1111111111111111,9,5.779378890991211,74.91047239303589,8.229046,1.7780982,8.969219,0.12376552,1.1283193,1.1674161,1.8916125,0.020383777,1.4414198,0.04406667,1.0177721,0.015948389,1.6730232,1.5631177,0.16265085,0.0,0.0,0.94078374,0.0,0.119145244,0.09408701,0.58047533,0.513117,1.9372205,0.3386247,0.9251563,0.21377136,0.0,0.87720233,0.041230492,0.0,1.5061164,0.46203062,2.104873,0.0,0.16516076,0.30688092,0.4382628,0.5580653,0.057654027,0.77074814,0.12463938,0.47677305,0.04510886,0.5998915,0.6200023,0.24512129,0.0,0.0,0.52052516,0.0,0.2267052,0.17327416,0.61771953,0.18166833,0.3541059,0.34753066,0.42107812,0.25761926,0.0,0.41175985,0.077136084,0.0,0.35347393,0.549631,0.83359295,0.0,60,30,mean_std,64,khop_nhip,True
dance_009,D09_P013_T01,P013,train,10.3,67.9,73.6,120.6,7.54054,15.607083750000001,3.740922551217081,22.628455,10.529936,12.0,1.0,0.08333333333333333,12,6.041767120361328,74.54516687989235,8.150018,2.3672915,13.191469,0.0959026,1.2614464,1.4263941,1.8669991,0.0,1.5170342,0.043743104,1.1446881,0.0,1.7319598,1.7027024,0.11371777,0.0,0.0,0.86399823,0.0,0.05418079,0.14847325,0.8266607,0.5655429,2.0764263,0.28599712,0.95823383,0.24012178,0.0,0.7365053,0.010958596,0.0,1.4988055,0.62247425,2.1727967,0.0,0.1271508,0.37801078,0.5295279,0.44952756,0.0,0.8055345,0.10008657,0.7040174,0.0,0.46917272,0.5222491,0.17058493,0.0,0.0,0.37480474,0.0,0.114435434,0.20585138,0.8468611,0.25041556,0.3072705,0.2989205,0.3222951,0.30364978,0.0,0.29866588,0.036345553,0.0,0.48481452,0.6260703,0.6512682,0.0,60,30,mean_std,64,khop_nhip,True
dance_009,D09_P014_T01,P014,train,24.6,75.8,77.3,151.5,5.462268,14.304952166666665,3.26193281944552,19.353225,9.118257,12.0,1.0,0.08333333333333333,12,6.148969650268555,74.5853200852871,7.8733015,1.271568,8.063692,0.21338846,1.232362,1.372655,2.2862313,0.012492194,1.6918455,0.0,1.3285486,0.0,1.950107,1.5131186,0.08439132,0.0,0.0,1.12986,0.0,0.029263958,0.18076628,0.75189596,0.7404912,2.1216931,0.35013962,1.0071026,0.16691959,0.0,0.94334215,0.071496524,0.0,1.2980707,0.5539277,1.9558649,0.0,0.23652206,0.2176529,0.52717644,0.4568794,0.041431915,0.71513754,0.0,0.5078199,0.0,0.5781304,0.41561764,0.11043855,0.0,0.0,0.53066975,0.0,0.07311483,0.22606349,0.544156,0.20570071,0.3440217,0.42637634,0.358313,0.16730703,0.0,0.3596973,0.16394596,0.0,0.2743734,0.42657378,0.42241728,0.0,60,30,mean_std,64,khop_nhip,True
dance_009,D09_P015_T01,P015,train,14.6,71.4,77.0,132.3,6.183537,12.565815000000002,2.913578571545184,16.956378,8.998245,11.0,1.0,0.09090909090909091,11,6.132948875427246,74.51145446300507,7.5214033,3.2643318,8.02511,0.21079174,1.1297089,1.572837,2.2493837,0.0,1.8153214,0.015041072,1.4876317,0.0,1.8762683,1.4341736,0.029184349,0.0,0.0,1.1004539,0.0,0.025208173,0.5518501,1.0312513,0.85361254,1.9913491,0.27570844,1.1600325,0.25529546,0.0,0.8228132,0.112827614,0.0,1.2376139,0.60713834,1.732025,0.0,0.25473532,0.25963965,0.5499859,0.49684972,0.0,0.6564772,0.04756404,0.598337,0.0,0.43370447,0.3816249,0.07676727,0.0,0.0,0.47413418,0.0,0.079715244,0.38389018,0.5155491,0.15121336,0.28058878,0.35506758,0.4147953,0.25480974,0.0,0.26430157,0.16532402,0.0,0.2035948,0.40635467,0.31021953,0.0,60,30,mean_std,64,khop_nhip,True
dance_009,D09_P016_T01,P016,val,21.9,74.2,85.0,150.6,5.37576,12.025227166666665,2.053630228819031,16.235916,8.971062,12.0,1.0,0.08333333333333333,12,6.03900671005249,74.73016008734703,9.702083,3.1283352,5.1453133,0.22065525,1.0910226,1.455088,2.1587703,0.025052488,1.6853381,0.0,1.263735,0.0,1.8563724,1.39173,0.10850272,0.0,0.0,1.0340759,0.0,0.029391766,0.3518766,0.7794872,0.5514057,2.0449574,0.247784,1.1343852,0.18336718,0.0,0.6860375,0.12683235,0.0,1.2346541,0.6370645,1.9164354,0.0,0.13858661,0.42481416,0.52613294,0.52245355,0.0830897,0.67822117,0.0,0.5271182,0.0,0.70140934,0.5126868,0.16678935,0.0,0.0,0.5839255,0.0,0.051394876,0.32358196,0.61509234,0.2552424,0.4549968,0.31472784,0.3684413,0.32929403,0.0,0.3653761,0.39012158,0.0,0.50813514,0.38570884,0.6705259,0.0,60,30,mean_std,64,khop_nhip,True
dance_009,D09_P017_T01,P017,train,19.3,76.4,87.9,150.6,5.697038,12.268857333333335,1.3221845478315213,13.671519,9.37315,9.0,0.0,0.0,9,5.510493755340576,75.2760491669178,6.3650303,1.7933633,7.6336546,0.18338881,1.0698094,1.2462585,1.9625791,0.04458648,1.4648296,0.0,1.2934033,0.0,1.5606328,1.2686521,0.05658069,0.0,0.0,0.8473053,0.0,0.087273344,0.47987857,0.7854044,0.8202215,1.9352877,0.3993719,0.9900905,0.29437748,0.0,0.9239878,0.021185689,0.0,1.1408864,0.46127924,1.5639004,0.0,0.20433642,0.4239683,0.42239413,0.46881312,0.08449324,0.5897088,0.0,0.4977521,0.0,0.6256898,0.4211018,0.10854009,0.0,0.0,0.505072,0.0,0.1759379,0.46936822,0.57850766,0.15873747,0.3261225,0.33231628,0.38434216,0.29301628,0.0,0.2984867,0.05992218,0.0,0.45164713,0.48324454,0.48200688,0.0,60,30,mean_std,64,khop_nhip,True
dance_009,D09_P018_T01,P018,val,17.1,69.6,72.6,131.7,6.081107,12.426091166666666,2.58489960246318,18.858928,9.389825,12.0,1.0,0.08333333333333333,12,6.081398963928223,74.53783512115479,8.345644,2.7956514,9.836393,0.14226212,1.1692194,1.4900241,2.0589468,0.027687332,1.6974233,0.046682645,1.290751,0.0006363715,1.7432672,1.5125246,0.09210718,0.0,0.0,0.89210707,0.0,0.005285243,0.43400005,1.051254,0.6907167,2.0760224,0.34639445,1.0514761,0.24154057,0.0,0.82556605,0.03934189,0.0,1.351575,0.64219564,1.875433,0.0,0.17414092,0.32734615,0.51764566,0.46055743,0.09182849,0.77850586,0.10780401,0.565226,0.0021106056,0.5265748,0.6282146,0.116422616,0.0,0.0,0.49933323,0.0,0.01752917,0.3536272,0.6557554,0.22991219,0.30145147,0.4085525,0.46981117,0.23722345,0.0,0.2783153,0.08836237,0.0,0.46098813,0.51116407,0.6718499,0.0,60,30,mean_std,64,khop_nhip,True
dance_009,D09_P019_T01,P019,train,22.7,75.8,73.7,146.4,8.696493,16.542848583333335,3.2111728203405283,21.407364,9.696279,12.0,1.0,0.08333333333333333,12,5.73585844039917,75.00291827321053,6.626499,1.9004412,6.5474663,0.20955716,1.0191641,1.3566504,2.0714924,0.0,1.6394049,0.0,1.1044201,0.0,1.7504236,1.3761212,0.08879289,0.0,0.0,1.0535818,0.0,0.015668562,0.30275747,0.72589606,0.7319479,2.0826678,0.2380826,1.0241872,0.14623214,0.0,0.8174713,0.07569193,0.0,1.1823307,0.51031107,1.8678991,0.0,0.13615328,0.22322395,0.46333298,0.48322704,0.0,0.5610456,0.0,0.49451983,0.0,0.5561928,0.4105295,0.110410884,0.0,0.0,0.438431,0.0,0.03814572,0.377529,0.5385189,0.24688946,0.3381833,0.30833462,0.25834277,0.18712717,0.0,0.3222258,0.1910395,0.0,0.39353567,0.3602842,0.5225845,0.0,60,30,mean_std,64,khop_nhip,True
dance_009,D09_P020_T01,P020,train,18.0,74.0,76.3,139.5,5.81189,14.178162599999999,2.0783987614046158,16.55618,9.809795,10.0,0.0,0.0,10,5.709623336791992,75.00012296438217,6.765397,2.5533533,8.85186,0.20266108,1.036591,1.4343739,2.0903792,0.0,1.445003,0.0,1.3507768,0.0,1.6424558,1.4675611,0.059021793,0.0,0.0,0.98619115,0.0,0.028168514,0.4384729,0.9520418,0.72328126,1.9588187,0.29597172,1.0509701,0.10401535,0.0,0.8249854,0.08992784,0.0,1.0661514,0.53786916,1.8009831,0.0,0.21037528,0.27272865,0.51292187,0.49941272,0.0,0.44624108,0.0,0.5189942,0.0,0.53757554,0.5198508,0.09133947,0.0,0.0,0.47297052,0.0,0.07528963,0.33241257,0.60869616,0.16358185,0.3330008,0.3265491,0.30557618,0.12321241,0.0,0.31086326,0.18906602,0.0,0.30828828,0.38311052,0.4378083,0.0,60,30,mean_std,64,khop_nhip,True
dance_010,D10_P002_T01,P002,val,21.2,74.4,72.5,142.2,6.371994,14.580305538461541,2.6766276520834547,19.978079,9.384913,13.0,1.0,0.07692307692307693,13,4.761898517608643,75.71211844682693,2.9309688,0.24339265,1.3908526,0.07645966,1.1376946,1.2903569,1.7882588,0.012781607,1.2024667,0.01025573,1.1364053,0.0,1.4586462,1.1217785,0.06134849,0.0,0.0,0.6338024,0.0,0.009956239,0.42326242,0.9539518,0.6959042,1.4983695,0.25304332,0.88504577,0.24762781,0.0,0.5495767,0.028605355,0.0,1.1533388,0.42261726,1.2054887,0.0,0.14496265,0.29972795,0.33033288,0.38125184,0.044276785,0.42255008,0.03338415,0.4816267,0.0,0.29325077,0.3722908,0.12106232,0.0,0.0,0.2313905,0.0,0.034489416,0.32649288,0.33692548,0.18858081,0.21231882,0.2913861,0.40358624,0.14744279,0.0,0.26325384,0.06724771,0.0,0.23080133,0.25676623,0.39382228,0.0,60,30,mean_std,64,khop_nhip,True
dance_010,D10_P003_T01,P003,train,38.4,78.3,91.6,183.0,5.676474,10.222606545454546,2.4169454538994,15.870445,7.189063,11.0,1.0,0.09090909090909091,11,3.8296902179718018,77.20646297931671,-0.43315184,3.7175908,-3.1828976,0.10115564,0.612197,1.023903,1.2875124,0.20638785,0.93153894,0.036226913,0.5943713,0.0,0.88162273,0.7470618,0.09312711,0.0,0.0,0.431793,0.030924382,0.06821401,0.43038255,0.6253589,0.7186983,1.5215905,0.25164583,1.0113975,0.12689579,0.0,0.62880117,0.013190294,0.0,0.64640677,0.29137596,1.1450292,0.0,0.14184313,0.32418248,0.29093763,0.3085983,0.20999554,0.36827987,0.114559546,0.45420316,0.0,0.33066043,0.36019513,0.1694707,0.0,0.0,0.22107857,0.09779149,0.17363583,0.3286438,0.3387133,0.333824,0.34142107,0.22271341,0.35523266,0.16194005,0.0,0.2865493,0.04171137,0.0,0.24452253,0.21540819,0.38879225,0.0,60,30,mean_std,64,khop_nhip,True
dance_010,D10_P004_T01,P004,train,29.8,79.2,95.5,173.4,5.968308,15.879851307692308,2.4108715894803368,21.278794,11.45345,13.0,1.0,0.07692307692307693,13,3.9748940467834473,77.34776777029037,0.4326635,-1.0533755,-1.3374352,0.12565127,0.76063144,0.76131344,1.3468153,0.18177041,0.79677594,0.0021976593,0.5237122,0.0,0.9404389,0.79652977,0.08450167,0.0,0.0,0.3862637,0.0,0.0844223,0.23446852,0.40435678,0.7081728,1.5660722,0.43925893,0.91190803,0.055383053,0.0,0.9323152,0.0,0.0,0.7093468,0.12439951,1.2202924,0.0,0.1675464,0.45432428,0.3376345,0.42193988,0.28077433,0.5067211,0.0076129157,0.2689154,0.0,0.60351104,0.521574,0.13305014,0.0,0.0,0.33416674,0.0,0.14566626,0.25986475,0.2563621,0.16816248,0.29320183,0.26458663,0.6101158,0.1497138,0.0,0.22005968,0.0,0.0,0.45480502,0.22278191,0.6098039,0.0,60,30,mean_std,64,khop_nhip,True
dance_010,D10_P005_T01,P005,train,26.3,78.3,92.5,165.6,5.842906,12.029349,1.5797641661650796,15.244422,9.738614,8.0,1.0,0.125,8,3.7205677032470703,77.63079085946083,-0.53213763,0.26360038,-1.913829,0.089930505,0.72834456,0.69819343,1.2342606,0.19661698,0.7464564,0.004871693,0.585733,0.0,0.74322194,0.74435246,0.08551929,0.0,0.0,0.24210924,0.0,0.07883236,0.33560637,0.48143983,0.6125119,1.3442357,0.30484927,1.1175534,0.13900429,0.0,0.798149,0.0,0.0,0.57647085,0.1783448,1.2594569,0.0,0.12157369,0.52390754,0.40585983,0.28741053,0.2703504,0.24773268,0.012889287,0.30313396,0.0,0.5370494,0.47721997,0.16360089,0.0,0.0,0.28864515,0.0,0.12941277,0.4002148,0.291219,0.34482932,0.27502593,0.19913736,0.42597985,0.13746479,0.0,0.2886877,0.0,0.0,0.4096686,0.17215645,0.5779771,0.0,60,30,mean_std,64,khop_nhip,True
dance_010,D10_P006_T01,P006,train,33.9,81.2,84.9,174.6,5.319949,13.74267576923077,3.352306363761732,18.411641,8.570004,13.0,0.0,0.0,13,3.4126088619232178,77.81198531389236,-2.0495522,1.2251621,-1.4813131,0.06269577,0.6058127,0.71440065,1.1739035,0.4243773,0.5459349,0.009037963,0.49930698,0.0,0.6084331,0.71257794,0.015582146,0.0,0.0,0.33005825,0.0,0.16692853,0.3211282,0.42408067,0.6719792,1.2885741,0.39013484,0.96318823,0.115811035,0.0,0.7619371,0.0034362946,0.0,0.580351,0.20440443,0.9948581,0.0,0.10377419,0.40112895,0.34154642,0.30942434,0.38238406,0.39724168,0.03130842,0.3717953,0.0,0.35266653,0.3798797,0.036550656,0.0,0.0,0.28505832,0.0,0.20490761,0.33401215,0.2495181,0.2546584,0.32099172,0.26819494,0.35929748,0.14669088,0.0,0.3272855,0.011903674,0.0,0.34667462,0.18458398,0.40061536,0.0,60,30,mean_std,64,khop_nhip,True
dance_010,D10_P008_T01,P008,train,35.9,78.2,91.4,179.1,4.729257,10.02858053846154,1.0184808595484531,11.747104,8.18899,13.0,1.0,0.07692307692307693,13,3.89255952835083,76.96450281143188,-1.7321384,6.290045,-0.14429696,0.18155476,0.57766795,1.1827035,0.9903287,0.4720844,1.5341675,0.058873076,0.6899716,0.0,0.8770658,0.5630379,0.02282999,0.0,0.0,0.15505855,0.0,0.24063103,0.5482881,0.88209957,0.56490064,1.1967777,0.10382252,1.0373137,0.32093665,0.012929412,0.7154984,0.0,0.0061344206,1.0280112,0.21694387,0.5880959,0.0,0.12218933,0.3033651,0.41598055,0.30079934,0.38773963,0.39107916,0.14776151,0.30823866,0.0,0.44601956,0.25245667,0.043109894,0.0,0.0,0.14065284,0.0,0.29179138,0.29976526,0.4653548,0.26618043,0.3874436,0.17848466,0.2604709,0.27183524,0.02838291,0.30139765,0.0,0.021250255,0.29638833,0.22211461,0.33005995,0.0,60,30,mean_std,64,khop_nhip,True
dance_010,D10_P009_T01,P009,train,35.9,80.9,80.5,174.9,5.721611,12.417971769230766,2.3058887841207167,17.230865,8.839181,13.0,1.0,0.07692307692307693,13,3.9137136936187744,77.43946713209152,0.69409835,1.3075697,-0.9605375,0.09159232,0.60582745,0.84921736,1.4193994,0.17671031,0.9076814,0.0,0.6737772,0.0,0.8796143,0.72218186,0.13328038,0.0,0.0,0.32778785,0.0,0.034991413,0.4453518,0.6200354,0.7886392,1.4224067,0.35154995,1.0737307,0.07950569,0.0,0.79487884,0.0034167224,0.0,0.6240801,0.1843612,1.0640457,0.0,0.1628616,0.33524066,0.40578035,0.36396852,0.2446547,0.5093964,0.0,0.4682512,0.0,0.49051514,0.47446695,0.1623236,0.0,0.0,0.31655735,0.0,0.07606881,0.44885698,0.48301402,0.24613763,0.24536532,0.24010287,0.32756063,0.15616602,0.0,0.25589323,0.011835875,0.0,0.3498349,0.28151533,0.4381111,0.0,60,30,mean_std,64,khop_nhip,True
dance_010,D10_P010_T01,P010,train,49.8,78.0,85.1,195.9,4.269189,9.008323272727273,1.397947828257751,11.39722,6.502242,11.0,1.0,0.09090909090909091,11,4.348239421844482,76.22998827695847,0.76190394,2.4299326,0.26805586,0.07397387,0.79979604,1.1588734,1.2099899,0.2745259,1.6053284,0.0,0.60167295,0.0,1.0394175,0.85531884,0.088677645,0.0,0.0,0.3823315,0.0,0.258811,0.497513,1.1394124,0.7278191,1.3946084,0.10572262,0.8501358,0.2441072,0.0,0.7220839,0.0,0.0,1.0871555,0.28057632,1.1252646,0.0,0.09733418,0.40476593,0.32111326,0.46648303,0.37571076,0.32544875,0.0,0.42818335,0.0,0.46127006,0.51268435,0.104121596,0.0,0.0,0.27209628,0.0,0.32532853,0.2092416,0.13618194,0.22049376,0.286902,0.15563105,0.3472673,0.21101867,0.0,0.30277565,0.0,0.0,0.30403867,0.23077706,0.57844913,0.0,60,30,mean_std,64,khop_nhip,True
dance_010,D10_P011_T01,P011,train,42.6,80.6,77.8,183.0,5.223236,9.472981636363636,3.211639007476748,18.304485,6.525128,11.0,1.0,0.09090909090909091,11,3.407336950302124,78.15067639946938,-2.5971391,3.831511,-2.4509022,0.082711555,0.4189255,0.6062256,0.99261,0.22211213,1.0621612,0.057840444,0.55687666,0.0,0.55791646,0.3727678,0.04584739,0.0,0.0,0.24515341,0.02818262,0.06693409,0.50489223,0.6743684,0.84900224,1.1502122,0.15776409,1.322647,0.12265356,0.0,0.80614775,0.00075922586,0.0,0.61205167,0.17889898,0.5792145,0.0,0.11306819,0.30602762,0.3914467,0.33529094,0.22623138,0.49036825,0.12164579,0.3325282,0.0,0.38183862,0.38079637,0.114037536,0.0,0.0,0.2361309,0.06030653,0.11037534,0.32067618,0.43589652,0.24936065,0.25838685,0.20906952,0.22495152,0.1460737,0.0,0.2905599,0.002400883,0.0,0.33432728,0.25039813,0.41294616,0.0,60,30,mean_std,64,khop_nhip,True
dance_010,D10_P012_T01,P012,train,22.4,76.5,75.4,147.6,6.734384,15.885889846153844,2.537406745529891,20.806588,10.85353,13.0,1.0,0.07692307692307693,13,4.481910705566406,75.9910494685173,1.3355538,1.9374142,0.7613995,0.03249034,1.0053018,1.1625621,1.6439363,0.24064644,1.1874361,0.0,0.93346024,0.0,1.2289542,1.0084488,0.05025328,0.0,0.0,0.60085577,0.0,0.141121,0.44498202,0.8486898,0.60689837,1.4570014,0.23888317,0.86446506,0.30585048,0.0,0.6088835,0.002945785,0.0,1.0953074,0.41237655,1.1844758,0.0,0.08576269,0.34191763,0.34597093,0.35394174,0.44334704,0.42970368,0.0,0.4221322,0.0,0.39352685,0.32311293,0.12140539,0.0,0.0,0.25185373,0.0,0.34049597,0.3507209,0.35761175,0.20225137,0.15974057,0.26010272,0.40099797,0.13962607,0.0,0.2131648,0.010204497,0.0,0.34053075,0.32010725,0.33111617,0.0,60,30,mean_std,64,khop_nhip,True
dance_010,D10_P013_T01,P013,train,29.1,80.3,88.5,168.9,6.943524,14.529327076923076,2.4037433940167463,17.798594,8.212481,13.0,0.0,0.0,13,3.5699944496154785,77.81397235393524,-1.8221282,0.36244816,-0.42216322,0.07565316,0.5865336,0.7072598,1.2399682,0.29241684,0.7507535,0.042654414,0.54440594,0.0,0.6694424,0.6041671,0.045622442,0.0,0.0,0.31853566,0.0,0.07269564,0.32254142,0.48405284,0.74054474,1.3665239,0.29142886,1.0622897,0.10018735,0.0,0.8897221,0.0,0.0,0.55411875,0.15217589,1.0281209,0.0,0.10116884,0.42632955,0.33794582,0.37525696,0.2531345,0.3809002,0.08445732,0.2625396,0.0,0.47648847,0.4935381,0.12309099,0.0,0.0,0.24681155,0.0,0.10350774,0.298081,0.28963798,0.19592883,0.24610451,0.19919445,0.467106,0.124861285,0.0,0.2887818,0.0,0.0,0.3378445,0.15323229,0.52519053,0.0,60,30,mean_std,64,khop_nhip,True
dance_010,D10_P014_T01,P014,train,26.9,74.7,95.4,164.7,5.978208,12.23444776923077,2.3671220394192787,17.641846,9.479574,13.0,1.0,0.07692307692307693,13,3.725857734680176,77.7026738524437,-1.1702785,1.5022649,-0.7617748,0.12923436,0.5156066,0.8824264,1.194921,0.2198368,0.8662694,0.03597778,0.56000113,0.0,0.68809104,0.6583573,0.035792906,0.0,0.0,0.36304525,0.0,0.039202295,0.41769165,0.6034991,0.88831043,1.4930212,0.20649756,1.1240041,0.1462778,0.0,0.87069505,0.014463429,0.0,0.49923134,0.20555171,1.0015457,0.0,0.13489707,0.29815122,0.3730823,0.29290658,0.26483274,0.51075715,0.078542076,0.36157238,0.0,0.30356634,0.38472158,0.06589194,0.0,0.0,0.19434924,0.0,0.07784396,0.37809485,0.38025782,0.26142794,0.37188286,0.17954305,0.40289825,0.2234715,0.0,0.2966869,0.050102785,0.0,0.32972068,0.24324863,0.46382913,0.0,60,30,mean_std,64,khop_nhip,True
dance_010,D10_P015_T01,P015,train,29.4,77.1,96.4,171.3,6.139936,13.412398,1.97813769983705,16.65207,9.481473,13.0,1.0,0.07692307692307693,13,3.9180550575256348,77.16455429792404,-0.3120805,-0.69944966,-0.14817902,0.094767585,0.75986856,0.8793322,1.4091624,0.34627125,0.8190783,0.0,0.57556945,0.0,0.948418,0.76575243,0.06747951,0.0,0.0,0.3507975,0.0,0.06084848,0.34069604,0.5612149,0.69747484,1.4080399,0.40617085,0.9973154,0.26562607,0.0,0.8167953,0.0,0.0,0.8252153,0.16873589,1.1484966,0.0,0.15420514,0.3648931,0.34869966,0.25258636,0.3655171,0.3856597,0.0,0.28233162,0.0,0.44593018,0.4583514,0.16033302,0.0,0.0,0.29955593,0.0,0.11899504,0.3449788,0.365796,0.21115439,0.18808068,0.19487952,0.5591025,0.20327055,0.0,0.2592758,0.0,0.0,0.45585585,0.18426248,0.4050801,0.0,60,30,mean_std,64,khop_nhip,True
dance_010,D10_P016_T01,P016,val,38.2,78.9,96.3,186.0,6.266122,11.715480846153845,1.6503799194667896,14.806331,8.631492,13.0,1.0,0.07692307692307693,13,3.536065101623535,77.98177909851074,-2.4153001,3.9841733,-3.3063276,0.12813452,0.5775005,0.6278737,0.9847548,0.2930445,0.6846049,0.058024827,0.49772957,0.0,0.65243423,0.72650373,0.048660796,0.0,0.0,0.18978399,0.009920075,0.11290526,0.23886248,0.3022165,0.5929152,1.2456098,0.18257481,1.1189859,0.059387483,0.0,0.79672915,0.0,0.011617324,0.6897952,0.08769181,1.0337675,0.0,0.12455551,0.43039438,0.2856158,0.42116427,0.41426766,0.5724086,0.15747392,0.31167424,0.0,0.47787005,0.6318079,0.076688915,0.0,0.0,0.25700548,0.03436415,0.1570158,0.2423081,0.30347452,0.34892353,0.2722525,0.20401327,0.48067462,0.12199361,0.0,0.2837379,0.0,0.040243596,0.4446531,0.12333213,0.846413,0.0,60,30,mean_std,64,khop_nhip,True
dance_010,D10_P017_T01,P017,train,28.2,79.0,95.1,170.4,6.534743,12.619053636363638,2.263203474224384,16.584885,9.137114,11.0,1.0,0.09090909090909091,11,3.716752052307129,77.58591264486313,-0.6671995,1.797562,-1.6696639,0.06505888,0.6316604,0.8365011,1.2079291,0.31684867,0.8477566,0.054073393,0.57693446,0.0,0.7632284,0.6618522,0.05622116,0.0,0.0,0.31868345,0.0,0.099542856,0.30626938,0.53072315,0.69812185,1.3625412,0.29491538,1.0872883,0.10979975,0.0,0.8168602,0.0,0.0,0.7152325,0.22238487,0.9225474,0.0,0.094411135,0.37961787,0.37303993,0.3016558,0.33445424,0.46827787,0.13207056,0.32624003,0.0,0.51905304,0.50233996,0.12598781,0.0,0.0,0.33830625,0.0,0.1422138,0.28404915,0.42275482,0.25492272,0.3510534,0.29042315,0.3664419,0.13830328,0.0,0.25343046,0.0,0.0,0.45836782,0.266203,0.5840358,0.0,60,30,mean_std,64,khop_nhip,True
dance_010,D10_P018_T01,P018,val,49.3,81.5,85.4,198.6,4.783081,9.290171461538462,2.2341408993711007,15.733639,7.047263,13.0,1.0,0.07692307692307693,13,3.5099782943725586,77.93856152892113,-1.8528537,3.74802,-1.8909835,0.13008438,0.48565325,0.89411694,0.9934359,0.26393357,1.032057,0.026079295,0.47783726,0.0,0.6158088,0.51731825,0.030480828,0.0,0.0,0.30124342,0.0,0.12433422,0.34854287,0.49355453,0.71026427,1.185618,0.13196285,1.1262524,0.21844578,0.0015971145,0.91353154,0.0,0.00879382,0.72459596,0.13704309,0.6171801,0.0,0.21712911,0.33070764,0.40065417,0.57475007,0.2701384,0.35791558,0.07773716,0.47868583,0.0,0.5071136,0.52507794,0.07384712,0.0,0.0,0.26896918,0.0,0.2126216,0.28430957,0.24393144,0.21828449,0.36601737,0.22088383,0.29236156,0.23691998,0.005532567,0.2655036,0.0,0.030462686,0.3249361,0.18795033,0.5750031,0.0,60,30,mean_std,64,khop_nhip,True
dance_010,D10_P019_T01,P019,train,41.2,80.9,87.3,186.9,6.492247,12.991019777777778,2.888894753356522,18.594881,8.958101,9.0,1.0,0.1111111111111111,9,3.718437910079956,77.39684942364693,-0.8930902,1.9186338,-0.87684965,0.04996381,0.74803835,0.8195281,1.351889,0.3848044,0.7102012,0.03845675,0.52111167,0.0,0.7442485,0.72243553,0.04553311,0.0,0.0,0.42356476,0.0034734076,0.09411116,0.29036722,0.5251739,0.7109419,1.3182691,0.3824938,0.92876697,0.26175368,0.0,0.810983,0.0,0.0,0.7939042,0.26071417,1.038446,0.0,0.09835681,0.35421097,0.30474314,0.39666516,0.23886678,0.4826015,0.1087721,0.30979872,0.0,0.46977282,0.4944621,0.08012726,0.0,0.0,0.35905185,0.009824281,0.20173654,0.37730882,0.24909222,0.32613534,0.34989905,0.23511429,0.27921116,0.1481154,0.0,0.20163791,0.0,0.0,0.28183764,0.17701007,0.54264164,0.0,60,30,mean_std,64,khop_nhip,True
dance_010,D10_P020_T01,P020,train,28.7,80.2,90.0,169.2,7.14637,13.355100153846154,2.381352019231604,19.240048,10.155639,13.0,1.0,0.07692307692307693,13,3.889561414718628,77.12820646166801,-0.29728824,-1.3799701,-1.4412268,0.048606113,0.79464656,0.86783725,1.3899777,0.2656372,0.7672919,0.0,0.6614841,0.0,0.9865251,0.8691686,0.040313706,0.0,0.0,0.39648458,0.0,0.022765728,0.30384177,0.5680617,0.67304355,1.4283409,0.37938422,0.8170547,0.10395985,0.0,0.7973903,0.0,0.0,0.7631398,0.18598677,1.1739199,0.0,0.082365856,0.45384797,0.2803668,0.394792,0.3058537,0.34430018,0.0,0.30376402,0.0,0.49040794,0.5371715,0.095040664,0.0,0.0,0.29932386,0.0,0.036655646,0.2860511,0.20518021,0.16668409,0.2715892,0.16898224,0.4822782,0.12405833,0.0,0.30186477,0.0,0.0,0.41317192,0.16230166,0.5409489,0.0,60,30,mean_std,64,khop_nhip,True
dance_011,D11_P003_T01,P003,train,45.3,83.2,87.2,195.0,5.496358,10.258406846153845,2.294879932584771,15.792759,6.851271,13.0,1.0,0.07692307692307693,13,2.85325288772583,79.09024640917778,-5.982105,-0.60953975,-5.1980004,0.1530184,0.2583618,0.42355654,0.9665479,0.22023582,0.48935828,0.0022350685,0.34894425,0.0,0.3449086,0.21314543,0.016855313,0.0,0.0,0.10905865,0.0,0.007491427,0.31229466,0.15537928,0.6889343,1.1197832,0.22298121,1.4276403,0.033994928,0.0,0.92055756,0.0,0.0,0.34407377,0.052293878,0.53660053,0.0,0.14448275,0.19662271,0.2746186,0.31783885,0.21808869,0.2959835,0.007742505,0.31587708,0.0,0.23596781,0.25103143,0.056622405,0.0,0.0,0.1649109,0.0,0.025951065,0.23756991,0.19646433,0.20621054,0.20144595,0.1891179,0.26901248,0.07678286,0.0,0.22010054,0.0,0.0,0.28263512,0.110174745,0.3190263,0.0,60,30,mean_std,64,khop_nhip,True
dance_011,D11_P004_T01,P004,train,39.7,78.1,94.4,186.6,5.848734,12.196268666666667,3.4563749135710893,20.188584,7.378069,12.0,1.0,0.08333333333333333,12,3.2512173652648926,78.61647298932076,-2.9945655,-0.08151678,-3.7821076,0.16088901,0.426412,0.50660926,1.1090246,0.14394164,0.6166341,0.017875247,0.4278288,0.0,0.60932654,0.42621818,0.05969478,0.0,0.0,0.17039643,0.0,0.023166811,0.22789443,0.14075583,0.62894714,1.2030903,0.21949674,1.3667402,0.036246333,0.0,0.9754698,0.0056653433,0.0,0.3881162,0.0856877,0.7327482,0.0,0.121011384,0.31438488,0.43545827,0.41268113,0.16851956,0.3396233,0.05928549,0.2882703,0.0,0.5086933,0.43051258,0.19798517,0.0,0.0,0.28399768,0.0,0.04372191,0.21379718,0.244218,0.21062496,0.38167623,0.16856931,0.39360332,0.07160963,0.0,0.27468455,0.018789819,0.0,0.25509167,0.17685862,0.54897773,0.0,60,30,mean_std,64,khop_nhip,True
dance_011,D11_P005_T01,P005,train,29.3,76.2,84.0,162.9,5.799812,12.52208925,1.6405705492676739,15.459182,10.431091,8.0,1.0,0.125,8,4.221811771392822,76.89620354771614,-0.080434784,0.793168,0.15272337,0.057354037,0.97358656,0.896832,1.3378675,0.16847035,1.1843238,0.059471413,0.56432736,0.0,1.1081574,0.7192084,0.06907137,0.0,0.0,0.3004083,0.0,0.045220606,0.5266238,0.52739304,0.6040421,1.3644196,0.3037331,1.1177348,0.38046136,0.0,1.10151,0.0,0.0,1.0637956,0.03172204,1.0940857,0.0,0.09168268,0.47028533,0.3663004,0.47839037,0.23953505,0.3806913,0.10582476,0.34726134,0.0,0.512975,0.39394784,0.12099987,0.0,0.0,0.3215401,0.0,0.119642474,0.42411277,0.35429636,0.2862424,0.37011856,0.20396326,0.46403933,0.24171789,0.0,0.18110043,0.0,0.0,0.49432424,0.048731014,0.5244706,0.0,60,30,mean_std,64,khop_nhip,True
dance_011,D11_P006_T01,P006,train,43.6,79.5,96.7,195.0,5.459092,10.9791861875,2.178812313571898,16.29279,8.33181,16.0,1.0,0.0625,16,3.2507076263427734,78.29590344429016,-3.220874,-1.2575248,-2.2527459,0.1547806,0.51654154,0.5870034,1.1195815,0.1305428,0.70666975,0.009420107,0.48606437,0.0,0.64231735,0.49303478,0.028168574,0.0,0.0,0.16117959,0.0,0.003643521,0.2296413,0.25274813,0.5772675,1.1770196,0.20262761,1.2834756,0.13650039,0.0,0.924038,0.0,0.0,0.60721266,0.06950936,0.8187312,0.0,0.1581735,0.30110598,0.39578456,0.31499124,0.16672297,0.4458694,0.036483914,0.23670062,0.0,0.40246338,0.33749908,0.070553996,0.0,0.0,0.23984355,0.0,0.014111298,0.2090267,0.28979695,0.16476096,0.29779804,0.19551007,0.39304227,0.18886006,0.0,0.23888718,0.0,0.0,0.3825864,0.09153746,0.3540643,0.0,60,30,mean_std,64,khop_nhip,True
dance_011,D11_P007_T01,P007,train,22.5,72.8,73.3,143.1,6.269384,14.0338965,3.8052307842950706,21.087264,8.416564,16.0,2.0,0.125,16,4.090286731719971,76.89944103360176,0.1395549,-0.2826671,-0.44119877,0.14713766,0.77274966,0.97480375,1.7136886,0.123174444,1.0821571,0.0,0.9864604,0.0,1.1860256,0.8305708,0.016116606,0.0,0.0,0.4749922,0.0,0.021413635,0.28961924,0.35447297,0.5820302,1.2694886,0.25530082,1.0181049,0.24814665,0.0,0.8259436,0.022495873,0.0,0.9627676,0.22621843,0.8811236,0.0,0.14977013,0.33015385,0.34440345,0.35317257,0.15931034,0.33467126,0.0,0.4570542,0.0,0.39839557,0.40777218,0.04034199,0.0,0.0,0.312014,0.0,0.047894776,0.21842195,0.38010895,0.1734521,0.31580427,0.15708059,0.30867997,0.20780592,0.0,0.2797113,0.05771938,0.0,0.2891583,0.21972525,0.36906666,0.0,60,30,mean_std,64,khop_nhip,True
dance_011,D11_P008_T01,P008,train,27.9,72.4,93.0,162.9,5.536481,12.734516750000001,3.936156036934313,20.515785,7.175797,16.0,1.0,0.0625,16,3.7033185958862305,77.90408605337143,-2.456173,-0.43464056,-2.267566,0.14300925,0.61254454,0.672594,1.3479252,0.22912478,0.8746797,0.010240771,0.69279575,0.0,0.81493837,0.64109826,0.023328261,0.0,0.0,0.2722743,0.0,0.07766791,0.22294384,0.18580073,0.66105884,1.2630799,0.30892992,1.3467387,0.17966959,0.0,1.084489,0.0,0.0,0.6631557,0.095260665,0.8709423,0.0,0.11724705,0.34334815,0.28856367,0.37691107,0.26899397,0.47738063,0.025734954,0.3353714,0.0,0.5084326,0.393704,0.06262544,0.0,0.0,0.29978254,0.0,0.15631379,0.17848702,0.19350703,0.24993914,0.44211406,0.17822188,0.37005144,0.19092488,0.0,0.17016625,0.0,0.0,0.33519873,0.1414307,0.39853302,0.0,60,30,mean_std,64,khop_nhip,True
dance_011,D11_P009_T01,P009,train,37.1,81.2,91.9,183.9,5.090403,10.912155499999999,1.9676885651574159,15.795569,7.844144,14.0,2.0,0.14285714285714285,14,3.6486611366271973,78.20200201869011,-1.1136698,-0.58933777,-3.6033287,0.22136697,0.5026445,0.6973829,1.1692641,0.067621924,0.6914455,0.008501312,0.4850218,0.0,0.794115,0.55143154,0.05701721,0.0,0.0,0.2672262,0.0,0.018301794,0.20427965,0.23188423,0.68910366,1.356653,0.20183833,1.4479029,0.06999536,0.0,0.9000941,0.0,0.0,0.5247855,0.1133045,0.92750436,0.0,0.19675548,0.35301802,0.42255798,0.45840308,0.10905536,0.4583,0.021194426,0.336285,0.0,0.5605707,0.4863697,0.14577127,0.0,0.0,0.31811765,0.0,0.03783779,0.19539541,0.27465108,0.24124324,0.45221302,0.24391755,0.5059502,0.13575025,0.0,0.22087461,0.0,0.0,0.38847136,0.126579,0.65587276,0.0,60,30,mean_std,64,khop_nhip,True
dance_011,D11_P010_T01,P010,train,52.0,79.3,93.3,205.5,4.494181,9.824973545454544,1.6772653134171254,13.066763,6.499722,11.0,1.0,0.09090909090909091,11,3.465892791748047,77.68397009372711,-2.164484,2.105097,-2.008288,0.13658269,0.5564798,0.8234295,0.98368895,0.28850824,1.1067687,0.01715626,0.45406094,0.0,0.7008856,0.57273567,0.026232155,0.0,0.0,0.18678902,0.0,0.27540436,0.31127092,0.44940758,0.5714234,1.1161433,0.18667403,1.1092273,0.28859058,0.0,0.86885554,0.0,0.0,0.88118434,0.13020572,0.83664477,0.0,0.15703773,0.3714713,0.38312915,0.3810885,0.22281313,0.31982997,0.05425286,0.3506531,0.0,0.4175808,0.3123836,0.051376358,0.0,0.0,0.26652327,0.0,0.18570934,0.28733945,0.4071383,0.3082492,0.27525046,0.15724677,0.4141796,0.20429188,0.0,0.31416658,0.0,0.0,0.31206605,0.17184632,0.3601717,0.0,60,30,mean_std,64,khop_nhip,True
dance_011,D11_P011_T01,P011,train,52.3,81.7,85.9,203.7,4.709806,7.970258538461538,1.0074002684124517,9.758385,5.784312,13.0,2.0,0.15384615384615385,13,3.221465587615967,78.67707109451294,-4.169978,0.4390988,-4.0825644,0.15293601,0.40258378,0.5773158,1.122103,0.23523657,0.60604787,0.0,0.51549375,0.0,0.52234304,0.31970045,0.0,0.0,0.0,0.18501414,0.0,0.058137815,0.32018393,0.14775862,0.77036566,1.1283517,0.21289518,1.4515436,0.13066123,0.0,0.9900162,0.012173765,0.0,0.47505823,0.0884945,0.6533007,0.0,0.18782684,0.35071403,0.2811277,0.42363933,0.25604004,0.3888922,0.0,0.43310225,0.0,0.33870536,0.25501463,0.0,0.0,0.0,0.25008544,0.0,0.12869184,0.21226169,0.25336468,0.20853102,0.2787729,0.17478843,0.25394166,0.17512967,0.0,0.22020645,0.04217116,0.0,0.30619922,0.18642452,0.28815657,0.0,60,30,mean_std,64,khop_nhip,True
dance_011,D11_P012_T01,P012,train,21.4,70.1,73.3,139.2,5.809692,12.768019062499999,2.4101878437690925,18.451905,9.662616,16.0,2.0,0.125,16,3.82230806350708,77.42702993750572,-0.2364276,0.23153667,-0.41560888,0.15635894,0.73087865,0.8513676,1.5402067,0.06651041,0.8315719,0.008888889,0.86132073,0.0,1.0464218,0.74513173,0.021716807,0.0,0.0,0.40879944,0.0,0.009503407,0.20146853,0.31786302,0.62893957,1.2269863,0.2581967,1.0978688,0.14534365,0.0,0.8194404,0.013375489,0.0,0.81341994,0.2013713,0.85788345,0.0,0.15966791,0.3528818,0.44120875,0.42932734,0.11976815,0.4324553,0.034426514,0.450611,0.0,0.47343644,0.39327726,0.043588243,0.0,0.0,0.38628027,0.0,0.03680653,0.21404462,0.37240052,0.21159925,0.3049283,0.23584774,0.23812942,0.13860041,0.0,0.30814174,0.029485842,0.0,0.2031497,0.20795053,0.3910643,0.0,60,30,mean_std,64,khop_nhip,True
dance_011,D11_P013_T01,P013,train,43.6,81.6,86.3,190.5,5.908711,11.7169376875,3.170682321783036,18.063716,7.069541,16.0,1.0,0.0625,16,3.0844476222991943,78.72958099842072,-4.7858524,-0.19508523,-4.270809,0.19463494,0.48240775,0.5317151,0.97284776,0.18944313,0.48654014,0.013203398,0.45727044,0.0,0.5208763,0.4539665,0.01646901,0.0,0.0,0.16197366,0.0,0.044877186,0.20155373,0.1747806,0.57186323,1.1185408,0.18955109,1.4687426,0.062049285,0.0,0.87271255,0.0,0.0,0.39902145,0.047609992,0.7796817,0.0,0.17115377,0.30767953,0.3262211,0.32875642,0.29424134,0.4670767,0.05113653,0.26613554,0.0,0.37841266,0.3290126,0.06256427,0.0,0.0,0.17891738,0.0,0.11489283,0.23275124,0.22877981,0.15569295,0.19238017,0.21853508,0.36567876,0.12681852,0.0,0.16691056,0.0,0.0,0.3787956,0.07134112,0.29992735,0.0,60,30,mean_std,64,khop_nhip,True
dance_011,D11_P014_T01,P014,train,49.9,83.4,94.4,206.7,4.281756,9.753638125,1.1779128004840742,11.674988,7.20857,16.0,2.0,0.125,16,3.5593724250793457,78.21477773785591,-1.6820205,-2.365624,-2.9231117,0.18967162,0.56478214,0.5963229,1.1891286,0.07698344,0.83187956,0.0007756264,0.52480155,0.0,0.74485093,0.4871277,0.047623027,0.0,0.0,0.21395999,0.0,0.0,0.16683185,0.195727,0.6600741,1.308642,0.23600931,1.3549763,0.13992317,0.0,0.9749803,0.0,0.0,0.60764515,0.08823608,0.9159855,0.0,0.1802997,0.414359,0.31104156,0.328777,0.10103198,0.4537913,0.0030039875,0.22710304,0.0,0.50570375,0.45449552,0.1005484,0.0,0.0,0.27887356,0.0,0.0,0.17311062,0.26561326,0.20497823,0.4239704,0.2394302,0.51155967,0.20189072,0.0,0.2154468,0.0,0.0,0.47400382,0.17301716,0.47826812,0.0,60,30,mean_std,64,khop_nhip,True
dance_011,D11_P015_T01,P015,train,41.8,77.9,97.8,191.4,5.718783,11.204245687499998,2.323846681583327,16.214091,6.990048,16.0,1.0,0.0625,16,3.4571125507354736,78.18495339155197,-2.1794808,-2.0993578,-2.149734,0.13680643,0.62104535,0.6497399,1.1912107,0.08887823,0.6812234,0.0,0.5742541,0.0,0.7994588,0.5571145,0.015365784,0.0,0.0,0.18747912,0.0,0.012370237,0.21868557,0.20888612,0.6291279,1.2053053,0.2952944,1.3191931,0.19598164,0.0,0.9633833,0.0,0.0,0.6408332,0.1048153,0.78291863,0.0,0.15694295,0.41146585,0.30507183,0.27575958,0.12118125,0.3854528,0.0,0.2550166,0.0,0.39898512,0.4503724,0.053234726,0.0,0.0,0.25347206,0.0,0.028577862,0.23097101,0.2801985,0.2883865,0.45340532,0.24552561,0.4809451,0.19269238,0.0,0.21845558,0.0,0.0,0.42169842,0.13442619,0.36940306,0.0,60,30,mean_std,64,khop_nhip,True
dance_011,D11_P016_T01,P016,val,30.3,75.2,82.3,162.3,6.817547,13.354772,1.8271986149050343,17.246034,10.422424,16.0,1.0,0.0625,16,3.966001033782959,77.4397505223751,-1.0875299,-1.6920788,-1.6567329,0.20607391,0.71211505,0.8600193,1.4519188,0.12402487,0.79000455,0.00581932,0.5910904,0.0,1.031676,0.7818601,0.05626878,0.0,0.0,0.35133922,0.0,0.037320614,0.2025369,0.18667632,0.594329,1.6034719,0.3131892,1.1466181,0.13460647,0.0,0.9902968,0.0,0.0,0.7484011,0.13041878,1.2098775,0.0,0.25090036,0.41051766,0.2808041,0.25117564,0.20509918,0.48372567,0.022538131,0.27245736,0.0,0.3932888,0.37587696,0.120166324,0.0,0.0,0.25586066,0.0,0.080236554,0.19986804,0.22281118,0.2210574,0.27948338,0.2115101,0.5293874,0.17354731,0.0,0.24253443,0.0,0.0,0.36961025,0.12696847,0.44363108,0.0,60,30,mean_std,64,khop_nhip,True
dance_011,D11_P017_T01,P017,train,45.3,82.0,91.9,196.8,5.273748,10.314476307692306,2.6473998088030095,15.304678,7.06076,13.0,2.0,0.15384615384615385,13,3.304885149002075,78.51357364654541,-3.9464798,0.81246877,-3.1769078,0.1814945,0.47583768,0.6113064,1.1446036,0.19807172,0.64006764,0.031211186,0.5144072,0.0,0.6271573,0.48926145,0.015912276,0.0,0.0,0.1785995,0.0,0.015501818,0.24784814,0.26015776,0.6432404,1.143042,0.16565396,1.4821894,0.09564431,0.0,0.92380977,0.009036229,0.0,0.45083743,0.122257486,0.89219576,0.0,0.17642349,0.29037568,0.35012695,0.356958,0.20790367,0.27555206,0.10811872,0.28278366,0.0,0.41061634,0.3392243,0.0373313,0.0,0.0,0.27634555,0.0,0.036662363,0.26746628,0.18992868,0.21245398,0.25822708,0.12725332,0.36245483,0.11433126,0.0,0.2530834,0.031302415,0.0,0.20811515,0.24095547,0.4041851,0.0,60,30,mean_std,64,khop_nhip,True
dance_011,D11_P018_T01,P018,val,43.4,79.5,93.6,192.9,5.863853,11.546695999999999,2.0129356797408477,15.102661,7.244811,16.0,1.0,0.0625,16,3.374960422515869,78.1476583480835,-2.7627187,-0.98750275,-1.4834608,0.1337626,0.57859784,0.69466317,1.1874826,0.1852942,0.7404233,0.0011285306,0.53787386,0.0,0.7053408,0.47874188,0.0018396736,0.0,0.0,0.21302147,0.0,0.028846191,0.2147237,0.22768971,0.5556071,1.2273545,0.25258124,1.2572523,0.20789425,0.0,0.96474534,0.0,0.0,0.6489607,0.096688494,0.7621181,0.0,0.1533254,0.3229591,0.32172328,0.33913472,0.21869855,0.40786082,0.0043707807,0.39221665,0.0,0.36637986,0.39333105,0.0071250265,0.0,0.0,0.27443838,0.0,0.06513178,0.20292144,0.29765162,0.12317003,0.34213313,0.22890924,0.3866736,0.19575353,0.0,0.30993366,0.0,0.0,0.30897918,0.16419321,0.392166,0.0,60,30,mean_std,64,khop_nhip,True
dance_011,D11_P019_T01,P019,train,42.9,82.0,92.1,193.5,5.293084,11.438411875,1.5010510817731553,14.461886,9.367668,8.0,1.0,0.125,8,3.036679267883301,78.62292259931564,-6.356781,-1.4721552,-4.142765,0.10208328,0.5101675,0.45670575,1.2484142,0.34357566,0.49696755,0.029128524,0.65026045,0.0,0.5687152,0.5194002,0.0,0.0,0.0,0.124156974,0.0,0.018543381,0.1605856,0.06469002,0.56824005,1.0054283,0.29899365,1.2161715,0.08236328,0.0,1.0900292,0.0,0.0,0.5084237,0.06472655,0.6837266,0.0,0.1199154,0.26619655,0.14397418,0.24025993,0.24596593,0.32526326,0.07706684,0.31483442,0.0,0.2828579,0.2804129,0.0,0.0,0.0,0.15310061,0.0,0.047768846,0.14454949,0.09706713,0.123583116,0.19957069,0.15979743,0.29704815,0.10350064,0.0,0.17804518,0.0,0.0,0.18870884,0.08424518,0.15769885,0.0,60,30,mean_std,64,khop_nhip,True
dance_011,D11_P020_T01,P020,train,40.2,81.6,95.5,191.1,5.412618,11.237765076923077,1.8164980942485274,14.245167,7.334838,13.0,1.0,0.07692307692307693,13,3.3711142539978027,78.5011474788189,-2.76872,0.12452521,-3.5326452,0.25152427,0.42036068,0.6951793,1.0839467,0.14141609,0.65563583,0.0048980713,0.47978368,0.0,0.66172516,0.43447924,0.031543974,0.0,0.0,0.21933505,0.0,0.03726046,0.17076135,0.2081089,0.6353886,1.2240968,0.1559231,1.5012137,0.10074611,0.0,0.9219838,0.0,0.0,0.4380607,0.15756486,0.78426516,0.0,0.17661773,0.35027874,0.43152243,0.35929272,0.20044924,0.42149466,0.016967416,0.33588105,0.0,0.4473963,0.4211224,0.08041341,0.0,0.0,0.26968348,0.0,0.09515525,0.20530057,0.25868282,0.18811609,0.3640456,0.15795732,0.30672985,0.14366084,0.0,0.33441362,0.0,0.0,0.3535817,0.20821908,0.44911548,0.0,60,30,mean_std,64,khop_nhip,True
dance_012,D12_P003_T01,P003,train,41.7,73.5,86.4,180.6,5.162665,9.219827272727272,1.2785867036339982,12.218099,7.570241,11.0,1.0,0.09090909090909091,11,3.541124105453491,78.48784357309341,-2.5603821,-2.7151077,-2.029668,0.24890856,0.5248554,0.5455524,1.3453534,0.110107444,0.46365282,0.0009377267,0.6994225,0.0,0.73158854,0.59949696,0.05860931,0.0,0.0,0.31709793,0.0,0.0011645217,0.22219467,0.057213567,0.7591616,1.1334839,0.26475993,1.5127324,0.110241696,0.0,1.0167094,0.0,0.0,0.47934005,0.08896063,0.9443983,0.0,0.19854003,0.4098307,0.3464666,0.37787774,0.14044215,0.10550794,0.0029653523,0.21345249,0.0,0.41422185,0.4139101,0.14640915,0.0,0.0,0.29788896,0.0,0.0036825405,0.2137536,0.1809252,0.069432236,0.2802598,0.33669627,0.43204978,0.21067779,0.0,0.2884248,0.0,0.0,0.30372468,0.12206793,0.48551852,0.0,60,30,mean_std,64,khop_nhip,True
dance_012,D12_P004_T01,P004,train,40.3,74.2,96.2,184.8,5.477337,10.852715909090909,1.5583991327522584,14.709715,8.741691,11.0,1.0,0.09090909090909091,11,3.7816221714019775,78.10381665825844,-2.5492475,-2.4101858,-0.5046373,0.13475034,0.6426482,0.6472132,1.4211452,0.162539,0.76768,0.023456955,0.83176273,9.528615e-06,0.82331526,0.5599223,0.070004694,0.0,0.0,0.25128976,0.0,0.019419855,0.22491147,0.14345874,0.7971874,1.1687641,0.3670718,1.4672413,0.36653182,0.0,1.2290168,0.0,0.0,0.67620635,0.05319592,0.7179071,0.0,0.12083283,0.33775768,0.27969214,0.3288882,0.3371932,0.23892558,0.07417741,0.21692473,3.0132134e-05,0.47429782,0.44946855,0.22137424,0.0,0.0,0.19522707,0.0,0.06141097,0.16429968,0.34513545,0.15106334,0.38785124,0.21921799,0.45421702,0.27978393,0.0,0.14765367,0.0,0.0,0.32642633,0.0884192,0.4879115,0.0,60,30,mean_std,64,khop_nhip,True
dance_012,D12_P005_T01,P005,train,40.4,80.3,98.7,192.0,4.765858,9.32759525,1.0154783343851743,11.010992,7.8686,8.0,1.0,0.125,8,3.6685373783111572,77.97164541482925,-2.2692635,-2.7241917,-2.262231,0.12985733,0.5882498,0.7553631,1.4245667,0.052330136,0.66892195,0.0,0.73793906,0.005239472,0.90220034,0.65789604,0.076386355,0.0,0.0,0.2208244,0.0,0.0050950367,0.28177193,0.19174877,0.76720476,1.2938466,0.43790153,1.3683923,0.22241718,0.0,1.0088415,0.0,0.0,0.73567456,0.07352415,0.79351574,0.0,0.09308866,0.18182902,0.28373176,0.2384491,0.09290868,0.3026791,0.0,0.43157706,0.013862338,0.18126431,0.3020112,0.117081985,0.0,0.0,0.18669152,0.0,0.013480202,0.28192168,0.3438817,0.20844387,0.25761044,0.3156403,0.4298995,0.23544995,0.0,0.12528585,0.0,0.0,0.26067704,0.10189258,0.3639686,0.0,60,30,mean_std,64,khop_nhip,True
dance_012,D12_P006_T01,P006,train,39.5,75.7,98.7,186.6,5.690505,9.960410615384616,2.0146327471925356,14.276849,7.730577,13.0,1.0,0.07692307692307693,13,3.946464776992798,77.87777155637741,-0.1372523,-1.6070592,0.73942626,0.1395701,0.73254496,0.5434874,1.3620183,0.03252584,0.89333,0.0,0.8395132,0.0,0.9580796,0.6301937,0.066100195,0.0,0.0,0.28403342,0.0,0.04128059,0.24673732,0.14501938,0.7721398,1.1972563,0.2328891,1.4274387,0.23192476,0.0,1.0696876,0.0,0.0,0.7541651,0.07664554,0.8563029,0.0,0.12063044,0.4764346,0.37170035,0.46007,0.070799984,0.54652643,0.0,0.43594086,0.0,0.61339957,0.57142764,0.22897783,0.0,0.0,0.29065123,0.0,0.14300019,0.1873156,0.20867316,0.20899639,0.30970928,0.22521955,0.543431,0.21797487,0.0,0.21954641,0.0,0.0,0.5020268,0.11966761,0.6176232,0.0,60,30,mean_std,64,khop_nhip,True
dance_012,D12_P008_T01,P008,train,13.1,73.9,98.7,145.2,5.359924,19.829946461538462,5.571002810910736,28.135859,12.31643,13.0,0.0,0.0,13,4.906928062438965,75.90612941980362,0.8089606,-0.27708045,0.4965271,0.13716464,1.2440828,1.4384229,1.6011479,0.036396287,1.6025523,0.026107999,1.1450074,0.0,1.5775416,0.83316004,0.013824254,0.0,0.0,0.579085,0.0,0.0112741245,0.49175388,0.605805,0.715744,1.6427649,0.15967514,1.0830665,0.53305495,0.0,0.9774457,0.016790988,0.0,1.3377756,0.17188533,0.8759546,0.0,0.131643,0.31739253,0.3839961,0.30050594,0.12608042,0.2828532,0.090440765,0.20322332,0.0,0.518234,0.27962422,0.047888614,0.0,0.0,0.32261154,0.0,0.03905471,0.30860704,0.2454372,0.086835906,0.40211344,0.13328,0.22816768,0.22525834,0.0,0.18349217,0.049773972,0.0,0.1343452,0.19234315,0.37685257,0.0,60,30,mean_std,64,khop_nhip,True
dance_012,D12_P009_T01,P009,train,44.0,80.1,90.1,192.0,5.159691,10.529811923076924,1.0490965809054997,12.788771,8.64744,13.0,2.0,0.15384615384615385,13,3.4103682041168213,78.48097494244576,-4.3746433,-3.1226542,-1.7419652,0.14359608,0.68139565,0.52187294,1.274606,0.34143117,0.54098964,0.008191606,0.6884843,0.0,0.70430946,0.43170744,0.026022915,0.0,0.0,0.14558741,0.0,0.0072986875,0.13828106,0.1011029,0.7415089,1.0433742,0.42240903,1.3977511,0.35222685,0.0,1.157227,0.0,0.0,0.6439633,0.030173447,0.70369565,0.0,0.15792885,0.3127792,0.19511639,0.23800889,0.33484387,0.3858202,0.026125895,0.26910722,0.0,0.31458166,0.3095439,0.09014602,0.0,0.0,0.14655583,0.0,0.025283396,0.15357906,0.20574652,0.12771839,0.2586432,0.33170593,0.37272796,0.2423726,0.0,0.16117795,0.0,0.0,0.33289897,0.058756907,0.3367557,0.0,60,30,mean_std,64,khop_nhip,True
dance_012,D12_P010_T01,P010,train,45.7,73.7,81.9,183.9,4.82308,11.33901790909091,1.4288421232547612,13.578999,9.621997,11.0,1.0,0.09090909090909091,11,4.27157735824585,77.2510136961937,-1.1226822,-2.6501362,-1.7669777,0.14599626,0.94819695,0.9126942,1.677136,0.04364154,1.0694221,0.0,1.0772071,0.0,1.2028713,0.6613586,0.010505185,0.0,0.0,0.40757564,0.0,0.054724228,0.23837766,0.24365713,0.84364516,1.3637595,0.26802266,1.4268917,0.4239129,0.0,1.0862794,0.0,0.0,0.8870502,0.19730343,0.90055275,0.0,0.11711255,0.31388706,0.26982316,0.26557365,0.13800664,0.32815453,0.0,0.23238218,0.0,0.33967257,0.28357422,0.033220313,0.0,0.0,0.3575956,0.0,0.17305322,0.1525057,0.23311932,0.12953614,0.21919215,0.23181812,0.34901693,0.30723515,0.0,0.28519258,0.0,0.0,0.34300092,0.13005322,0.33062842,0.0,60,30,mean_std,64,khop_nhip,True
dance_012,D12_P011_T01,P011,train,46.3,76.8,77.7,185.4,4.721189,9.32150018181818,1.1846564932837795,11.927787,7.153013,11.0,1.0,0.09090909090909091,11,3.4203741550445557,78.56864178180695,-4.4881945,-1.6246756,-3.2039988,0.17358853,0.48113346,0.52709746,1.3838423,0.07380039,0.5598854,0.014584666,0.8668589,0.0,0.68487555,0.52084154,0.0,0.0,0.0,0.30376962,0.0,0.023373125,0.31831902,0.06595359,0.80148846,1.179402,0.33136833,1.4945811,0.16208754,0.0,1.0581145,0.010757525,0.0,0.4613446,0.035914514,0.68884003,0.0,0.13715442,0.2550095,0.32010382,0.22126019,0.110220835,0.18217392,0.046120763,0.21518146,0.0,0.31794104,0.23220383,0.0,0.0,0.0,0.23527087,0.0,0.07391231,0.24043968,0.19633703,0.10910121,0.25179452,0.21817106,0.20305684,0.20167197,0.0,0.25249717,0.03401828,0.0,0.19349553,0.06666627,0.265883,0.0,60,30,mean_std,64,khop_nhip,True
dance_012,D12_P012_T01,P012,train,29.7,73.4,71.6,153.6,5.267782,11.021297692307694,2.177288558816372,15.212979,8.200767,13.0,1.0,0.07692307692307693,13,4.554160118103027,76.27121660113335,0.37136972,-1.7845718,1.0559435,0.047020316,1.0962348,1.0899276,1.8128844,0.06067204,1.2393386,0.029562114,1.1116952,0.0,1.4325745,1.0019978,0.007607209,0.0,0.0,0.65510327,0.0,0.0640994,0.23641163,0.44947532,0.7066047,1.1801293,0.29466015,1.0298545,0.6038016,0.0,0.92179084,0.0,0.0,1.2268465,0.1652809,0.918232,0.0,0.06357986,0.36511296,0.23514083,0.32559776,0.21017417,0.49854422,0.10240618,0.28688604,0.0,0.45274407,0.23850906,0.026352145,0.0,0.0,0.31920943,0.0,0.22204682,0.16997802,0.3000907,0.09626666,0.23201634,0.32519484,0.35518304,0.27985027,0.0,0.3198026,0.0,0.0,0.39374992,0.078059025,0.2348036,0.0,60,30,mean_std,64,khop_nhip,True
dance_012,D12_P013_T01,P013,train,38.1,77.7,88.1,180.0,5.472773,10.385197153846153,1.738293107937246,13.790155,7.897073,13.0,1.0,0.07692307692307693,13,4.262020111083984,77.30384889245033,0.85693455,-3.511569,-1.7797512,0.10587263,0.9378004,0.79219913,1.6237216,0.08466143,0.92768764,0.00012292083,0.9015569,0.0,1.210947,0.689033,0.051944096,0.0,0.0,0.54089797,0.0,0.0,0.19064038,0.19349766,0.8510888,1.2745584,0.3119755,1.2877113,0.40896267,0.0,1.0499476,0.0,0.0,0.95675784,0.13798799,1.0107435,0.0,0.123922266,0.47700703,0.39984927,0.32452103,0.19859621,0.4458543,0.00042581023,0.24138303,0.0,0.45672306,0.38736245,0.10457851,0.0,0.0,0.36673832,0.0,0.0,0.17453161,0.2214334,0.23884903,0.4206135,0.3356641,0.47974494,0.34298825,0.0,0.40878367,0.0,0.0,0.5109658,0.17737491,0.38341776,0.0,60,30,mean_std,64,khop_nhip,True
dance_012,D12_P014_T01,P014,train,44.5,76.0,94.5,192.0,5.310069,10.586007538461539,2.374604846439172,15.797548,7.483824,13.0,1.0,0.07692307692307693,13,3.9411025047302246,77.88355845212936,-1.5453355,-1.5250341,-0.19310255,0.17166686,0.69167966,0.80982524,1.5915977,0.11274875,0.6772891,0.019154508,0.8385607,0.0,1.0219703,0.6393883,0.0438562,0.0,0.0,0.33386347,0.0,0.01213612,0.21414682,0.12435039,0.79553616,1.3078791,0.35198444,1.4204761,0.2902837,0.0,1.0660443,0.0016029067,0.0,0.6080414,0.13070416,0.9300361,0.0,0.2128561,0.3295186,0.35303825,0.3174145,0.25734708,0.29360285,0.06635317,0.31016216,0.0,0.4290539,0.4382007,0.15192229,0.0,0.0,0.31453046,0.0,0.042040754,0.19181319,0.18501107,0.1293742,0.44678852,0.21284884,0.33013523,0.21295519,0.0,0.2590314,0.005552632,0.0,0.24437456,0.1256602,0.55938053,0.0,60,30,mean_std,64,khop_nhip,True
dance_012,D12_P015_T01,P015,train,45.1,80.3,88.7,193.2,5.349985,9.498616307692307,1.5604122569494443,13.459394,7.146904,13.0,1.0,0.07692307692307693,13,3.4379022121429443,78.52315267920494,-3.9513974,-3.9403768,-2.6326902,0.16246018,0.48877913,0.45276478,1.306051,0.14016707,0.5824572,0.022917697,0.7005807,0.00482124,0.65747607,0.40673238,0.038283937,0.0,0.0,0.22232841,0.0,0.0,0.2285062,0.041086916,0.872921,1.1260566,0.4119659,1.4290557,0.27888608,0.0,1.2100819,0.0,0.0,0.64327216,0.02325658,0.5938547,0.0,0.14373751,0.36822906,0.22271973,0.24884596,0.20057522,0.2379098,0.05739607,0.22638868,0.016701266,0.29946172,0.326437,0.11833851,0.0,0.0,0.23841256,0.0,0.0,0.16413021,0.12624803,0.11935889,0.22457986,0.20285402,0.47481623,0.29495662,0.0,0.21407443,0.0,0.0,0.43668544,0.044085827,0.3914103,0.0,60,30,mean_std,64,khop_nhip,True
dance_012,D12_P016_T01,P016,val,28.2,79.0,95.9,170.7,5.515785,13.13053376923077,1.0463741421760377,15.30546,11.263834,13.0,1.0,0.07692307692307693,13,4.1412672996521,77.05434304475784,-0.054352965,-0.589316,-1.6598668,0.1893727,0.9228156,0.91173977,1.3644704,0.0320883,1.116512,0.07763369,0.97525936,0.004524623,1.1258843,0.8113587,0.051601663,0.0,0.0,0.31469166,0.0,0.032129295,0.31430626,0.2746627,0.60505545,1.3423011,0.23308566,1.1210228,0.33727562,0.0,0.9797667,0.0,0.0,1.0567988,0.07815436,1.043724,0.0,0.13746756,0.3258351,0.30951628,0.3277458,0.11115713,0.27333108,0.12812994,0.270492,0.015673751,0.42604545,0.42597812,0.1078754,0.0,0.0,0.257567,0.0,0.07831569,0.2502724,0.29903442,0.26762754,0.51549155,0.29365522,0.5031602,0.26127708,0.0,0.23610261,0.0,0.0,0.3256097,0.12991108,0.6074969,0.0,60,30,mean_std,64,khop_nhip,True
dance_012,D12_P017_T01,P017,train,39.6,75.1,93.9,183.3,5.712155,10.331887153846152,1.6903329094928583,15.160758,8.904121,13.0,1.0,0.07692307692307693,13,3.5956640243530273,78.1467519402504,-2.4298446,-4.5696163,-0.2398777,0.10654443,0.6982738,0.6296389,1.2369641,0.20439863,0.6377186,0.0,0.7127017,0.0,0.75711054,0.5485203,0.05961533,0.0,0.0,0.2088685,0.0,0.0,0.11640994,0.15591596,0.76441723,1.1056424,0.42215723,1.3306578,0.4243929,0.0,1.2334085,0.0,0.0,0.80133307,0.046004355,0.7472254,0.0,0.10729381,0.3846664,0.3083914,0.2171224,0.2336479,0.2657848,0.0,0.26067957,0.0,0.30585405,0.4536969,0.20651355,0.0,0.0,0.1837185,0.0,0.0,0.10771106,0.2609391,0.19571814,0.2855763,0.4053369,0.53025645,0.28131914,0.0,0.21002476,0.0,0.0,0.37076348,0.086449526,0.37978476,0.0,60,30,mean_std,64,khop_nhip,True
dance_012,D12_P018_T01,P018,val,41.1,80.2,85.9,185.4,5.211477,10.234450153846154,1.1487541809169315,12.541297,8.237811,13.0,1.0,0.07692307692307693,13,3.700929641723633,77.758884370327,-2.758408,-3.4088168,-1.2599484,0.05466715,0.7645844,0.6664378,1.3077677,0.04502133,1.0478204,0.0063269367,0.70061743,0.0,0.8641596,0.47255787,0.011992306,0.0,0.0,0.31049517,0.0,0.0335213,0.28452665,0.16885112,0.7930448,1.1965849,0.30694994,1.2757863,0.48408735,0.0,1.1216435,0.0,0.0,1.0616984,0.037453227,0.6246337,0.0,0.054875016,0.28024152,0.24519162,0.22383651,0.103855565,0.34893388,0.021917151,0.23008484,0.0,0.2805465,0.30714217,0.039732,0.0,0.0,0.2875232,0.0,0.1161212,0.17400461,0.203926,0.10329347,0.2874913,0.27168766,0.35572407,0.34160602,0.0,0.1746914,0.0,0.0,0.32588616,0.08686045,0.3435718,0.0,60,30,mean_std,64,khop_nhip,True
dance_012,D12_P019_T01,P019,train,41.9,78.2,96.2,190.8,5.403177,9.627468285714285,1.947287771219147,14.275047,8.42547,7.0,1.0,0.14285714285714285,7,3.504800319671631,78.3041680753231,-2.557186,-3.4418645,-2.9643717,0.10039991,0.5923224,0.5929319,1.3185517,0.16588248,0.5728208,0.00059948966,0.77155083,0.021761447,0.7038069,0.52211946,0.059488703,0.0,0.0,0.17624013,0.0,0.0,0.29705057,0.18133807,0.74988574,1.1017078,0.46916628,1.3248564,0.26654944,0.0,1.2241995,0.0,0.0,0.6983889,0.020431027,0.61215454,0.0,0.067113645,0.30084157,0.2725696,0.30286878,0.16552885,0.3234444,0.0014684438,0.4204724,0.05330444,0.30859756,0.40549737,0.14571697,0.0,0.0,0.24327704,0.0,0.0,0.22021213,0.343618,0.16221476,0.14595196,0.23221017,0.41449237,0.22555158,0.0,0.15782635,0.0,0.0,0.22700791,0.0378521,0.5403589,0.0,60,30,mean_std,64,khop_nhip,True
dance_012,D12_P020_T01,P020,train,50.9,82.1,97.1,208.5,5.272279,9.014359153846154,1.8686141690200353,15.059914,7.313295,13.0,1.0,0.07692307692307693,13,3.2327888011932373,78.82855588197708,-5.349111,-1.5931147,-2.3105857,0.14282356,0.42812842,0.35820144,1.1832858,0.23696746,0.4567087,0.032785855,0.6409667,0.0,0.53464127,0.40164602,0.025104761,0.0,0.0,0.13136059,0.0,0.042794533,0.187628,0.06261534,0.7450582,1.0120854,0.365255,1.5286857,0.20098993,0.0,1.18699,0.0,0.0,0.5284889,0.02146493,0.59597456,0.0,0.141748,0.32714528,0.26372218,0.29334876,0.30337358,0.20665492,0.09311399,0.23213524,0.0,0.34479117,0.34574297,0.08624218,0.0,0.0,0.17573582,0.0,0.100393854,0.18370977,0.21690589,0.14930782,0.22434448,0.2770479,0.34298387,0.20314099,0.0,0.20002379,0.0,0.0,0.27441418,0.05112058,0.35812292,0.0,60,30,mean_std,64,khop_nhip,True
