dance_id,video_id,window_id,start_frame,end_frame,start_time,end_time,dtw_distance_windowed,threshold,excess,dtw_flagged,rank,flag,in_audit_sample,audit_order,has_error,error_type,severity,annotator,notes,reviewed
dance_012,D12_P008_T01,10,300,360,10.0,12.0,28.135859,14.304425,13.831434,1,1,⚠️ nghi ngờ có lỗi,0,,1,missed_move,0.6,ngan,,1
dance_012,D12_P008_T01,4,120,180,4.0,6.0,27.401047,14.304425,13.096622,1,2,⚠️ nghi ngờ có lỗi,0,,,,,,,
dance_012,D12_P008_T01,5,150,210,5.0,7.0,26.530377,14.304425,12.225952,1,3,⚠️ nghi ngờ có lỗi,0,,,,,,,
dance_008,D08_P014_T01,3,90,150,3.0,5.0,25.638366,15.296403,10.341963,1,4,⚠️ nghi ngờ có lỗi,0,,,,,,,
dance_008,D08_P014_T01,2,60,120,2.0,4.0,25.581555,15.296403,10.285152,1,5,⚠️ nghi ngờ có lỗi,0,,,,,,,
dance_012,D12_P008_T01,6,180,240,6.0,8.0,24.277737,14.304425,9.973312,1,6,⚠️ nghi ngờ có lỗi,0,,,,,,,
dance_012,D12_P008_T01,3,90,150,3.0,5.0,23.9322,14.304425,9.627775,1,7,⚠️ nghi ngờ có lỗi,0,,,,,,,
dance_009,D09_P012_T01,11,330,390,11.0,13.0,27.566041,19.54512,8.020921,1,8,⚠️ nghi ngờ có lỗi,0,,,,,,,
dance_003,D03_P002_T01,6,180,240,6.0,8.0,22.144158,14.232737,7.911421,1,9,⚠️ nghi ngờ có lỗi,0,,,,,,,
dance_009,D09_P012_T01,0,0,60,0.0,2.0,27.215759,19.54512,7.670639,1,10,⚠️ nghi ngờ có lỗi,0,,,,,,,
dance_004,D04_P013_T01,0,0,60,0.0,2.0,23.831986,16.304395,7.527591,1,11,⚠️ nghi ngờ có lỗi,0,,,,,,,
dance_012,D12_P008_T01,11,330,390,11.0,13.0,21.441866,14.304425,7.137441,1,12,⚠️ nghi ngờ có lỗi,0,,,,,,,
dance_011,D11_P002_T01,15,450,510,15.0,17.0,22.235901,15.951577,6.284324,1,13,⚠️ nghi ngờ có lỗi,0,,,,,,,
dance_009,D09_P007_T01,0,0,60,0.0,2.0,25.44465,19.54512,5.89953,1,14,⚠️ nghi ngờ có lỗi,0,,,,,,,
dance_007,D07_P007_T01,7,210,270,7.0,9.0,18.3495,12.479667,5.869833,1,15,⚠️ nghi ngờ có lỗi,0,,,,,,,
dance_002,D02_P012_T01,5,150,210,5.0,7.0,24.379268,18.773045,5.606223,1,16,⚠️ nghi ngờ có lỗi,0,,,,,,,
dance_006,D06_P002_T01,0,0,60,0.0,2.0,19.152659,13.794565,5.358094,1,17,⚠️ nghi ngờ có lỗi,0,,,,,,,
dance_001,D01_P012_T01,1,30,90,1.0,3.0,19.626511,14.435844,5.190667,1,18,⚠️ nghi ngờ có lỗi,0,,,,,,,
dance_011,D11_P007_T01,14,420,480,14.0,16.0,21.087264,15.951577,5.135687,1,19,⚠️ nghi ngờ có lỗi,0,,,,,,,
dance_004,D04_P003_T01,3,90,150,3.0,5.0,21.331086,16.304395,5.026691,1,20,⚠️ nghi ngờ có lỗi,0,,,,,,,
dance_008,D08_P002_T01,7,210,270,7.0,9.0,20.310443,15.296403,5.01404,1,21,⚠️ nghi ngờ có lỗi,0,,,,,,,
dance_005,D05_P008_T01,0,0,60,0.0,2.0,18.776939,13.799158,4.977781,1,22,⚠️ nghi ngờ có lỗi,0,,,,,,,
dance_007,D07_P013_T01,8,240,300,8.0,10.0,17.430342,12.479667,4.950675,1,23,⚠️ nghi ngờ có lỗi,0,,,,,,,
dance_011,D11_P002_T01,11,330,390,11.0,13.0,20.868932,15.951577,4.917355,1,24,⚠️ nghi ngờ có lỗi,0,,,,,,,
dance_003,D03_P007_T01,5,150,210,5.0,7.0,19.136897,14.232737,4.90416,1,25,⚠️ nghi ngờ có lỗi,0,,,,,,,
dance_010,D10_P007_T01,6,180,240,6.0,8.0,22.391365,17.643839,4.747526,1,26,⚠️ nghi ngờ có lỗi,0,,,,,,,
dance_004,D04_P019_T01,10,300,360,10.0,12.0,20.999214,16.304395,4.694819,1,27,⚠️ nghi ngờ có lỗi,0,,,,,,,
dance_003,D03_P009_T01,0,0,60,0.0,2.0,18.887846,14.232737,4.655109,1,28,⚠️ nghi ngờ có lỗi,0,,,,,,,
dance_005,D05_P007_T01,6,180,240,6.0,8.0,18.443719,13.799158,4.644561,1,29,⚠️ nghi ngờ có lỗi,0,,,,,,,
dance_012,D12_P008_T01,9,270,330,9.0,11.0,18.943733,14.304425,4.639308,1,30,⚠️ nghi ngờ có lỗi,0,,,,,,,
dance_002,D02_P017_T01,0,0,60,0.0,2.0,23.371988,18.773045,4.598943,1,31,⚠️ nghi ngờ có lỗi,0,,,,,,,
dance_011,D11_P008_T01,15,450,510,15.0,17.0,20.515785,15.951577,4.564208,1,32,⚠️ nghi ngờ có lỗi,0,,,,,,,
dance_001,D01_P007_T01,8,240,300,8.0,10.0,18.892492,14.435844,4.456648,1,33,⚠️ nghi ngờ có lỗi,0,,,,,,,
dance_008,D08_P002_T01,8,240,300,8.0,10.0,19.725478,15.296403,4.429075,1,34,⚠️ nghi ngờ có lỗi,0,,,,,,,
dance_009,D09_P012_T01,7,210,270,7.0,9.0,23.909016,19.54512,4.363896,1,35,⚠️ nghi ngờ có lỗi,0,,,,,,,
dance_011,D11_P004_T01,9,270,330,9.0,11.0,20.188584,15.951577,4.237007,1,36,⚠️ nghi ngờ có lỗi,0,,,,,,,
dance_009,D09_P012_T01,8,240,300,8.0,10.0,23.774996,19.54512,4.229876,1,37,⚠️ nghi ngờ có lỗi,0,,,,,,,
dance_003,D03_P007_T01,6,180,240,6.0,8.0,18.394238,14.232737,4.161501,1,38,⚠️ nghi ngờ có lỗi,0,,,,,,,
dance_005,D05_P007_T01,7,210,270,7.0,9.0,17.917432,13.799158,4.118274,1,39,⚠️ nghi ngờ có lỗi,0,,,,,,,
dance_010,D10_P007_T01,9,270,330,9.0,11.0,21.717367,17.643839,4.073528,1,40,⚠️ nghi ngờ có lỗi,0,,,,,,,
dance_009,D09_P012_T01,2,60,120,2.0,4.0,23.591995,19.54512,4.046875,1,41,⚠️ nghi ngờ có lỗi,0,,,,,,,
dance_003,D03_P007_T01,4,120,180,4.0,6.0,18.27955,14.232737,4.046813,1,42,⚠️ nghi ngờ có lỗi,0,,,,,,,
dance_002,D02_P012_T01,4,120,180,4.0,6.0,22.814478,18.773045,4.041433,1,43,⚠️ nghi ngờ có lỗi,0,,,,,,,
dance_004,D04_P017_T01,3,90,150,3.0,5.0,20.342969,16.304395,4.038574,1,44,⚠️ nghi ngờ có lỗi,0,,,,,,,
dance_004,D04_P007_T01,4,120,180,4.0,6.0,20.325163,16.304395,4.020768,1,45,⚠️ nghi ngờ có lỗi,0,,,,,,,
dance_004,D04_P017_T01,2,60,120,2.0,4.0,20.211531,16.304395,3.907136,1,46,⚠️ nghi ngờ có lỗi,0,,,,,,,
dance_011,D11_P007_T01,12,360,420,12.0,14.0,19.855715,15.951577,3.904138,1,47,⚠️ nghi ngờ có lỗi,0,,,,,,,
dance_006,D06_P012_T01,0,0,60,0.0,2.0,17.689812,13.794565,3.895247,1,48,⚠️ nghi ngờ có lỗi,0,,,,,,,
dance_010,D10_P007_T01,5,150,210,5.0,7.0,21.515959,17.643839,3.87212,1,49,⚠️ nghi ngờ có lỗi,0,,,,,,,
dance_009,D09_P002_T01,2,60,120,2.0,4.0,23.297772,19.54512,3.752652,1,50,⚠️ nghi ngờ có lỗi,0,,,,,,,
dance_006,D06_P007_T01,0,0,60,0.0,2.0,17.543871,13.794565,3.749306,1,51,⚠️ nghi ngờ có lỗi,0,,,,,,,
dance_001,D01_P012_T01,8,240,300,8.0,10.0,18.180259,14.435844,3.744415,1,52,⚠️ nghi ngờ có lỗi,0,,,,,,,
dance_007,D07_P013_T01,9,270,330,9.0,11.0,16.221462,12.479667,3.741795,1,53,⚠️ nghi ngờ có lỗi,0,,,,,,,
dance_005,D05_P010_T01,5,150,210,5.0,7.0,17.505878,13.799158,3.70672,1,54,⚠️ nghi ngờ có lỗi,0,,,,,,,
dance_010,D10_P004_T01,7,210,270,7.0,9.0,21.278794,17.643839,3.634955,1,55,⚠️ nghi ngờ có lỗi,0,,,,,,,
dance_001,D01_P007_T01,1,30,90,1.0,3.0,18.036696,14.435844,3.600852,1,56,⚠️ nghi ngờ có lỗi,0,,,,,,,
dance_011,D11_P002_T01,3,90,150,3.0,5.0,19.518443,15.951577,3.566866,1,57,⚠️ nghi ngờ có lỗi,0,,,,,,,
dance_006,D06_P002_T01,1,30,90,1.0,3.0,17.301022,13.794565,3.506457,1,58,⚠️ nghi ngờ có lỗi,0,,,,,,,
dance_002,D02_P018_T01,4,120,180,4.0,6.0,22.25136,18.773045,3.478315,1,59,⚠️ nghi ngờ có lỗi,0,,,,,,,
dance_008,D08_P007_T01,5,150,210,5.0,7.0,18.753704,15.296403,3.457301,1,60,⚠️ nghi ngờ có lỗi,0,,,,,,,
dance_004,D04_P007_T01,3,90,150,3.0,5.0,19.742784,16.304395,3.438389,1,61,⚠️ nghi ngờ có lỗi,0,,,,,,,
dance_005,D05_P002_T01,7,210,270,7.0,9.0,17.235241,13.799158,3.436083,1,62,⚠️ nghi ngờ có lỗi,0,,,,,,,
dance_012,D12_P007_T01,0,0,60,0.0,2.0,17.678429,14.304425,3.374004,1,63,⚠️ nghi ngờ có lỗi,0,,,,,,,
dance_002,D02_P007_T01,8,240,300,8.0,10.0,22.097468,18.773045,3.324423,1,64,⚠️ nghi ngờ có lỗi,0,,,,,,,
dance_012,D12_P008_T01,0,0,60,0.0,2.0,17.594322,14.304425,3.289897,1,65,⚠️ nghi ngờ có lỗi,0,,,,,,,
dance_001,D01_P012_T01,0,0,60,0.0,2.0,17.687879,14.435844,3.252035,1,66,⚠️ nghi ngờ có lỗi,0,,,,,,,
dance_003,D03_P004_T01,5,150,210,5.0,7.0,17.474275,14.232737,3.241538,1,67,⚠️ nghi ngờ có lỗi,0,,,,,,,
dance_010,D10_P012_T01,6,180,240,6.0,8.0,20.806588,17.643839,3.162749,1,68,⚠️ nghi ngờ có lỗi,0,,,,,,,
dance_001,D01_P017_T01,0,0,60,0.0,2.0,17.546304,14.435844,3.11046,1,69,⚠️ nghi ngờ có lỗi,0,,,,,,,
dance_006,D06_P007_T01,1,30,90,1.0,3.0,16.888644,13.794565,3.094079,1,70,⚠️ nghi ngờ có lỗi,0,,,,,,,
dance_009,D09_P013_T01,7,210,270,7.0,9.0,22.628455,19.54512,3.083335,1,71,⚠️ nghi ngờ có lỗi,0,,,,,,,
dance_001,D01_P012_T01,6,180,240,6.0,8.0,17.477107,14.435844,3.041263,1,72,⚠️ nghi ngờ có lỗi,0,,,,,,,
dance_007,D07_P007_T01,6,180,240,6.0,8.0,15.506506,12.479667,3.026839,1,73,⚠️ nghi ngờ có lỗi,0,,,,,,,
dance_008,D08_P020_T01,2,60,120,2.0,4.0,18.307281,15.296403,3.010878,1,74,⚠️ nghi ngờ có lỗi,0,,,,,,,
dance_002,D02_P004_T01,4,120,180,4.0,6.0,21.761835,18.773045,2.98879,1,75,⚠️ nghi ngờ có lỗi,0,,,,,,,
dance_008,D08_P009_T01,7,210,270,7.0,9.0,18.282156,15.296403,2.985753,1,76,⚠️ nghi ngờ có lỗi,0,,,,,,,
dance_009,D09_P012_T01,10,300,360,10.0,12.0,22.418571,19.54512,2.873451,1,77,⚠️ nghi ngờ có lỗi,0,,,,,,,
dance_006,D06_P019_T01,0,0,60,0.0,2.0,16.665387,13.794565,2.870822,1,78,⚠️ nghi ngờ có lỗi,0,,,,,,,
dance_002,D02_P018_T01,0,0,60,0.0,2.0,21.573007,18.773045,2.799962,1,79,⚠️ nghi ngờ có lỗi,0,,,,,,,
dance_011,D11_P007_T01,13,390,450,13.0,15.0,18.717576,15.951577,2.765999,1,80,⚠️ nghi ngờ có lỗi,0,,,,,,,
dance_008,D08_P006_T01,4,120,180,4.0,6.0,18.021182,15.296403,2.724779,1,81,⚠️ nghi ngờ có lỗi,0,,,,,,,
dance_012,D12_P002_T01,3,90,150,3.0,5.0,16.952226,14.304425,2.647801,1,82,⚠️ nghi ngờ có lỗi,0,,,,,,,
dance_008,D08_P006_T01,11,330,390,11.0,13.0,17.899321,15.296403,2.602918,1,83,⚠️ nghi ngờ có lỗi,0,,,,,,,
dance_005,D05_P008_T01,1,30,90,1.0,3.0,16.376935,13.799158,2.577777,1,84,⚠️ nghi ngờ có lỗi,0,,,,,,,
dance_003,D03_P002_T01,1,30,90,1.0,3.0,16.778642,14.232737,2.545905,1,85,⚠️ nghi ngờ có lỗi,0,,,,,,,
dance_003,D03_P008_T01,9,270,330,9.0,11.0,16.773831,14.232737,2.541094,1,86,⚠️ nghi ngờ có lỗi,0,,,,,,,
dance_006,D06_P012_T01,1,30,90,1.0,3.0,16.329202,13.794565,2.534637,1,87,⚠️ nghi ngờ có lỗi,0,,,,,,,
dance_009,D09_P006_T01,10,300,360,10.0,12.0,22.052379,19.54512,2.507259,1,88,⚠️ nghi ngờ có lỗi,0,,,,,,,
dance_011,D11_P012_T01,10,300,360,10.0,12.0,18.451905,15.951577,2.500328,1,89,⚠️ nghi ngờ có lỗi,0,,,,,,,
dance_012,D12_P007_T01,3,90,150,3.0,5.0,16.792747,14.304425,2.488322,1,90,⚠️ nghi ngờ có lỗi,0,,,,,,,
dance_008,D08_P008_T01,12,360,420,12.0,14.0,17.778682,15.296403,2.482279,1,91,⚠️ nghi ngờ có lỗi,0,,,,,,,
dance_011,D11_P008_T01,6,180,240,6.0,8.0,18.407433,15.951577,2.455856,1,92,⚠️ nghi ngờ có lỗi,0,,,,,,,
dance_003,D03_P007_T01,9,270,330,9.0,11.0,16.678427,14.232737,2.44569,1,93,⚠️ nghi ngờ có lỗi,0,,,,,,,
dance_008,D08_P007_T01,6,180,240,6.0,8.0,17.7162,15.296403,2.419797,1,94,⚠️ nghi ngờ có lỗi,0,,,,,,,
dance_003,D03_P002_T01,0,0,60,0.0,2.0,16.649802,14.232737,2.417065,1,95,⚠️ nghi ngờ có lỗi,0,,,,,,,
dance_002,D02_P008_T01,5,150,210,5.0,7.0,21.150923,18.773045,2.377878,1,96,⚠️ nghi ngờ có lỗi,0,,,,,,,
dance_012,D12_P002_T01,4,120,180,4.0,6.0,16.678594,14.304425,2.374169,1,97,⚠️ nghi ngờ có lỗi,0,,,,,,,
dance_006,D06_P017_T01,1,30,90,1.0,3.0,16.154637,13.794565,2.360072,1,98,⚠️ nghi ngờ có lỗi,0,,,,,,,
dance_010,D10_P002_T01,6,180,240,6.0,8.0,19.978079,17.643839,2.33424,1,99,⚠️ nghi ngờ có lỗi,0,,,,,,,
dance_004,D04_P017_T01,1,30,90,1.0,3.0,18.633676,16.304395,2.329281,1,100,⚠️ nghi ngờ có lỗi,0,,,,,,,
dance_003,D03_P002_T01,5,150,210,5.0,7.0,16.535494,14.232737,2.302757,1,101,⚠️ nghi ngờ có lỗi,0,,,,,,,
dance_011,D11_P002_T01,12,360,420,12.0,14.0,18.252888,15.951577,2.301311,1,102,⚠️ nghi ngờ có lỗi,0,,,,,,,
dance_003,D03_P002_T01,7,210,270,7.0,9.0,16.467666,14.232737,2.234929,1,103,⚠️ nghi ngờ có lỗi,0,,,,,,,
dance_008,D08_P008_T01,0,0,60,0.0,2.0,17.477658,15.296403,2.181255,1,104,⚠️ nghi ngờ có lỗi,0,,,,,,,
dance_010,D10_P007_T01,8,240,300,8.0,10.0,19.786459,17.643839,2.14262,1,105,⚠️ nghi ngờ có lỗi,0,,,,,,,
dance_003,D03_P007_T01,8,240,300,8.0,10.0,16.366547,14.232737,2.13381,1,106,⚠️ nghi ngờ có lỗi,0,,,,,,,
dance_002,D02_P019_T01,4,120,180,4.0,6.0,20.8926,18.773045,2.119555,1,107,⚠️ nghi ngờ có lỗi,0,,,,,,,
dance_011,D11_P013_T01,0,0,60,0.0,2.0,18.063716,15.951577,2.112139,1,108,⚠️ nghi ngờ có lỗi,0,,,,,,,
dance_002,D02_P007_T01,9,270,330,9.0,11.0,20.881974,18.773045,2.108929,1,109,⚠️ nghi ngờ có lỗi,0,,,,,,,
dance_005,D05_P007_T01,0,0,60,0.0,2.0,15.84304,13.799158,2.043882,1,110,⚠️ nghi ngờ có lỗi,0,,,,,,,
dance_007,D07_P017_T01,5,150,210,5.0,7.0,14.517706,12.479667,2.038039,1,111,⚠️ nghi ngờ có lỗi,0,,,,,,,
dance_005,D05_P008_T01,6,180,240,6.0,8.0,15.830551,13.799158,2.031393,1,112,⚠️ nghi ngờ có lỗi,0,,,,,,,
dance_001,D01_P007_T01,2,60,120,2.0,4.0,16.461204,14.435844,2.02536,1,113,⚠️ nghi ngờ có lỗi,0,,,,,,,
dance_008,D08_P010_T01,1,30,90,1.0,3.0,17.307153,15.296403,2.01075,1,114,⚠️ nghi ngờ có lỗi,0,,,,,,,
dance_003,D03_P002_T01,4,120,180,4.0,6.0,16.242349,14.232737,2.009612,1,115,⚠️ nghi ngờ có lỗi,0,,,,,,,
dance_006,D06_P008_T01,0,0,60,0.0,2.0,15.797304,13.794565,2.002739,1,116,⚠️ nghi ngờ có lỗi,0,,,,,,,
dance_011,D11_P008_T01,13,390,450,13.0,15.0,17.937347,15.951577,1.98577,1,117,⚠️ nghi ngờ có lỗi,0,,,,,,,
dance_004,D04_P007_T01,0,0,60,0.0,2.0,18.253878,16.304395,1.949483,1,118,⚠️ nghi ngờ có lỗi,0,,,,,,,
dance_008,D08_P006_T01,2,60,120,2.0,4.0,17.24223,15.296403,1.945827,1,119,⚠️ nghi ngờ có lỗi,0,,,,,,,
dance_005,D05_P016_T01,8,240,300,8.0,10.0,15.744883,13.799158,1.945725,1,120,⚠️ nghi ngờ có lỗi,0,,,,,,,
dance_007,D07_P008_T01,7,210,270,7.0,9.0,14.42272,12.479667,1.943053,1,121,⚠️ nghi ngờ có lỗi,0,,,,,,,
dance_008,D08_P006_T01,12,360,420,12.0,14.0,17.233448,15.296403,1.937045,1,122,⚠️ nghi ngờ có lỗi,0,,,,,,,
dance_002,D02_P012_T01,0,0,60,0.0,2.0,20.701403,18.773045,1.928358,1,123,⚠️ nghi ngờ có lỗi,0,,,,,,,
dance_012,D12_P008_T01,7,210,270,7.0,9.0,16.229054,14.304425,1.924629,1,124,⚠️ nghi ngờ có lỗi,0,,,,,,,
dance_009,D09_P006_T01,11,330,390,11.0,13.0,21.412609,19.54512,1.867489,1,125,⚠️ nghi ngờ có lỗi,0,,,,,,,
dance_009,D09_P019_T01,7,210,270,7.0,9.0,21.407364,19.54512,1.862244,1,126,⚠️ nghi ngờ có lỗi,0,,,,,,,
dance_012,D12_P002_T01,8,240,300,8.0,10.0,16.144473,14.304425,1.840048,1,127,⚠️ nghi ngờ có lỗi,0,,,,,,,
dance_006,D06_P008_T01,12,360,420,12.0,14.0,15.624422,13.794565,1.829857,1,128,⚠️ nghi ngờ có lỗi,0,,,,,,,
dance_004,D04_P012_T01,4,120,180,4.0,6.0,18.128331,16.304395,1.823936,1,129,⚠️ nghi ngờ có lỗi,0,,,,,,,
dance_002,D02_P008_T01,4,120,180,4.0,6.0,20.579311,18.773045,1.806266,1,130,⚠️ nghi ngờ có lỗi,0,,,,,,,
dance_002,D02_P020_T01,9,270,330,9.0,11.0,20.55052,18.773045,1.777475,1,131,⚠️ nghi ngờ có lỗi,0,,,,,,,
dance_001,D01_P007_T01,7,210,270,7.0,9.0,16.169951,14.435844,1.734107,1,132,⚠️ nghi ngờ có lỗi,0,,,,,,,
dance_004,D04_P020_T01,4,120,180,4.0,6.0,18.011608,16.304395,1.707213,1,133,⚠️ nghi ngờ có lỗi,0,,,,,,,
dance_001,D01_P001_T01,7,210,270,7.0,9.0,16.122516,14.435844,1.686672,1,134,⚠️ nghi ngờ có lỗi,0,,,,,,,
dance_005,D05_P010_T01,4,120,180,4.0,6.0,15.482773,13.799158,1.683615,1,135,⚠️ nghi ngờ có lỗi,0,,,,,,,
dance_010,D10_P007_T01,10,300,360,10.0,12.0,19.322485,17.643839,1.678646,1,136,⚠️ nghi ngờ có lỗi,0,,,,,,,
dance_010,D10_P012_T01,7,210,270,7.0,9.0,19.291254,17.643839,1.647415,1,137,⚠️ nghi ngờ có lỗi,0,,,,,,,
dance_006,D06_P009_T01,12,360,420,12.0,14.0,15.392311,13.794565,1.597746,1,138,⚠️ nghi ngờ có lỗi,0,,,,,,,
dance_010,D10_P020_T01,5,150,210,5.0,7.0,19.240048,17.643839,1.596209,1,139,⚠️ nghi ngờ có lỗi,0,,,,,,,
dance_001,D01_P012_T01,2,60,120,2.0,4.0,16.001226,14.435844,1.565382,1,140,⚠️ nghi ngờ có lỗi,0,,,,,,,
dance_012,D12_P014_T01,0,0,60,0.0,2.0,15.797548,14.304425,1.493123,1,141,⚠️ nghi ngờ có lỗi,0,,,,,,,
dance_009,D09_P013_T01,0,0,60,0.0,2.0,20.999761,19.54512,1.454641,1,142,⚠️ nghi ngờ có lỗi,0,,,,,,,
dance_003,D03_P007_T01,1,30,90,1.0,3.0,15.68557,14.232737,1.452833,1,143,⚠️ nghi ngờ có lỗi,0,,,,,,,
dance_006,D06_P002_T01,2,60,120,2.0,4.0,15.239369,13.794565,1.444804,1,144,⚠️ nghi ngờ có lỗi,0,,,,,,,
dance_008,D08_P020_T01,3,90,150,3.0,5.0,16.677207,15.296403,1.380804,1,145,⚠️ nghi ngờ có lỗi,0,,,,,,,
dance_001,D01_P017_T01,6,180,240,6.0,8.0,15.805453,14.435844,1.369609,1,146,⚠️ nghi ngờ có lỗi,0,,,,,,,
dance_001,D01_P007_T01,6,180,240,6.0,8.0,15.769506,14.435844,1.333662,1,147,⚠️ nghi ngờ có lỗi,0,,,,,,,
dance_007,D07_P016_T01,9,270,330,9.0,11.0,13.808385,12.479667,1.328718,1,148,⚠️ nghi ngờ có lỗi,0,,,,,,,
dance_007,D07_P013_T01,10,300,360,10.0,12.0,13.796623,12.479667,1.316956,1,149,⚠️ nghi ngờ có lỗi,0,,,,,,,
dance_011,D11_P016_T01,14,420,480,14.0,16.0,17.246034,15.951577,1.294457,1,150,⚠️ nghi ngờ có lỗi,0,,,,,,,
dance_011,D11_P002_T01,2,60,120,2.0,4.0,17.237953,15.951577,1.286376,1,151,⚠️ nghi ngờ có lỗi,0,,,,,,,
dance_001,D01_P020_T01,0,0,60,0.0,2.0,15.687256,14.435844,1.251412,1,152,⚠️ nghi ngờ có lỗi,0,,,,,,,
dance_011,D11_P007_T01,15,450,510,15.0,17.0,17.196931,15.951577,1.245354,1,153,⚠️ nghi ngờ có lỗi,0,,,,,,,
dance_008,D08_P008_T01,2,60,120,2.0,4.0,16.536345,15.296403,1.239942,1,154,⚠️ nghi ngờ có lỗi,0,,,,,,,
dance_006,D06_P013_T01,12,360,420,12.0,14.0,15.029366,13.794565,1.234801,1,155,⚠️ nghi ngờ có lỗi,0,,,,,,,
dance_011,D11_P007_T01,11,330,390,11.0,13.0,17.181635,15.951577,1.230058,1,156,⚠️ nghi ngờ có lỗi,0,,,,,,,
dance_003,D03_P010_T01,7,210,270,7.0,9.0,15.446566,14.232737,1.213829,1,157,⚠️ nghi ngờ có lỗi,0,,,,,,,
dance_006,D06_P007_T01,7,210,270,7.0,9.0,14.984131,13.794565,1.189566,1,158,⚠️ nghi ngờ có lỗi,0,,,,,,,
dance_008,D08_P009_T01,1,30,90,1.0,3.0,16.46288,15.296403,1.166477,1,159,⚠️ nghi ngờ có lỗi,0,,,,,,,
dance_003,D03_P007_T01,12,360,420,12.0,14.0,15.366118,14.232737,1.133381,1,160,⚠️ nghi ngờ có lỗi,0,,,,,,,
dance_010,D10_P007_T01,4,120,180,4.0,6.0,18.773564,17.643839,1.129725,1,161,⚠️ nghi ngờ có lỗi,0,,,,,,,
dance_001,D01_P001_T01,8,240,300,8.0,10.0,15.558452,14.435844,1.122608,1,162,⚠️ nghi ngờ có lỗi,0,,,,,,,
dance_008,D08_P007_T01,7,210,270,7.0,9.0,16.413269,15.296403,1.116866,1,163,⚠️ nghi ngờ có lỗi,0,,,,,,,
dance_007,D07_P007_T01,0,0,60,0.0,2.0,13.591098,12.479667,1.111431,1,164,⚠️ nghi ngờ có lỗi,0,,,,,,,
dance_004,D04_P015_T01,0,0,60,0.0,2.0,17.411012,16.304395,1.106617,1,165,⚠️ nghi ngờ có lỗi,0,,,,,,,
dance_008,D08_P018_T01,2,60,120,2.0,4.0,16.390826,15.296403,1.094423,1,166,⚠️ nghi ngờ có lỗi,0,,,,,,,
dance_002,D02_P002_T01,9,270,330,9.0,11.0,19.817477,18.773045,1.044432,1,167,⚠️ nghi ngờ có lỗi,0,,,,,,,
dance_005,D05_P017_T01,2,60,120,2.0,4.0,14.827959,13.799158,1.028801,1,168,⚠️ nghi ngờ có lỗi,0,,,,,,,
dance_008,D08_P009_T01,12,360,420,12.0,14.0,16.319857,15.296403,1.023454,1,169,⚠️ nghi ngờ có lỗi,0,,,,,,,
dance_006,D06_P002_T01,11,330,390,11.0,13.0,14.816579,13.794565,1.022014,1,170,⚠️ nghi ngờ có lỗi,0,,,,,,,
dance_012,D12_P016_T01,11,330,390,11.0,13.0,15.30546,14.304425,1.001035,1,171,⚠️ nghi ngờ có lỗi,0,,,,,,,
dance_008,D08_P008_T01,3,90,150,3.0,5.0,16.293181,15.296403,0.996778,1,172,⚠️ nghi ngờ có lỗi,0,,,,,,,
dance_007,D07_P002_T01,0,0,60,0.0,2.0,13.443783,12.479667,0.964116,1,173,⚠️ nghi ngờ có lỗi,0,,,,,,,
dance_007,D07_P008_T01,8,240,300,8.0,10.0,13.443404,12.479667,0.963737,1,174,⚠️ nghi ngờ có lỗi,0,,,,,,,
dance_002,D02_P014_T01,4,120,180,4.0,6.0,19.735518,18.773045,0.962473,1,175,⚠️ nghi ngờ có lỗi,0,,,,,,,
dance_008,D08_P002_T01,15,450,510,15.0,17.0,16.2586,15.296403,0.962197,1,176,⚠️ nghi ngờ có lỗi,0,,,,,,,
dance_005,D05_P008_T01,2,60,120,2.0,4.0,14.759243,13.799158,0.960085,1,177,⚠️ nghi ngờ có lỗi,0,,,,,,,
dance_003,D03_P002_T01,2,60,120,2.0,4.0,15.192396,14.232737,0.959659,1,178,⚠️ nghi ngờ có lỗi,0,,,,,,,
dance_010,D10_P019_T01,8,240,300,8.0,10.0,18.594881,17.643839,0.951042,1,179,⚠️ nghi ngờ có lỗi,0,,,,,,,
dance_009,D09_P019_T01,6,180,240,6.0,8.0,20.485854,19.54512,0.940734,1,180,⚠️ nghi ngờ có lỗi,0,,,,,,,
dance_012,D12_P012_T01,8,240,300,8.0,10.0,15.212979,14.304425,0.908554,1,181,⚠️ nghi ngờ có lỗi,0,,,,,,,
dance_005,D05_P016_T01,6,180,240,6.0,8.0,14.707283,13.799158,0.908125,1,182,⚠️ nghi ngờ có lỗi,0,,,,,,,
dance_007,D07_P015_T01,2,60,120,2.0,4.0,13.365728,12.479667,0.886061,1,183,⚠️ nghi ngờ có lỗi,0,,,,,,,
dance_012,D12_P008_T01,2,60,120,2.0,4.0,15.167004,14.304425,0.862579,1,184,⚠️ nghi ngờ có lỗi,0,,,,,,,
dance_009,D09_P002_T01,3,90,150,3.0,5.0,20.405637,19.54512,0.860517,1,185,⚠️ nghi ngờ có lỗi,0,,,,,,,
dance_011,D11_P008_T01,7,210,270,7.0,9.0,16.809857,15.951577,0.85828,1,186,⚠️ nghi ngờ có lỗi,0,,,,,,,
dance_012,D12_P017_T01,0,0,60,0.0,2.0,15.160758,14.304425,0.856333,1,187,⚠️ nghi ngờ có lỗi,0,,,,,,,
dance_001,D01_P016_T01,0,0,60,0.0,2.0,15.288801,14.435844,0.852957,1,188,⚠️ nghi ngờ có lỗi,0,,,,,,,
dance_007,D07_P012_T01,2,60,120,2.0,4.0,13.306512,12.479667,0.826845,1,189,⚠️ nghi ngờ có lỗi,0,,,,,,,
dance_005,D05_P017_T01,3,90,150,3.0,5.0,14.624617,13.799158,0.825459,1,190,⚠️ nghi ngờ có lỗi,0,,,,,,,
dance_009,D09_P012_T01,1,30,90,1.0,3.0,20.355491,19.54512,0.810371,1,191,⚠️ nghi ngờ có lỗi,0,,,,,,,
dance_004,D04_P017_T01,4,120,180,4.0,6.0,17.099703,16.304395,0.795308,1,192,⚠️ nghi ngờ có lỗi,0,,,,,,,
dance_005,D05_P008_T01,7,210,270,7.0,9.0,14.587928,13.799158,0.78877,1,193,⚠️ nghi ngờ có lỗi,0,,,,,,,
dance_010,D10_P006_T01,9,270,330,9.0,11.0,18.411641,17.643839,0.767802,1,194,⚠️ nghi ngờ có lỗi,0,,,,,,,
dance_012,D12_P020_T01,0,0,60,0.0,2.0,15.059914,14.304425,0.755489,1,195,⚠️ nghi ngờ có lỗi,0,,,,,,,
dance_005,D05_P019_T01,0,0,60,0.0,2.0,14.551199,13.799158,0.752041,1,196,⚠️ nghi ngờ có lỗi,0,,,,,,,
dance_011,D11_P012_T01,12,360,420,12.0,14.0,16.70256,15.951577,0.750983,1,197,⚠️ nghi ngờ có lỗi,0,,,,,,,
dance_006,D06_P012_T01,3,90,150,3.0,5.0,14.53639,13.794565,0.741825,1,198,⚠️ nghi ngờ có lỗi,0,,,,,,,
dance_006,D06_P003_T01,6,180,240,6.0,8.0,14.51785,13.794565,0.723285,1,199,⚠️ nghi ngờ có lỗi,0,,,,,,,
dance_006,D06_P009_T01,1,30,90,1.0,3.0,14.517353,13.794565,0.722788,1,200,⚠️ nghi ngờ có lỗi,0,,,,,,,
dance_004,D04_P009_T01,3,90,150,3.0,5.0,17.014332,16.304395,0.709937,1,201,⚠️ nghi ngờ có lỗi,0,,,,,,,
dance_010,D10_P006_T01,8,240,300,8.0,10.0,18.35288,17.643839,0.709041,1,202,⚠️ nghi ngờ có lỗi,0,,,,,,,
dance_004,D04_P015_T01,1,30,90,1.0,3.0,16.98871,16.304395,0.684315,1,203,⚠️ nghi ngờ có lỗi,0,,,,,,,
dance_010,D10_P006_T01,10,300,360,10.0,12.0,18.322695,17.643839,0.678856,1,204,⚠️ nghi ngờ có lỗi,0,,,,,,,
dance_007,D07_P002_T01,8,240,300,8.0,10.0,13.146105,12.479667,0.666438,1,205,⚠️ nghi ngờ có lỗi,0,,,,,,,
dance_008,D08_P020_T01,9,270,330,9.0,11.0,15.957982,15.296403,0.661579,1,206,⚠️ nghi ngờ có lỗi,0,,,,,,,
dance_010,D10_P011_T01,10,300,360,10.0,12.0,18.304485,17.643839,0.660646,1,207,⚠️ nghi ngờ có lỗi,0,,,,,,,
dance_010,D10_P007_T01,1,30,90,1.0,3.0,18.280278,17.643839,0.636439,1,208,⚠️ nghi ngờ có lỗi,0,,,,,,,
dance_006,D06_P008_T01,8,240,300,8.0,10.0,14.422486,13.794565,0.627921,1,209,⚠️ nghi ngờ có lỗi,0,,,,,,,
dance_009,D09_P003_T01,3,90,150,3.0,5.0,20.169529,19.54512,0.624409,1,210,⚠️ nghi ngờ có lỗi,0,,,,,,,
dance_004,D04_P008_T01,10,300,360,10.0,12.0,16.906452,16.304395,0.602057,1,211,⚠️ nghi ngờ có lỗi,0,,,,,,,
dance_010,D10_P012_T01,5,150,210,5.0,7.0,18.242524,17.643839,0.598685,1,212,⚠️ nghi ngờ có lỗi,0,,,,,,,
dance_007,D07_P013_T01,4,120,180,4.0,6.0,13.064474,12.479667,0.584807,1,213,⚠️ nghi ngờ có lỗi,0,,,,,,,
dance_006,D06_P013_T01,1,30,90,1.0,3.0,14.371697,13.794565,0.577132,1,214,⚠️ nghi ngờ có lỗi,0,,,,,,,
dance_008,D08_P002_T01,5,150,210,5.0,7.0,15.841024,15.296403,0.544621,1,215,⚠️ nghi ngờ có lỗi,0,,,,,,,
dance_009,D09_P003_T01,4,120,180,4.0,6.0,20.089115,19.54512,0.543995,1,216,⚠️ nghi ngờ có lỗi,0,,,,,,,
dance_004,D04_P007_T01,9,270,330,9.0,11.0,16.813093,16.304395,0.508698,1,217,⚠️ nghi ngờ có lỗi,0,,,,,,,
dance_004,D04_P002_T01,4,120,180,4.0,6.0,16.782659,16.304395,0.478264,1,218,⚠️ nghi ngờ có lỗi,0,,,,,,,
dance_009,D09_P013_T01,1,30,90,1.0,3.0,20.010383,19.54512,0.465263,1,219,⚠️ nghi ngờ có lỗi,0,,,,,,,
dance_007,D07_P002_T01,5,150,210,5.0,7.0,12.928527,12.479667,0.44886,1,220,⚠️ nghi ngờ có lỗi,0,,,,,,,
dance_011,D11_P008_T01,14,420,480,14.0,16.0,16.389228,15.951577,0.437651,1,221,⚠️ nghi ngờ có lỗi,0,,,,,,,
dance_011,D11_P002_T01,10,300,360,10.0,12.0,16.37846,15.951577,0.426883,1,222,⚠️ nghi ngờ có lỗi,0,,,,,,,
dance_002,D02_P015_T01,0,0,60,0.0,2.0,19.196173,18.773045,0.423128,1,223,⚠️ nghi ngờ có lỗi,0,,,,,,,
dance_002,D02_P020_T01,0,0,60,0.0,2.0,19.189763,18.773045,0.416718,1,224,⚠️ nghi ngờ có lỗi,0,,,,,,,
dance_012,D12_P004_T01,0,0,60,0.0,2.0,14.709715,14.304425,0.40529,1,225,⚠️ nghi ngờ có lỗi,0,,,,,,,
dance_008,D08_P002_T01,12,360,420,12.0,14.0,15.700613,15.296403,0.40421,1,226,⚠️ nghi ngờ có lỗi,0,,,,,,,
dance_002,D02_P007_T01,5,150,210,5.0,7.0,19.140386,18.773045,0.367341,1,227,⚠️ nghi ngờ có lỗi,0,,,,,,,
dance_001,D01_P019_T01,1,30,90,1.0,3.0,14.78019,14.435844,0.344346,1,228,⚠️ nghi ngờ có lỗi,0,,,,,,,
dance_003,D03_P007_T01,7,210,270,7.0,9.0,14.575648,14.232737,0.342911,1,229,⚠️ nghi ngờ có lỗi,0,,,,,,,
dance_011,D11_P006_T01,14,420,480,14.0,16.0,16.29279,15.951577,0.341213,1,230,⚠️ nghi ngờ có lỗi,0,,,,,,,
dance_007,D07_P011_T01,5,150,210,5.0,7.0,12.817076,12.479667,0.337409,1,231,⚠️ nghi ngờ có lỗi,0,,,,,,,
dance_008,D08_P013_T01,7,210,270,7.0,9.0,15.623462,15.296403,0.327059,1,232,⚠️ nghi ngờ có lỗi,0,,,,,,,
dance_006,D06_P003_T01,5,150,210,5.0,7.0,14.11557,13.794565,0.321005,1,233,⚠️ nghi ngờ có lỗi,0,,,,,,,
dance_003,D03_P020_T01,8,240,300,8.0,10.0,14.540663,14.232737,0.307926,1,234,⚠️ nghi ngờ có lỗi,0,,,,,,,
dance_008,D08_P012_T01,0,0,60,0.0,2.0,15.587433,15.296403,0.29103,1,235,⚠️ nghi ngờ có lỗi,0,,,,,,,
dance_004,D04_P003_T01,2,60,120,2.0,4.0,16.591859,16.304395,0.287464,1,236,⚠️ nghi ngờ có lỗi,0,,,,,,,
dance_007,D07_P008_T01,9,270,330,9.0,11.0,12.750117,12.479667,0.27045,1,237,⚠️ nghi ngờ có lỗi,0,,,,,,,
dance_007,D07_P013_T01,5,150,210,5.0,7.0,12.748681,12.479667,0.269014,1,238,⚠️ nghi ngờ có lỗi,0,,,,,,,
dance_012,D12_P016_T01,10,300,360,10.0,12.0,14.573253,14.304425,0.268828,1,239,⚠️ nghi ngờ có lỗi,0,,,,,,,
dance_011,D11_P015_T01,13,390,450,13.0,15.0,16.214091,15.951577,0.262514,1,240,⚠️ nghi ngờ có lỗi,0,,,,,,,
dance_010,D10_P007_T01,2,60,120,2.0,4.0,17.904668,17.643839,0.260829,1,241,⚠️ nghi ngờ có lỗi,0,,,,,,,
dance_003,D03_P009_T01,9,270,330,9.0,11.0,14.492123,14.232737,0.259386,1,242,⚠️ nghi ngờ có lỗi,0,,,,,,,
dance_008,D08_P009_T01,13,390,450,13.0,15.0,15.550204,15.296403,0.253801,1,243,⚠️ nghi ngờ có lỗi,0,,,,,,,
dance_008,D08_P002_T01,9,270,330,9.0,11.0,15.535875,15.296403,0.239472,1,244,⚠️ nghi ngờ có lỗi,0,,,,,,,
dance_007,D07_P019_T01,4,120,180,4.0,6.0,12.717264,12.479667,0.237597,1,245,⚠️ nghi ngờ có lỗi,0,,,,,,,
dance_003,D03_P008_T01,7,210,270,7.0,9.0,14.458147,14.232737,0.22541,1,246,⚠️ nghi ngờ có lỗi,0,,,,,,,
dance_011,D11_P013_T01,6,180,240,6.0,8.0,16.173758,15.951577,0.222181,1,247,⚠️ nghi ngờ có lỗi,0,,,,,,,
dance_004,D04_P008_T01,4,120,180,4.0,6.0,16.503121,16.304395,0.198726,1,248,⚠️ nghi ngờ có lỗi,0,,,,,,,
dance_006,D06_P003_T01,10,300,360,10.0,12.0,13.968979,13.794565,0.174414,1,249,⚠️ nghi ngờ có lỗi,0,,,,,,,
dance_010,D10_P013_T01,12,360,420,12.0,14.0,17.798594,17.643839,0.154755,1,250,⚠️ nghi ngờ có lỗi,0,,,,,,,
dance_003,D03_P008_T01,3,90,150,3.0,5.0,14.369002,14.232737,0.136265,1,251,⚠️ nghi ngờ có lỗi,0,,,,,,,
dance_010,D10_P004_T01,6,180,240,6.0,8.0,17.77674,17.643839,0.132901,1,252,⚠️ nghi ngờ có lỗi,0,,,,,,,
dance_001,D01_P001_T01,6,180,240,6.0,8.0,14.532834,14.435844,0.09699,1,253,⚠️ nghi ngờ có lỗi,0,,,,,,,
dance_009,D09_P019_T01,1,30,90,1.0,3.0,19.639142,19.54512,0.094022,1,254,⚠️ nghi ngờ có lỗi,0,,,,,,,
dance_008,D08_P002_T01,2,60,120,2.0,4.0,15.380404,15.296403,0.084001,1,255,⚠️ nghi ngờ có lỗi,0,,,,,,,
dance_011,D11_P002_T01,5,150,210,5.0,7.0,16.016937,15.951577,0.06536,1,256,⚠️ nghi ngờ có lỗi,0,,,,,,,
dance_012,D12_P002_T01,5,150,210,5.0,7.0,14.368768,14.304425,0.064343,1,257,⚠️ nghi ngờ có lỗi,0,,,,,,,
dance_006,D06_P019_T01,3,90,150,3.0,5.0,13.846643,13.794565,0.052078,1,258,⚠️ nghi ngờ có lỗi,0,,,,,,,
dance_011,D11_P002_T01,7,210,270,7.0,9.0,16.001752,15.951577,0.050175,1,259,⚠️ nghi ngờ có lỗi,0,,,,,,,
dance_010,D10_P002_T01,5,150,210,5.0,7.0,17.68808,17.643839,0.044241,1,260,⚠️ nghi ngờ có lỗi,0,,,,,,,
dance_011,D11_P004_T01,10,300,360,10.0,12.0,15.986056,15.951577,0.034479,1,261,⚠️ nghi ngờ có lỗi,0,,,,,,,
dance_008,D08_P009_T01,11,330,390,11.0,13.0,15.323253,15.296403,0.02685,1,262,⚠️ nghi ngờ có lỗi,0,,,,,,,
dance_002,D02_P013_T01,7,210,270,7.0,9.0,18.796367,18.773045,0.023322,1,263,⚠️ nghi ngờ có lỗi,0,,,,,,,
dance_007,D07_P012_T01,10,300,360,10.0,12.0,12.500807,12.479667,0.02114,1,264,⚠️ nghi ngờ có lỗi,0,,,,,,,
dance_003,D03_P016_T01,1,30,90,1.0,3.0,14.253053,14.232737,0.020316,1,265,⚠️ nghi ngờ có lỗi,0,,,,,,,
dance_010,D10_P004_T01,8,240,300,8.0,10.0,17.661779,17.643839,0.01794,1,266,⚠️ nghi ngờ có lỗi,0,,,,,,,
dance_006,D06_P013_T01,11,330,390,11.0,13.0,13.796915,13.794565,0.00235,1,267,⚠️ nghi ngờ có lỗi,0,,,,,,,
dance_005,D05_P002_T01,5,150,210,5.0,7.0,13.799709,13.799158,0.000551,1,268,⚠️ nghi ngờ có lỗi,0,,,,,,,
dance_006,D06_P005_T01,0,0,60,0.0,2.0,13.469725,13.794565,-0.32484,0,325,,1,107.0,,,,,,
dance_012,D12_P007_T01,12,360,420,12.0,14.0,13.968329,14.304425,-0.336096,0,329,,1,221.0,,,,,,
dance_008,D08_P002_T01,11,330,390,11.0,13.0,14.92106,15.296403,-0.375343,0,336,,1,154.0,,,,,,
dance_006,D06_P016_T01,0,0,60,0.0,2.0,13.316651,13.794565,-0.477914,0,352,,1,94.0,,,,,,
dance_008,D08_P020_T01,7,210,270,7.0,9.0,14.785862,15.296403,-0.510541,0,359,,1,134.0,,,,,,
dance_009,D09_P007_T01,2,60,120,2.0,4.0,19.03365,19.54512,-0.51147,0,360,,1,162.0,,,,,,
dance_012,D12_P013_T01,0,0,60,0.0,2.0,13.790155,14.304425,-0.51427,0,361,,1,225.0,,,,,,
dance_012,D12_P015_T01,0,0,60,0.0,2.0,13.459394,14.304425,-0.845031,0,402,,1,218.0,,,,,,
dance_004,D04_P020_T01,10,300,360,10.0,12.0,15.45892,16.304395,-0.845475,0,403,,1,58.0,,,,,,
dance_006,D06_P011_T01,10,300,360,10.0,12.0,12.789858,13.794565,-1.004707,0,435,,1,101.0,,,,,,
dance_002,D02_P016_T01,6,180,240,6.0,8.0,17.712477,18.773045,-1.060568,0,446,,1,21.0,,,,,,
dance_006,D06_P011_T01,0,0,60,0.0,2.0,12.695904,13.794565,-1.098661,0,453,,1,104.0,,,,,,
dance_011,D11_P005_T01,3,90,150,3.0,5.0,14.771137,15.951577,-1.18044,0,463,,1,206.0,,,,,,
dance_007,D07_P007_T01,10,300,360,10.0,12.0,11.224699,12.479667,-1.254968,0,474,,1,119.0,,,,,,
dance_008,D08_P003_T01,9,270,330,9.0,11.0,14.033953,15.296403,-1.26245,0,475,,1,129.0,,,,,,
dance_002,D02_P015_T01,8,240,300,8.0,10.0,17.495479,18.773045,-1.277566,0,478,,1,23.0,,,,,,
dance_011,D11_P002_T01,14,420,480,14.0,16.0,14.642497,15.951577,-1.30908,0,485,,1,194.0,,,,,,
dance_001,D01_P002_T01,6,180,240,6.0,8.0,13.044008,14.435844,-1.391836,0,502,,1,2.0,,,,,,
dance_008,D08_P005_T01,3,90,150,3.0,5.0,13.849049,15.296403,-1.447354,0,512,,1,143.0,,,,,,
dance_003,D03_P020_T01,6,180,240,6.0,8.0,12.706304,14.232737,-1.526433,0,533,,1,42.0,,,,,,
dance_003,D03_P013_T01,6,180,240,6.0,8.0,12.673733,14.232737,-1.559004,0,536,,1,54.0,,,,,,
dance_002,D02_P003_T01,5,150,210,5.0,7.0,17.192579,18.773045,-1.580466,0,542,,1,24.0,,,,,,
dance_012,D12_P016_T01,2,60,120,2.0,4.0,12.699308,14.304425,-1.605117,0,546,,1,231.0,,,,,,
dance_008,D08_P014_T01,12,360,420,12.0,14.0,13.634007,15.296403,-1.662396,0,557,,1,153.0,,,,,,
dance_008,D08_P004_T01,11,330,390,11.0,13.0,13.605006,15.296403,-1.691397,0,563,,1,135.0,,,,,,
dance_002,D02_P011_T01,4,120,180,4.0,6.0,17.078802,18.773045,-1.694243,0,564,,1,30.0,,,,,,
dance_009,D09_P014_T01,10,300,360,10.0,12.0,17.812662,19.54512,-1.732458,0,574,,1,164.0,,,,,,
dance_001,D01_P020_T01,1,30,90,1.0,3.0,12.686868,14.435844,-1.748976,0,577,,1,14.0,,,,,,
dance_010,D10_P020_T01,11,330,390,11.0,13.0,15.893341,17.643839,-1.750498,0,579,,1,187.0,,,,,,
dance_005,D05_P017_T01,1,30,90,1.0,3.0,11.985096,13.799158,-1.814062,0,601,,1,83.0,,,,,,
dance_003,D03_P016_T01,9,270,330,9.0,11.0,12.410196,14.232737,-1.822541,0,605,,1,49.0,,,,,,
dance_005,D05_P002_T01,4,120,180,4.0,6.0,11.969882,13.799158,-1.829276,0,609,,1,84.0,,,,,,
dance_005,D05_P007_T01,3,90,150,3.0,5.0,11.952017,13.799158,-1.847141,0,614,,1,78.0,,,,,,
dance_011,D11_P016_T01,15,450,510,15.0,17.0,14.103772,15.951577,-1.847805,0,615,,1,197.0,,,,,,
dance_004,D04_P014_T01,6,180,240,6.0,8.0,14.330262,16.304395,-1.974133,0,652,,1,60.0,,,,,,
dance_010,D10_P013_T01,9,270,330,9.0,11.0,15.581752,17.643839,-2.062087,0,675,,1,183.0,,,,,,
dance_003,D03_P011_T01,5,150,210,5.0,7.0,12.110996,14.232737,-2.121741,0,692,,1,37.0,,,,,,
dance_004,D04_P012_T01,6,180,240,6.0,8.0,14.112879,16.304395,-2.191516,0,710,,1,68.0,,,,,,
dance_012,D12_P010_T01,2,60,120,2.0,4.0,12.063576,14.304425,-2.240849,0,719,,1,228.0,,,,,,
dance_003,D03_P019_T01,8,240,300,8.0,10.0,11.986571,14.232737,-2.246166,0,721,,1,41.0,,,,,,
dance_003,D03_P019_T01,12,360,420,12.0,14.0,11.961512,14.232737,-2.271225,0,729,,1,38.0,,,,,,
dance_001,D01_P015_T01,2,60,120,2.0,4.0,12.162946,14.435844,-2.272898,0,730,,1,10.0,,,,,,
dance_008,D08_P009_T01,16,480,540,16.0,18.0,13.006801,15.296403,-2.289602,0,734,,1,141.0,,,,,,
dance_006,D06_P002_T01,7,210,270,7.0,9.0,11.478991,13.794565,-2.315574,0,741,,1,90.0,,,,,,
dance_005,D05_P019_T01,6,180,240,6.0,8.0,11.45398,13.799158,-2.345178,0,755,,1,77.0,,,,,,
dance_010,D10_P007_T01,0,0,60,0.0,2.0,15.251674,17.643839,-2.392165,0,769,,1,173.0,,,,,,
dance_012,D12_P004_T01,5,150,210,5.0,7.0,11.90359,14.304425,-2.400835,0,772,,1,230.0,,,,,,
dance_006,D06_P010_T01,8,240,300,8.0,10.0,11.360742,13.794565,-2.433823,0,776,,1,105.0,,,,,,
dance_001,D01_P004_T01,7,210,270,7.0,9.0,11.998969,14.435844,-2.436875,0,777,,1,16.0,,,,,,
dance_003,D03_P006_T01,0,0,60,0.0,2.0,11.744793,14.232737,-2.487944,0,790,,1,36.0,,,,,,
dance_005,D05_P003_T01,1,30,90,1.0,3.0,11.286722,13.799158,-2.512436,0,797,,1,87.0,,,,,,
dance_003,D03_P009_T01,8,240,300,8.0,10.0,11.589536,14.232737,-2.643201,0,832,,1,44.0,,,,,,
dance_008,D08_P009_T01,2,60,120,2.0,4.0,12.634763,15.296403,-2.66164,0,838,,1,148.0,,,,,,
dance_001,D01_P017_T01,1,30,90,1.0,3.0,11.631461,14.435844,-2.804383,0,890,,1,13.0,,,,,,
dance_011,D11_P008_T01,1,30,90,1.0,3.0,13.130453,15.951577,-2.821124,0,894,,1,201.0,,,,,,
dance_011,D11_P006_T01,7,210,270,7.0,9.0,13.11891,15.951577,-2.832667,0,897,,1,211.0,,,,,,
dance_007,D07_P015_T01,5,150,210,5.0,7.0,9.628115,12.479667,-2.851552,0,902,,1,115.0,,,,,,
dance_001,D01_P016_T01,6,180,240,6.0,8.0,11.570757,14.435844,-2.865087,0,909,,1,9.0,,,,,,
dance_003,D03_P009_T01,3,90,150,3.0,5.0,11.353368,14.232737,-2.879369,0,915,,1,48.0,,,,,,
dance_003,D03_P011_T01,10,300,360,10.0,12.0,11.337239,14.232737,-2.895498,0,919,,1,47.0,,,,,,
dance_006,D06_P004_T01,3,90,150,3.0,5.0,10.896584,13.794565,-2.897981,0,920,,1,103.0,,,,,,
dance_004,D04_P004_T01,0,0,60,0.0,2.0,13.397585,16.304395,-2.90681,0,922,,1,71.0,,,,,,
dance_001,D01_P019_T01,7,210,270,7.0,9.0,11.528373,14.435844,-2.907471,0,923,,1,12.0,,,,,,
dance_003,D03_P015_T01,2,60,120,2.0,4.0,11.316334,14.232737,-2.916403,0,926,,1,45.0,,,,,,
dance_001,D01_P015_T01,1,30,90,1.0,3.0,11.477867,14.435844,-2.957977,0,944,,1,15.0,,,,,,
dance_012,D12_P002_T01,7,210,270,7.0,9.0,11.333912,14.304425,-2.970513,0,951,,1,234.0,,,,,,
dance_005,D05_P017_T01,5,150,210,5.0,7.0,10.79537,13.799158,-3.003788,0,961,,1,81.0,,,,,,
dance_009,D09_P020_T01,9,270,330,9.0,11.0,16.537695,19.54512,-3.007425,0,962,,1,156.0,,,,,,
dance_004,D04_P014_T01,5,150,210,5.0,7.0,13.267436,16.304395,-3.036959,0,975,,1,62.0,,,,,,
dance_005,D05_P019_T01,1,30,90,1.0,3.0,10.739293,13.799158,-3.059865,0,986,,1,75.0,,,,,,
dance_009,D09_P014_T01,11,330,390,11.0,13.0,16.455356,19.54512,-3.089764,0,994,,1,167.0,,,,,,
dance_007,D07_P006_T01,6,180,240,6.0,8.0,9.374865,12.479667,-3.104802,0,1000,,1,122.0,,,,,,
dance_011,D11_P007_T01,3,90,150,3.0,5.0,12.844484,15.951577,-3.107093,0,1003,,1,205.0,,,,,,
dance_007,D07_P013_T01,1,30,90,1.0,3.0,9.366503,12.479667,-3.113164,0,1006,,1,121.0,,,,,,
dance_007,D07_P010_T01,5,150,210,5.0,7.0,9.314122,12.479667,-3.165545,0,1019,,1,112.0,,,,,,
dance_004,D04_P020_T01,8,240,300,8.0,10.0,13.092388,16.304395,-3.212007,0,1037,,1,61.0,,,,,,
dance_003,D03_P011_T01,6,180,240,6.0,8.0,11.004635,14.232737,-3.228102,0,1041,,1,52.0,,,,,,
dance_008,D08_P016_T01,8,240,300,8.0,10.0,12.03479,15.296403,-3.261613,0,1051,,1,142.0,,,,,,
dance_011,D11_P004_T01,6,180,240,6.0,8.0,12.659292,15.951577,-3.292285,0,1061,,1,213.0,,,,,,
dance_004,D04_P012_T01,1,30,90,1.0,3.0,12.998544,16.304395,-3.305851,0,1065,,1,67.0,,,,,,
dance_009,D09_P016_T01,7,210,270,7.0,9.0,16.235916,19.54512,-3.309204,0,1067,,1,169.0,,,,,,
dance_003,D03_P005_T01,4,120,180,4.0,6.0,10.918967,14.232737,-3.31377,0,1071,,1,46.0,,,,,,
dance_007,D07_P004_T01,4,120,180,4.0,6.0,9.159089,12.479667,-3.320578,0,1075,,1,113.0,,,,,,
dance_010,D10_P002_T01,11,330,390,11.0,13.0,14.277274,17.643839,-3.366565,0,1095,,1,188.0,,,,,,
dance_010,D10_P012_T01,8,240,300,8.0,10.0,14.261967,17.643839,-3.381872,0,1098,,1,182.0,,,,,,
dance_004,D04_P002_T01,7,210,270,7.0,9.0,12.887535,16.304395,-3.41686,0,1111,,1,56.0,,,,,,
dance_001,D01_P009_T01,3,90,150,3.0,5.0,11.010221,14.435844,-3.425623,0,1117,,1,1.0,,,,,,
dance_005,D05_P007_T01,5,150,210,5.0,7.0,10.354576,13.799158,-3.444582,0,1121,,1,76.0,,,,,,
dance_007,D07_P014_T01,9,270,330,9.0,11.0,9.033059,12.479667,-3.446608,0,1123,,1,111.0,,,,,,
dance_008,D08_P020_T01,1,30,90,1.0,3.0,11.84328,15.296403,-3.453123,0,1128,,1,137.0,,,,,,
dance_012,D12_P004_T01,6,180,240,6.0,8.0,10.848838,14.304425,-3.455587,0,1130,,1,226.0,,,,,,
dance_008,D08_P004_T01,0,0,60,0.0,2.0,11.802756,15.296403,-3.493647,0,1141,,1,152.0,,,,,,
dance_007,D07_P003_T01,8,240,300,8.0,10.0,8.970518,12.479667,-3.509149,0,1146,,1,124.0,,,,,,
dance_006,D06_P011_T01,9,270,330,9.0,11.0,10.279675,13.794565,-3.51489,0,1148,,1,96.0,,,,,,
dance_007,D07_P015_T01,9,270,330,9.0,11.0,8.959745,12.479667,-3.519922,0,1150,,1,110.0,,,,,,
dance_009,D09_P012_T01,6,180,240,6.0,8.0,16.020629,19.54512,-3.524491,0,1152,,1,159.0,,,,,,
dance_007,D07_P020_T01,5,150,210,5.0,7.0,8.95128,12.479667,-3.528387,0,1154,,1,123.0,,,,,,
dance_008,D08_P004_T01,15,450,510,15.0,17.0,11.743621,15.296403,-3.552782,0,1161,,1,151.0,,,,,,
dance_009,D09_P015_T01,0,0,60,0.0,2.0,15.947836,19.54512,-3.597284,0,1182,,1,155.0,,,,,,
dance_012,D12_P009_T01,12,360,420,12.0,14.0,10.706463,14.304425,-3.597962,0,1184,,1,224.0,,,,,,
dance_006,D06_P015_T01,5,150,210,5.0,7.0,10.187894,13.794565,-3.606671,0,1188,,1,100.0,,,,,,
dance_007,D07_P005_T01,7,210,270,7.0,9.0,8.769093,12.479667,-3.710574,0,1219,,1,114.0,,,,,,
dance_003,D03_P006_T01,9,270,330,9.0,11.0,10.496766,14.232737,-3.735971,0,1229,,1,51.0,,,,,,
dance_008,D08_P008_T01,5,150,210,5.0,7.0,11.50813,15.296403,-3.788273,0,1244,,1,145.0,,,,,,
dance_006,D06_P018_T01,6,180,240,6.0,8.0,10.004318,13.794565,-3.790247,0,1245,,1,97.0,,,,,,
dance_006,D06_P015_T01,0,0,60,0.0,2.0,9.991971,13.794565,-3.802594,0,1255,,1,102.0,,,,,,
dance_009,D09_P004_T01,5,150,210,5.0,7.0,15.73309,19.54512,-3.81203,0,1260,,1,166.0,,,,,,
dance_011,D11_P018_T01,1,30,90,1.0,3.0,12.119669,15.951577,-3.831908,0,1266,,1,198.0,,,,,,
dance_008,D08_P002_T01,17,510,570,17.0,19.0,11.458355,15.296403,-3.838048,0,1270,,1,131.0,,,,,,
dance_006,D06_P009_T01,9,270,330,9.0,11.0,9.953416,13.794565,-3.841149,0,1271,,1,99.0,,,,,,
dance_006,D06_P005_T01,1,30,90,1.0,3.0,9.916813,13.794565,-3.877752,0,1288,,1,91.0,,,,,,
dance_001,D01_P019_T01,5,150,210,5.0,7.0,10.503902,14.435844,-3.931942,0,1312,,1,11.0,,,,,,
dance_011,D11_P006_T01,15,450,510,15.0,17.0,12.002221,15.951577,-3.949356,0,1317,,1,215.0,,,,,,
dance_008,D08_P014_T01,0,0,60,0.0,2.0,11.331846,15.296403,-3.964557,0,1325,,1,128.0,,,,,,
dance_008,D08_P018_T01,9,270,330,9.0,11.0,11.323666,15.296403,-3.972737,0,1331,,1,150.0,,,,,,
dance_006,D06_P008_T01,3,90,150,3.0,5.0,9.814633,13.794565,-3.979932,0,1336,,1,95.0,,,,,,
dance_011,D11_P002_T01,1,30,90,1.0,3.0,11.957199,15.951577,-3.994378,0,1342,,1,196.0,,,,,,
dance_001,D01_P015_T01,8,240,300,8.0,10.0,10.39356,14.435844,-4.042284,0,1358,,1,8.0,,,,,,
dance_003,D03_P004_T01,8,240,300,8.0,10.0,10.187383,14.232737,-4.045354,0,1360,,1,34.0,,,,,,
dance_005,D05_P009_T01,7,210,270,7.0,9.0,9.718471,13.799158,-4.080687,0,1370,,1,80.0,,,,,,
dance_005,D05_P019_T01,3,90,150,3.0,5.0,9.701948,13.799158,-4.09721,0,1379,,1,73.0,,,,,,
dance_011,D11_P015_T01,14,420,480,14.0,16.0,11.85095,15.951577,-4.100627,0,1380,,1,209.0,,,,,,
dance_009,D09_P008_T01,2,60,120,2.0,4.0,15.402889,19.54512,-4.142231,0,1397,,1,160.0,,,,,,
dance_004,D04_P010_T01,5,150,210,5.0,7.0,12.16063,16.304395,-4.143765,0,1398,,1,72.0,,,,,,
dance_001,D01_P014_T01,3,90,150,3.0,5.0,10.287275,14.435844,-4.148569,0,1402,,1,5.0,,,,,,
dance_011,D11_P013_T01,13,390,450,13.0,15.0,11.791017,15.951577,-4.16056,0,1408,,1,216.0,,,,,,
dance_012,D12_P004_T01,8,240,300,8.0,10.0,10.136878,14.304425,-4.167547,0,1409,,1,236.0,,,,,,
dance_006,D06_P015_T01,6,180,240,6.0,8.0,9.578258,13.794565,-4.216307,0,1425,,1,89.0,,,,,,
dance_002,D02_P008_T01,7,210,270,7.0,9.0,14.527828,18.773045,-4.245217,0,1434,,1,32.0,,,,,,
dance_007,D07_P003_T01,5,150,210,5.0,7.0,8.227913,12.479667,-4.251754,0,1437,,1,118.0,,,,,,
dance_006,D06_P005_T01,4,120,180,4.0,6.0,9.518587,13.794565,-4.275978,0,1449,,1,92.0,,,,,,
dance_001,D01_P013_T01,3,90,150,3.0,5.0,10.132056,14.435844,-4.303788,0,1465,,1,6.0,,,,,,
dance_003,D03_P003_T01,8,240,300,8.0,10.0,9.889452,14.232737,-4.343285,0,1484,,1,39.0,,,,,,
dance_010,D10_P013_T01,8,240,300,8.0,10.0,13.298207,17.643839,-4.345632,0,1485,,1,177.0,,,,,,
dance_004,D04_P019_T01,3,90,150,3.0,5.0,11.925085,16.304395,-4.37931,0,1498,,1,69.0,,,,,,
dance_008,D08_P020_T01,6,180,240,6.0,8.0,10.858591,15.296403,-4.437812,0,1511,,1,139.0,,,,,,
dance_007,D07_P016_T01,1,30,90,1.0,3.0,8.029014,12.479667,-4.450653,0,1514,,1,116.0,,,,,,
dance_008,D08_P011_T01,4,120,180,4.0,6.0,10.830252,15.296403,-4.466151,0,1523,,1,130.0,,,,,,
dance_007,D07_P010_T01,2,60,120,2.0,4.0,7.983322,12.479667,-4.496345,0,1535,,1,109.0,,,,,,
dance_006,D06_P006_T01,11,330,390,11.0,13.0,9.29265,13.794565,-4.501915,0,1536,,1,98.0,,,,,,
dance_011,D11_P003_T01,7,210,270,7.0,9.0,11.444976,15.951577,-4.506601,0,1540,,1,199.0,,,,,,
dance_008,D08_P013_T01,6,180,240,6.0,8.0,10.760572,15.296403,-4.535831,0,1550,,1,136.0,,,,,,
dance_006,D06_P019_T01,4,120,180,4.0,6.0,9.187296,13.794565,-4.607269,0,1576,,1,106.0,,,,,,
dance_002,D02_P018_T01,8,240,300,8.0,10.0,14.132069,18.773045,-4.640976,0,1582,,1,31.0,,,,,,
dance_012,D12_P010_T01,7,210,270,7.0,9.0,9.624469,14.304425,-4.679956,0,1598,,1,235.0,,,,,,
dance_005,D05_P010_T01,8,240,300,8.0,10.0,9.098498,13.799158,-4.70066,0,1606,,1,82.0,,,,,,
dance_001,D01_P011_T01,2,60,120,2.0,4.0,9.711875,14.435844,-4.723969,0,1621,,1,7.0,,,,,,
dance_010,D10_P016_T01,1,30,90,1.0,3.0,12.910943,17.643839,-4.732896,0,1627,,1,181.0,,,,,,
dance_012,D12_P003_T01,7,210,270,7.0,9.0,9.528009,14.304425,-4.776416,0,1646,,1,232.0,,,,,,
dance_012,D12_P018_T01,12,360,420,12.0,14.0,9.519127,14.304425,-4.785298,0,1649,,1,222.0,,,,,,
dance_009,D09_P002_T01,1,30,90,1.0,3.0,14.755182,19.54512,-4.789938,0,1654,,1,165.0,,,,,,
dance_002,D02_P004_T01,8,240,300,8.0,10.0,13.973006,18.773045,-4.800039,0,1660,,1,17.0,,,,,,
dance_004,D04_P013_T01,8,240,300,8.0,10.0,11.464709,16.304395,-4.839686,0,1671,,1,55.0,,,,,,
dance_012,D12_P020_T01,8,240,300,8.0,10.0,9.34767,14.304425,-4.956755,0,1712,,1,233.0,,,,,,
dance_003,D03_P020_T01,11,330,390,11.0,13.0,9.255105,14.232737,-4.977632,0,1724,,1,35.0,,,,,,
dance_012,D12_P015_T01,6,180,240,6.0,8.0,9.279755,14.304425,-5.02467,0,1745,,1,219.0,,,,,,
dance_011,D11_P018_T01,5,150,210,5.0,7.0,10.891054,15.951577,-5.060523,0,1754,,1,195.0,,,,,,
dance_006,D06_P004_T01,0,0,60,0.0,2.0,8.73273,13.794565,-5.061835,0,1756,,1,88.0,,,,,,
dance_003,D03_P014_T01,10,300,360,10.0,12.0,9.164756,14.232737,-5.067981,0,1761,,1,50.0,,,,,,
dance_006,D06_P015_T01,7,210,270,7.0,9.0,8.664619,13.794565,-5.129946,0,1779,,1,108.0,,,,,,
dance_005,D05_P005_T01,5,150,210,5.0,7.0,8.637543,13.799158,-5.161615,0,1789,,1,86.0,,,,,,
dance_007,D07_P018_T01,6,180,240,6.0,8.0,7.285899,12.479667,-5.193768,0,1799,,1,126.0,,,,,,
dance_012,D12_P017_T01,1,30,90,1.0,3.0,9.044293,14.304425,-5.260132,0,1823,,1,237.0,,,,,,
dance_008,D08_P008_T01,4,120,180,4.0,6.0,10.011871,15.296403,-5.284532,0,1829,,1,140.0,,,,,,
dance_007,D07_P006_T01,9,270,330,9.0,11.0,7.18642,12.479667,-5.293247,0,1834,,1,120.0,,,,,,
dance_010,D10_P005_T01,4,120,180,4.0,6.0,12.350426,17.643839,-5.293413,0,1835,,1,190.0,,,,,,
dance_011,D11_P009_T01,6,180,240,6.0,8.0,10.643737,15.951577,-5.30784,0,1845,,1,210.0,,,,,,
dance_012,D12_P012_T01,9,270,330,9.0,11.0,8.990066,14.304425,-5.314359,0,1847,,1,227.0,,,,,,
dance_001,D01_P015_T01,4,120,180,4.0,6.0,9.102603,14.435844,-5.333241,0,1863,,1,4.0,,,,,,
dance_004,D04_P006_T01,10,300,360,10.0,12.0,10.970371,16.304395,-5.334024,0,1864,,1,64.0,,,,,,
dance_011,D11_P015_T01,9,270,330,9.0,11.0,10.603441,15.951577,-5.348136,0,1872,,1,200.0,,,,,,
dance_012,D12_P017_T01,3,90,150,3.0,5.0,8.904121,14.304425,-5.400304,0,1897,,1,223.0,,,,,,
dance_003,D03_P008_T01,10,300,360,10.0,12.0,8.786959,14.232737,-5.445778,0,1915,,1,53.0,,,,,,
dance_011,D11_P008_T01,10,300,360,10.0,12.0,10.480833,15.951577,-5.470744,0,1919,,1,217.0,,,,,,
dance_009,D09_P008_T01,4,120,180,4.0,6.0,14.026071,19.54512,-5.519049,0,1939,,1,168.0,,,,,,
dance_002,D02_P013_T01,3,90,150,3.0,5.0,13.092462,18.773045,-5.680583,0,2002,,1,22.0,,,,,,
dance_005,D05_P006_T01,3,90,150,3.0,5.0,8.050823,13.799158,-5.748335,0,2020,,1,85.0,,,,,,
dance_004,D04_P004_T01,4,120,180,4.0,6.0,10.544744,16.304395,-5.759651,0,2026,,1,66.0,,,,,,
dance_003,D03_P018_T01,1,30,90,1.0,3.0,8.391305,14.232737,-5.841432,0,2054,,1,43.0,,,,,,
dance_008,D08_P008_T01,9,270,330,9.0,11.0,9.429422,15.296403,-5.866981,0,2058,,1,144.0,,,,,,
dance_009,D09_P017_T01,8,240,300,8.0,10.0,13.671519,19.54512,-5.873601,0,2063,,1,161.0,,,,,,
dance_003,D03_P010_T01,2,60,120,2.0,4.0,8.34149,14.232737,-5.891247,0,2071,,1,40.0,,,,,,
dance_012,D12_P020_T01,5,150,210,5.0,7.0,8.303632,14.304425,-6.000793,0,2109,,1,229.0,,,,,,
dance_008,D08_P013_T01,8,240,300,8.0,10.0,9.276534,15.296403,-6.019869,0,2111,,1,138.0,,,,,,
dance_004,D04_P006_T01,6,180,240,6.0,8.0,10.280724,16.304395,-6.023671,0,2113,,1,57.0,,,,,,
dance_009,D09_P008_T01,0,0,60,0.0,2.0,13.406186,19.54512,-6.138934,0,2141,,1,171.0,,,,,,
dance_010,D10_P005_T01,6,180,240,6.0,8.0,11.469072,17.643839,-6.174767,0,2152,,1,193.0,,,,,,
dance_007,D07_P010_T01,0,0,60,0.0,2.0,6.278434,12.479667,-6.201233,0,2162,,1,125.0,,,,,,
dance_002,D02_P014_T01,8,240,300,8.0,10.0,12.443086,18.773045,-6.329959,0,2194,,1,33.0,,,,,,
dance_010,D10_P020_T01,4,120,180,4.0,6.0,11.284081,17.643839,-6.359758,0,2202,,1,176.0,,,,,,
dance_010,D10_P008_T01,5,150,210,5.0,7.0,11.225711,17.643839,-6.418128,0,2214,,1,192.0,,,,,,
dance_012,D12_P005_T01,7,210,270,7.0,9.0,7.8686,14.304425,-6.435825,0,2218,,1,220.0,,,,,,
dance_010,D10_P020_T01,1,30,90,1.0,3.0,11.189468,17.643839,-6.454371,0,2227,,1,180.0,,,,,,
dance_002,D02_P003_T01,1,30,90,1.0,3.0,12.254902,18.773045,-6.518143,0,2239,,1,29.0,,,,,,
dance_008,D08_P015_T01,6,180,240,6.0,8.0,8.692752,15.296403,-6.603651,0,2256,,1,149.0,,,,,,
dance_011,D11_P015_T01,0,0,60,0.0,2.0,9.335821,15.951577,-6.615756,0,2260,,1,208.0,,,,,,
dance_011,D11_P009_T01,8,240,300,8.0,10.0,9.252052,15.951577,-6.699525,0,2276,,1,207.0,,,,,,
dance_005,D05_P018_T01,1,30,90,1.0,3.0,7.088925,13.799158,-6.710233,0,2278,,1,74.0,,,,,,
dance_004,D04_P011_T01,2,60,120,2.0,4.0,9.552801,16.304395,-6.751594,0,2289,,1,70.0,,,,,,
dance_009,D09_P004_T01,3,90,150,3.0,5.0,12.778609,19.54512,-6.766511,0,2292,,1,157.0,,,,,,
dance_002,D02_P017_T01,4,120,180,4.0,6.0,11.937449,18.773045,-6.835596,0,2310,,1,18.0,,,,,,
dance_009,D09_P016_T01,2,60,120,2.0,4.0,12.676841,19.54512,-6.868279,0,2320,,1,172.0,,,,,,
dance_010,D10_P011_T01,8,240,300,8.0,10.0,10.750118,17.643839,-6.893721,0,2322,,1,174.0,,,,,,
dance_002,D02_P005_T01,6,180,240,6.0,8.0,11.827051,18.773045,-6.945994,0,2334,,1,26.0,,,,,,
dance_008,D08_P014_T01,6,180,240,6.0,8.0,8.301147,15.296403,-6.995256,0,2341,,1,146.0,,,,,,
dance_011,D11_P018_T01,8,240,300,8.0,10.0,8.922128,15.951577,-7.029449,0,2352,,1,202.0,,,,,,
dance_006,D06_P020_T01,5,150,210,5.0,7.0,6.742231,13.794565,-7.052334,0,2356,,1,93.0,,,,,,
dance_010,D10_P018_T01,3,90,150,3.0,5.0,10.591401,17.643839,-7.052438,0,2357,,1,178.0,,,,,,
dance_010,D10_P018_T01,12,360,420,12.0,14.0,10.431222,17.643839,-7.212617,0,2377,,1,186.0,,,,,,
dance_004,D04_P015_T01,6,180,240,6.0,8.0,9.073416,16.304395,-7.230979,0,2378,,1,63.0,,,,,,
dance_008,D08_P005_T01,0,0,60,0.0,2.0,8.0339,15.296403,-7.262503,0,2381,,1,147.0,,,,,,
dance_011,D11_P003_T01,2,60,120,2.0,4.0,8.64267,15.951577,-7.308907,0,2392,,1,214.0,,,,,,
dance_010,D10_P005_T01,1,30,90,1.0,3.0,10.324469,17.643839,-7.31937,0,2393,,1,189.0,,,,,,
dance_004,D04_P015_T01,10,300,360,10.0,12.0,8.983292,16.304395,-7.321103,0,2394,,1,65.0,,,,,,
dance_008,D08_P011_T01,9,270,330,9.0,11.0,7.953501,15.296403,-7.342902,0,2399,,1,132.0,,,,,,
dance_008,D08_P013_T01,13,390,450,13.0,15.0,7.936357,15.296403,-7.360046,0,2401,,1,127.0,,,,,,
dance_005,D05_P006_T01,7,210,270,7.0,9.0,6.398292,13.799158,-7.400866,0,2406,,1,79.0,,,,,,
dance_011,D11_P015_T01,3,90,150,3.0,5.0,8.543856,15.951577,-7.407721,0,2407,,1,204.0,,,,,,
dance_002,D02_P017_T01,1,30,90,1.0,3.0,11.360771,18.773045,-7.412274,0,2408,,1,28.0,,,,,,
dance_009,D09_P008_T01,10,300,360,10.0,12.0,12.126508,19.54512,-7.418612,0,2409,,1,163.0,,,,,,
dance_011,D11_P006_T01,2,60,120,2.0,4.0,8.482988,15.951577,-7.468589,0,2415,,1,203.0,,,,,,
dance_007,D07_P017_T01,7,210,270,7.0,9.0,4.903683,12.479667,-7.575984,0,2429,,1,117.0,,,,,,
dance_004,D04_P010_T01,4,120,180,4.0,6.0,8.709853,16.304395,-7.594542,0,2432,,1,59.0,,,,,,
dance_002,D02_P006_T01,8,240,300,8.0,10.0,11.154622,18.773045,-7.618423,0,2437,,1,19.0,,,,,,
dance_010,D10_P008_T01,4,120,180,4.0,6.0,9.95076,17.643839,-7.693079,0,2451,,1,179.0,,,,,,
dance_010,D10_P010_T01,8,240,300,8.0,10.0,9.939553,17.643839,-7.704286,0,2452,,1,185.0,,,,,,
dance_009,D09_P011_T01,8,240,300,8.0,10.0,11.717938,19.54512,-7.827182,0,2464,,1,158.0,,,,,,
dance_002,D02_P010_T01,3,90,150,3.0,5.0,10.730439,18.773045,-8.042606,0,2483,,1,25.0,,,,,,
dance_009,D09_P004_T01,8,240,300,8.0,10.0,11.097842,19.54512,-8.447278,0,2513,,1,170.0,,,,,,
dance_008,D08_P015_T01,16,480,540,16.0,18.0,6.668574,15.296403,-8.627829,0,2532,,1,133.0,,,,,,
dance_011,D11_P018_T01,3,90,150,3.0,5.0,7.244811,15.951577,-8.706766,0,2538,,1,212.0,,,,,,
dance_002,D02_P003_T01,2,60,120,2.0,4.0,9.366186,18.773045,-9.406859,0,2573,,1,20.0,,,,,,
dance_010,D10_P008_T01,1,30,90,1.0,3.0,8.18899,17.643839,-9.454849,0,2578,,1,184.0,,,,,,
dance_010,D10_P018_T01,8,240,300,8.0,10.0,7.917385,17.643839,-9.726454,0,2583,,1,175.0,,,,,,
dance_010,D10_P018_T01,7,210,270,7.0,9.0,7.205429,17.643839,-10.43841,0,2607,,1,191.0,,,,,,
dance_002,D02_P020_T01,2,60,120,2.0,4.0,6.236431,18.773045,-12.536614,0,2628,,1,27.0,,,,,,
dance_001,D01_P003_T01,0,0,60,0.0,2.0,0.0,14.435844,-14.435844,0,2631,,1,3.0,,,,,,
dance_005,D05_P016_T01,5,150,210,5.0,7.0,13.798608,13.799158,-0.00055,0,269,,0,,,,,,,
dance_010,D10_P014_T01,9,270,330,9.0,11.0,17.641846,17.643839,-0.001993,0,270,,0,,,,,,,
dance_006,D06_P013_T01,8,240,300,8.0,10.0,13.789082,13.794565,-0.005483,0,271,,0,,,,,,,
dance_002,D02_P007_T01,4,120,180,4.0,6.0,18.76305,18.773045,-0.009995,0,272,,0,,,,,,,
dance_009,D09_P002_T01,4,120,180,4.0,6.0,19.534673,19.54512,-0.010447,0,273,,0,,,,,,,
dance_003,D03_P016_T01,7,210,270,7.0,9.0,14.212421,14.232737,-0.020316,0,274,,0,,,,,,,
dance_006,D06_P019_T01,12,360,420,12.0,14.0,13.769867,13.794565,-0.024698,0,275,,0,,,,,,,
dance_012,D12_P006_T01,0,0,60,0.0,2.0,14.276849,14.304425,-0.027576,0,276,,0,,,,,,,
dance_012,D12_P019_T01,0,0,60,0.0,2.0,14.275047,14.304425,-0.029378,0,277,,0,,,,,,,
dance_003,D03_P012_T01,1,30,90,1.0,3.0,14.197145,14.232737,-0.035592,0,278,,0,,,,,,,
dance_007,D07_P016_T01,6,180,240,6.0,8.0,12.43034,12.479667,-0.049327,0,279,,0,,,,,,,
dance_004,D04_P013_T01,1,30,90,1.0,3.0,16.254714,16.304395,-0.049681,0,280,,0,,,,,,,
dance_011,D11_P013_T01,1,30,90,1.0,3.0,15.899859,15.951577,-0.051718,0,281,,0,,,,,,,
dance_008,D08_P012_T01,2,60,120,2.0,4.0,15.233753,15.296403,-0.06265,0,282,,0,,,,,,,
dance_005,D05_P002_T01,0,0,60,0.0,2.0,13.734667,13.799158,-0.064491,0,283,,0,,,,,,,
dance_007,D07_P002_T01,1,30,90,1.0,3.0,12.411237,12.479667,-0.06843,0,284,,0,,,,,,,
dance_012,D12_P002_T01,9,270,330,9.0,11.0,14.227337,14.304425,-0.077088,0,285,,0,,,,,,,
dance_007,D07_P016_T01,5,150,210,5.0,7.0,12.402521,12.479667,-0.077146,0,286,,0,,,,,,,
dance_002,D02_P016_T01,4,120,180,4.0,6.0,18.695409,18.773045,-0.077636,0,287,,0,,,,,,,
dance_007,D07_P007_T01,8,240,300,8.0,10.0,12.389425,12.479667,-0.090242,0,288,,0,,,,,,,
dance_006,D06_P017_T01,2,60,120,2.0,4.0,13.686991,13.794565,-0.107574,0,289,,0,,,,,,,
dance_002,D02_P020_T01,6,180,240,6.0,8.0,18.664089,18.773045,-0.108956,0,290,,0,,,,,,,
dance_007,D07_P012_T01,1,30,90,1.0,3.0,12.366789,12.479667,-0.112878,0,291,,0,,,,,,,
dance_012,D12_P007_T01,1,30,90,1.0,3.0,14.182833,14.304425,-0.121592,0,292,,0,,,,,,,
dance_011,D11_P002_T01,4,120,180,4.0,6.0,15.822078,15.951577,-0.129499,0,293,,0,,,,,,,
dance_001,D01_P011_T01,1,30,90,1.0,3.0,14.290359,14.435844,-0.145485,0,294,,0,,,,,,,
dance_005,D05_P017_T01,8,240,300,8.0,10.0,13.649471,13.799158,-0.149687,0,295,,0,,,,,,,
dance_002,D02_P019_T01,5,150,210,5.0,7.0,18.619827,18.773045,-0.153218,0,296,,0,,,,,,,
dance_008,D08_P016_T01,9,270,330,9.0,11.0,15.142307,15.296403,-0.154096,0,297,,0,,,,,,,
dance_011,D11_P009_T01,11,330,390,11.0,13.0,15.795569,15.951577,-0.156008,0,298,,0,,,,,,,
dance_007,D07_P007_T01,4,120,180,4.0,6.0,12.321046,12.479667,-0.158621,0,299,,0,,,,,,,
dance_011,D11_P003_T01,10,300,360,10.0,12.0,15.792759,15.951577,-0.158818,0,300,,0,,,,,,,
dance_007,D07_P017_T01,1,30,90,1.0,3.0,12.319778,12.479667,-0.159889,0,301,,0,,,,,,,
dance_006,D06_P012_T01,2,60,120,2.0,4.0,13.621175,13.794565,-0.17339,0,302,,0,,,,,,,
dance_006,D06_P002_T01,4,120,180,4.0,6.0,13.620205,13.794565,-0.17436,0,303,,0,,,,,,,
dance_009,D09_P014_T01,7,210,270,7.0,9.0,19.353225,19.54512,-0.191895,0,304,,0,,,,,,,
dance_012,D12_P002_T01,0,0,60,0.0,2.0,14.103522,14.304425,-0.200903,0,305,,0,,,,,,,
dance_002,D02_P013_T01,4,120,180,4.0,6.0,18.567743,18.773045,-0.205302,0,306,,0,,,,,,,
dance_008,D08_P007_T01,8,240,300,8.0,10.0,15.090456,15.296403,-0.205947,0,307,,0,,,,,,,
dance_010,D10_P004_T01,2,60,120,2.0,4.0,17.431369,17.643839,-0.21247,0,308,,0,,,,,,,
dance_009,D09_P019_T01,5,150,210,5.0,7.0,19.330185,19.54512,-0.214935,0,309,,0,,,,,,,
dance_005,D05_P013_T01,3,90,150,3.0,5.0,13.580289,13.799158,-0.218869,0,310,,0,,,,,,,
dance_006,D06_P002_T01,5,150,210,5.0,7.0,13.55957,13.794565,-0.234995,0,311,,0,,,,,,,
dance_012,D12_P014_T01,10,300,360,10.0,12.0,14.06575,14.304425,-0.238675,0,312,,0,,,,,,,
dance_005,D05_P003_T01,0,0,60,0.0,2.0,13.556332,13.799158,-0.242826,0,313,,0,,,,,,,
dance_003,D03_P005_T01,3,90,150,3.0,5.0,13.98322,14.232737,-0.249517,0,314,,0,,,,,,,
dance_008,D08_P008_T01,11,330,390,11.0,13.0,15.046445,15.296403,-0.249958,0,315,,0,,,,,,,
dance_006,D06_P016_T01,8,240,300,8.0,10.0,13.528987,13.794565,-0.265578,0,316,,0,,,,,,,
dance_008,D08_P006_T01,10,300,360,10.0,12.0,15.02495,15.296403,-0.271453,0,317,,0,,,,,,,
dance_003,D03_P010_T01,6,180,240,6.0,8.0,13.957014,14.232737,-0.275723,0,318,,0,,,,,,,
dance_006,D06_P013_T01,0,0,60,0.0,2.0,13.508823,13.794565,-0.285742,0,319,,0,,,,,,,
dance_006,D06_P002_T01,12,360,420,12.0,14.0,13.502516,13.794565,-0.292049,0,320,,0,,,,,,,
dance_005,D05_P007_T01,1,30,90,1.0,3.0,13.502002,13.799158,-0.297156,0,321,,0,,,,,,,
dance_006,D06_P016_T01,6,180,240,6.0,8.0,13.49619,13.794565,-0.298375,0,322,,0,,,,,,,
dance_006,D06_P007_T01,8,240,300,8.0,10.0,13.488191,13.794565,-0.306374,0,323,,0,,,,,,,
dance_006,D06_P007_T01,2,60,120,2.0,4.0,13.486487,13.794565,-0.308078,0,324,,0,,,,,,,
dance_003,D03_P002_T01,8,240,300,8.0,10.0,13.907558,14.232737,-0.325179,0,326,,0,,,,,,,
dance_005,D05_P012_T01,6,180,240,6.0,8.0,13.471307,13.799158,-0.327851,0,327,,0,,,,,,,
dance_007,D07_P012_T01,3,90,150,3.0,5.0,12.143628,12.479667,-0.336039,0,328,,0,,,,,,,
dance_007,D07_P003_T01,3,90,150,3.0,5.0,12.141719,12.479667,-0.337948,0,330,,0,,,,,,,
dance_004,D04_P007_T01,10,300,360,10.0,12.0,15.964592,16.304395,-0.339803,0,331,,0,,,,,,,
dance_010,D10_P012_T01,10,300,360,10.0,12.0,17.300564,17.643839,-0.343275,0,332,,0,,,,,,,
dance_007,D07_P004_T01,5,150,210,5.0,7.0,12.13065,12.479667,-0.349017,0,333,,0,,,,,,,
dance_001,D01_P011_T01,0,0,60,0.0,2.0,14.077688,14.435844,-0.358156,0,334,,0,,,,,,,
dance_012,D12_P016_T01,8,240,300,8.0,10.0,13.93127,14.304425,-0.373155,0,335,,0,,,,,,,
dance_007,D07_P008_T01,5,150,210,5.0,7.0,12.098724,12.479667,-0.380943,0,337,,0,,,,,,,
dance_005,D05_P010_T01,1,30,90,1.0,3.0,13.408524,13.799158,-0.390634,0,338,,0,,,,,,,
dance_006,D06_P008_T01,1,30,90,1.0,3.0,13.395445,13.794565,-0.39912,0,339,,0,,,,,,,
dance_003,D03_P003_T01,12,360,420,12.0,14.0,13.822398,14.232737,-0.410339,0,340,,0,,,,,,,
dance_010,D10_P009_T01,9,270,330,9.0,11.0,17.230865,17.643839,-0.412974,0,341,,0,,,,,,,
dance_008,D08_P014_T01,8,240,300,8.0,10.0,14.880719,15.296403,-0.415684,0,342,,0,,,,,,,
dance_004,D04_P008_T01,0,0,60,0.0,2.0,15.888106,16.304395,-0.416289,0,343,,0,,,,,,,
dance_002,D02_P003_T01,8,240,300,8.0,10.0,18.348125,18.773045,-0.42492,0,344,,0,,,,,,,
dance_008,D08_P002_T01,10,300,360,10.0,12.0,14.865767,15.296403,-0.430636,0,345,,0,,,,,,,
dance_007,D07_P017_T01,3,90,150,3.0,5.0,12.044796,12.479667,-0.434871,0,346,,0,,,,,,,
dance_003,D03_P014_T01,8,240,300,8.0,10.0,13.785986,14.232737,-0.446751,0,347,,0,,,,,,,
dance_004,D04_P017_T01,0,0,60,0.0,2.0,15.850636,16.304395,-0.453759,0,348,,0,,,,,,,
dance_011,D11_P016_T01,0,0,60,0.0,2.0,15.494657,15.951577,-0.45692,0,349,,0,,,,,,,
dance_012,D12_P007_T01,2,60,120,2.0,4.0,13.841752,14.304425,-0.462673,0,350,,0,,,,,,,
dance_003,D03_P008_T01,4,120,180,4.0,6.0,13.764772,14.232737,-0.467965,0,351,,0,,,,,,,
dance_001,D01_P018_T01,6,180,240,6.0,8.0,13.95482,14.435844,-0.481024,0,353,,0,,,,,,,
dance_012,D12_P012_T01,0,0,60,0.0,2.0,13.820142,14.304425,-0.484283,0,354,,0,,,,,,,
dance_004,D04_P006_T01,4,120,180,4.0,6.0,15.812638,16.304395,-0.491757,0,355,,0,,,,,,,
dance_011,D11_P005_T01,7,210,270,7.0,9.0,15.459182,15.951577,-0.492395,0,356,,0,,,,,,,
dance_010,D10_P013_T01,5,150,210,5.0,7.0,17.143841,17.643839,-0.499998,0,357,,0,,,,,,,
dance_009,D09_P006_T01,1,30,90,1.0,3.0,19.035005,19.54512,-0.510115,0,358,,0,,,,,,,
dance_008,D08_P009_T01,10,300,360,10.0,12.0,14.781997,15.296403,-0.514406,0,362,,0,,,,,,,
dance_001,D01_P010_T01,8,240,300,8.0,10.0,13.908482,14.435844,-0.527362,0,363,,0,,,,,,,
dance_007,D07_P014_T01,7,210,270,7.0,9.0,11.946605,12.479667,-0.533062,0,364,,0,,,,,,,
dance_011,D11_P012_T01,14,420,480,14.0,16.0,15.40588,15.951577,-0.545697,0,365,,0,,,,,,,
dance_008,D08_P002_T01,14,420,480,14.0,16.0,14.745328,15.296403,-0.551075,0,366,,0,,,,,,,
dance_007,D07_P016_T01,8,240,300,8.0,10.0,11.918572,12.479667,-0.561095,0,367,,0,,,,,,,
dance_002,D02_P009_T01,0,0,60,0.0,2.0,18.208819,18.773045,-0.564226,0,368,,0,,,,,,,
dance_004,D04_P017_T01,5,150,210,5.0,7.0,15.729115,16.304395,-0.57528,0,369,,0,,,,,,,
dance_003,D03_P004_T01,7,210,270,7.0,9.0,13.62346,14.232737,-0.609277,0,370,,0,,,,,,,
dance_001,D01_P011_T01,8,240,300,8.0,10.0,13.826099,14.435844,-0.609745,0,371,,0,,,,,,,
dance_011,D11_P002_T01,8,240,300,8.0,10.0,15.336554,15.951577,-0.615023,0,372,,0,,,,,,,
dance_012,D12_P016_T01,12,360,420,12.0,14.0,13.687782,14.304425,-0.616643,0,373,,0,,,,,,,
dance_007,D07_P013_T01,7,210,270,7.0,9.0,11.846782,12.479667,-0.632885,0,374,,0,,,,,,,
dance_007,D07_P017_T01,0,0,60,0.0,2.0,11.843851,12.479667,-0.635816,0,375,,0,,,,,,,
dance_007,D07_P011_T01,4,120,180,4.0,6.0,11.841912,12.479667,-0.637755,0,376,,0,,,,,,,
dance_008,D08_P009_T01,3,90,150,3.0,5.0,14.651697,15.296403,-0.644706,0,377,,0,,,,,,,
dance_011,D11_P017_T01,11,330,390,11.0,13.0,15.304678,15.951577,-0.646899,0,378,,0,,,,,,,
dance_007,D07_P017_T01,4,120,180,4.0,6.0,11.821158,12.479667,-0.658509,0,379,,0,,,,,,,
dance_008,D08_P008_T01,7,210,270,7.0,9.0,14.621268,15.296403,-0.675135,0,380,,0,,,,,,,
dance_003,D03_P004_T01,1,30,90,1.0,3.0,13.550711,14.232737,-0.682026,0,381,,0,,,,,,,
dance_003,D03_P010_T01,10,300,360,10.0,12.0,13.549562,14.232737,-0.683175,0,382,,0,,,,,,,
dance_009,D09_P018_T01,0,0,60,0.0,2.0,18.858928,19.54512,-0.686192,0,383,,0,,,,,,,
dance_008,D08_P013_T01,3,90,150,3.0,5.0,14.604574,15.296403,-0.691829,0,384,,0,,,,,,,
dance_004,D04_P010_T01,0,0,60,0.0,2.0,15.60983,16.304395,-0.694565,0,385,,0,,,,,,,
dance_012,D12_P016_T01,5,150,210,5.0,7.0,13.606323,14.304425,-0.698102,0,386,,0,,,,,,,
dance_002,D02_P013_T01,0,0,60,0.0,2.0,18.074844,18.773045,-0.698201,0,387,,0,,,,,,,
dance_008,D08_P018_T01,0,0,60,0.0,2.0,14.595438,15.296403,-0.700965,0,388,,0,,,,,,,
dance_003,D03_P015_T01,12,360,420,12.0,14.0,13.523419,14.232737,-0.709318,0,389,,0,,,,,,,
dance_008,D08_P008_T01,13,390,450,13.0,15.0,14.576356,15.296403,-0.720047,0,390,,0,,,,,,,
dance_012,D12_P010_T01,3,90,150,3.0,5.0,13.578999,14.304425,-0.725426,0,391,,0,,,,,,,
dance_006,D06_P002_T01,3,90,150,3.0,5.0,13.065127,13.794565,-0.729438,0,392,,0,,,,,,,
dance_006,D06_P007_T01,6,180,240,6.0,8.0,13.035397,13.794565,-0.759168,0,393,,0,,,,,,,
dance_011,D11_P007_T01,10,300,360,10.0,12.0,15.190444,15.951577,-0.761133,0,394,,0,,,,,,,
dance_012,D12_P007_T01,9,270,330,9.0,11.0,13.527337,14.304425,-0.777088,0,395,,0,,,,,,,
dance_010,D10_P004_T01,4,120,180,4.0,6.0,16.865272,17.643839,-0.778567,0,396,,0,,,,,,,
dance_001,D01_P013_T01,8,240,300,8.0,10.0,13.654463,14.435844,-0.781381,0,397,,0,,,,,,,
dance_011,D11_P016_T01,1,30,90,1.0,3.0,15.136997,15.951577,-0.81458,0,398,,0,,,,,,,
dance_003,D03_P008_T01,2,60,120,2.0,4.0,13.408658,14.232737,-0.824079,0,399,,0,,,,,,,
dance_007,D07_P017_T01,2,60,120,2.0,4.0,11.646463,12.479667,-0.833204,0,400,,0,,,,,,,
dance_007,D07_P007_T01,5,150,210,5.0,7.0,11.644898,12.479667,-0.834769,0,401,,0,,,,,,,
dance_011,D11_P018_T01,11,330,390,11.0,13.0,15.102661,15.951577,-0.848916,0,404,,0,,,,,,,
dance_012,D12_P010_T01,4,120,180,4.0,6.0,13.445797,14.304425,-0.858628,0,405,,0,,,,,,,
dance_004,D04_P003_T01,4,120,180,4.0,6.0,15.43788,16.304395,-0.866515,0,406,,0,,,,,,,
dance_011,D11_P017_T01,10,300,360,10.0,12.0,15.082723,15.951577,-0.868854,0,407,,0,,,,,,,
dance_001,D01_P007_T01,0,0,60,0.0,2.0,13.562973,14.435844,-0.872871,0,408,,0,,,,,,,
dance_003,D03_P004_T01,6,180,240,6.0,8.0,13.3593,14.232737,-0.873437,0,409,,0,,,,,,,
dance_008,D08_P018_T01,1,30,90,1.0,3.0,14.42295,15.296403,-0.873453,0,410,,0,,,,,,,
dance_007,D07_P002_T01,2,60,120,2.0,4.0,11.606157,12.479667,-0.87351,0,411,,0,,,,,,,
dance_012,D12_P002_T01,12,360,420,12.0,14.0,13.424651,14.304425,-0.879774,0,412,,0,,,,,,,
dance_008,D08_P016_T01,2,60,120,2.0,4.0,14.413137,15.296403,-0.883266,0,413,,0,,,,,,,
dance_010,D10_P002_T01,1,30,90,1.0,3.0,16.759428,17.643839,-0.884411,0,414,,0,,,,,,,
dance_007,D07_P014_T01,5,150,210,5.0,7.0,11.586971,12.479667,-0.892696,0,415,,0,,,,,,,
dance_003,D03_P018_T01,6,180,240,6.0,8.0,13.339072,14.232737,-0.893665,0,416,,0,,,,,,,
dance_004,D04_P002_T01,3,90,150,3.0,5.0,15.409518,16.304395,-0.894877,0,417,,0,,,,,,,
dance_007,D07_P016_T01,3,90,150,3.0,5.0,11.570755,12.479667,-0.908912,0,418,,0,,,,,,,
dance_001,D01_P002_T01,1,30,90,1.0,3.0,13.524952,14.435844,-0.910892,0,419,,0,,,,,,,
dance_001,D01_P004_T01,1,30,90,1.0,3.0,13.524952,14.435844,-0.910892,0,419,,0,,,,,,,
dance_005,D05_P014_T01,5,150,210,5.0,7.0,12.883742,13.799158,-0.915416,0,421,,0,,,,,,,
dance_010,D10_P012_T01,12,360,420,12.0,14.0,16.727613,17.643839,-0.916226,0,422,,0,,,,,,,
dance_002,D02_P011_T01,7,210,270,7.0,9.0,17.834384,18.773045,-0.938661,0,423,,0,,,,,,,
dance_010,D10_P004_T01,12,360,420,12.0,14.0,16.698171,17.643839,-0.945668,0,424,,0,,,,,,,
dance_012,D12_P012_T01,3,90,150,3.0,5.0,13.355602,14.304425,-0.948823,0,425,,0,,,,,,,
dance_003,D03_P016_T01,6,180,240,6.0,8.0,13.280179,14.232737,-0.952558,0,426,,0,,,,,,,
dance_012,D12_P002_T01,11,330,390,11.0,13.0,13.347353,14.304425,-0.957072,0,427,,0,,,,,,,
dance_008,D08_P003_T01,3,90,150,3.0,5.0,14.337521,15.296403,-0.958882,0,428,,0,,,,,,,
dance_011,D11_P016_T01,13,390,450,13.0,15.0,14.974415,15.951577,-0.977162,0,429,,0,,,,,,,
dance_008,D08_P016_T01,11,330,390,11.0,13.0,14.31521,15.296403,-0.981193,0,430,,0,,,,,,,
dance_012,D12_P008_T01,8,240,300,8.0,10.0,13.317403,14.304425,-0.987022,0,431,,0,,,,,,,
dance_012,D12_P016_T01,0,0,60,0.0,2.0,13.314611,14.304425,-0.989814,0,432,,0,,,,,,,
dance_010,D10_P015_T01,5,150,210,5.0,7.0,16.65207,17.643839,-0.991769,0,433,,0,,,,,,,
dance_012,D12_P012_T01,7,210,270,7.0,9.0,13.311438,14.304425,-0.992987,0,434,,0,,,,,,,
dance_006,D06_P016_T01,10,300,360,10.0,12.0,12.789718,13.794565,-1.004847,0,436,,0,,,,,,,
dance_010,D10_P006_T01,4,120,180,4.0,6.0,16.63311,17.643839,-1.010729,0,437,,0,,,,,,,
dance_008,D08_P017_T01,14,420,480,14.0,16.0,14.276968,15.296403,-1.019435,0,438,,0,,,,,,,
dance_003,D03_P012_T01,7,210,270,7.0,9.0,13.210117,14.232737,-1.02262,0,439,,0,,,,,,,
dance_003,D03_P002_T01,12,360,420,12.0,14.0,13.20095,14.232737,-1.031787,0,440,,0,,,,,,,
dance_011,D11_P012_T01,9,270,330,9.0,11.0,14.919526,15.951577,-1.032051,0,441,,0,,,,,,,
dance_006,D06_P009_T01,11,330,390,11.0,13.0,12.736817,13.794565,-1.057748,0,442,,0,,,,,,,
dance_005,D05_P017_T01,0,0,60,0.0,2.0,12.740227,13.799158,-1.058931,0,443,,0,,,,,,,
dance_010,D10_P017_T01,10,300,360,10.0,12.0,16.584885,17.643839,-1.058954,0,444,,0,,,,,,,
dance_003,D03_P004_T01,10,300,360,10.0,12.0,13.172636,14.232737,-1.060101,0,445,,0,,,,,,,
dance_006,D06_P013_T01,9,270,330,9.0,11.0,12.730426,13.794565,-1.064139,0,447,,0,,,,,,,
dance_011,D11_P002_T01,6,180,240,6.0,8.0,14.88202,15.951577,-1.069557,0,448,,0,,,,,,,
dance_008,D08_P016_T01,13,390,450,13.0,15.0,14.22012,15.296403,-1.076283,0,449,,0,,,,,,,
dance_004,D04_P017_T01,7,210,270,7.0,9.0,15.227481,16.304395,-1.076914,0,450,,0,,,,,,,
dance_012,D12_P014_T01,8,240,300,8.0,10.0,13.222789,14.304425,-1.081636,0,451,,0,,,,,,,
dance_011,D11_P004_T01,0,0,60,0.0,2.0,14.859948,15.951577,-1.091629,0,452,,0,,,,,,,
dance_002,D02_P009_T01,3,90,150,3.0,5.0,17.661139,18.773045,-1.111906,0,454,,0,,,,,,,
dance_001,D01_P018_T01,8,240,300,8.0,10.0,13.320106,14.435844,-1.115738,0,455,,0,,,,,,,
dance_008,D08_P007_T01,3,90,150,3.0,5.0,14.177282,15.296403,-1.119121,0,456,,0,,,,,,,
dance_007,D07_P002_T01,7,210,270,7.0,9.0,11.343782,12.479667,-1.135885,0,457,,0,,,,,,,
dance_006,D06_P009_T01,0,0,60,0.0,2.0,12.647801,13.794565,-1.146764,0,458,,0,,,,,,,
dance_005,D05_P008_T01,5,150,210,5.0,7.0,12.645938,13.799158,-1.15322,0,459,,0,,,,,,,
dance_004,D04_P008_T01,9,270,330,9.0,11.0,15.139982,16.304395,-1.164413,0,460,,0,,,,,,,
dance_006,D06_P009_T01,3,90,150,3.0,5.0,12.624634,13.794565,-1.169931,0,461,,0,,,,,,,
dance_007,D07_P012_T01,8,240,300,8.0,10.0,11.309098,12.479667,-1.170569,0,462,,0,,,,,,,
dance_005,D05_P014_T01,4,120,180,4.0,6.0,12.605044,13.799158,-1.194114,0,464,,0,,,,,,,
dance_004,D04_P019_T01,1,30,90,1.0,3.0,15.108115,16.304395,-1.19628,0,465,,0,,,,,,,
dance_008,D08_P003_T01,6,180,240,6.0,8.0,14.091806,15.296403,-1.204597,0,466,,0,,,,,,,
dance_006,D06_P020_T01,1,30,90,1.0,3.0,12.589002,13.794565,-1.205563,0,467,,0,,,,,,,
dance_002,D02_P003_T01,9,270,330,9.0,11.0,17.564323,18.773045,-1.208722,0,468,,0,,,,,,,
dance_001,D01_P016_T01,1,30,90,1.0,3.0,13.222899,14.435844,-1.212945,0,469,,0,,,,,,,
dance_010,D10_P007_T01,11,330,390,11.0,13.0,16.425439,17.643839,-1.2184,0,470,,0,,,,,,,
dance_011,D11_P007_T01,9,270,330,9.0,11.0,14.724921,15.951577,-1.226656,0,471,,0,,,,,,,
dance_001,D01_P018_T01,0,0,60,0.0,2.0,13.204614,14.435844,-1.23123,0,472,,0,,,,,,,
dance_008,D08_P009_T01,8,240,300,8.0,10.0,14.047512,15.296403,-1.248891,0,473,,0,,,,,,,
dance_007,D07_P007_T01,3,90,150,3.0,5.0,11.209421,12.479667,-1.270246,0,476,,0,,,,,,,
dance_003,D03_P016_T01,8,240,300,8.0,10.0,12.959066,14.232737,-1.273671,0,477,,0,,,,,,,
dance_007,D07_P012_T01,5,150,210,5.0,7.0,11.20057,12.479667,-1.279097,0,479,,0,,,,,,,
dance_008,D08_P020_T01,12,360,420,12.0,14.0,14.01345,15.296403,-1.282953,0,480,,0,,,,,,,
dance_006,D06_P010_T01,1,30,90,1.0,3.0,12.506289,13.794565,-1.288276,0,481,,0,,,,,,,
dance_008,D08_P008_T01,10,300,360,10.0,12.0,14.006988,15.296403,-1.289415,0,482,,0,,,,,,,
dance_001,D01_P016_T01,2,60,120,2.0,4.0,13.138424,14.435844,-1.29742,0,483,,0,,,,,,,
dance_002,D02_P012_T01,6,180,240,6.0,8.0,17.466494,18.773045,-1.306551,0,484,,0,,,,,,,
dance_006,D06_P012_T01,8,240,300,8.0,10.0,12.480537,13.794565,-1.314028,0,486,,0,,,,,,,
dance_004,D04_P012_T01,3,90,150,3.0,5.0,14.990295,16.304395,-1.3141,0,487,,0,,,,,,,
dance_004,D04_P014_T01,9,270,330,9.0,11.0,14.989835,16.304395,-1.31456,0,488,,0,,,,,,,
dance_010,D10_P007_T01,7,210,270,7.0,9.0,16.326924,17.643839,-1.316915,0,489,,0,,,,,,,
dance_008,D08_P012_T01,8,240,300,8.0,10.0,13.971038,15.296403,-1.325365,0,490,,0,,,,,,,
dance_001,D01_P017_T01,5,150,210,5.0,7.0,13.107666,14.435844,-1.328178,0,491,,0,,,,,,,
dance_007,D07_P011_T01,9,270,330,9.0,11.0,11.149276,12.479667,-1.330391,0,492,,0,,,,,,,
dance_008,D08_P013_T01,2,60,120,2.0,4.0,13.958139,15.296403,-1.338264,0,493,,0,,,,,,,
dance_012,D12_P006_T01,1,30,90,1.0,3.0,12.965454,14.304425,-1.338971,0,494,,0,,,,,,,
dance_009,D09_P012_T01,9,270,330,9.0,11.0,18.201992,19.54512,-1.343128,0,495,,0,,,,,,,
dance_006,D06_P009_T01,4,120,180,4.0,6.0,12.4452,13.794565,-1.349365,0,496,,0,,,,,,,
dance_006,D06_P008_T01,11,330,390,11.0,13.0,12.422848,13.794565,-1.371717,0,497,,0,,,,,,,
dance_006,D06_P017_T01,3,90,150,3.0,5.0,12.420825,13.794565,-1.37374,0,498,,0,,,,,,,
dance_003,D03_P017_T01,8,240,300,8.0,10.0,12.858746,14.232737,-1.373991,0,499,,0,,,,,,,
dance_012,D12_P007_T01,8,240,300,8.0,10.0,12.925624,14.304425,-1.378801,0,500,,0,,,,,,,
dance_012,D12_P016_T01,1,30,90,1.0,3.0,12.920225,14.304425,-1.3842,0,501,,0,,,,,,,
dance_001,D01_P004_T01,6,180,240,6.0,8.0,13.044008,14.435844,-1.391836,0,502,,0,,,,,,,
dance_007,D07_P002_T01,6,180,240,6.0,8.0,11.08637,12.479667,-1.393297,0,504,,0,,,,,,,
dance_001,D01_P005_T01,5,150,210,5.0,7.0,13.017701,14.435844,-1.418143,0,505,,0,,,,,,,
dance_011,D11_P016_T01,8,240,300,8.0,10.0,14.526537,15.951577,-1.42504,0,506,,0,,,,,,,
dance_006,D06_P011_T01,5,150,210,5.0,7.0,12.355254,13.794565,-1.439311,0,507,,0,,,,,,,
dance_011,D11_P002_T01,13,390,450,13.0,15.0,14.510434,15.951577,-1.441143,0,508,,0,,,,,,,
dance_007,D07_P015_T01,3,90,150,3.0,5.0,11.036207,12.479667,-1.44346,0,509,,0,,,,,,,
dance_007,D07_P014_T01,0,0,60,0.0,2.0,11.034725,12.479667,-1.444942,0,510,,0,,,,,,,
dance_002,D02_P010_T01,0,0,60,0.0,2.0,17.325867,18.773045,-1.447178,0,511,,0,,,,,,,
dance_005,D05_P018_T01,0,0,60,0.0,2.0,12.348262,13.799158,-1.450896,0,513,,0,,,,,,,
dance_007,D07_P009_T01,10,300,360,10.0,12.0,11.017519,12.479667,-1.462148,0,514,,0,,,,,,,
dance_006,D06_P009_T01,2,60,120,2.0,4.0,12.327274,13.794565,-1.467291,0,515,,0,,,,,,,
dance_010,D10_P013_T01,4,120,180,4.0,6.0,16.173073,17.643839,-1.470766,0,516,,0,,,,,,,
dance_007,D07_P016_T01,4,120,180,4.0,6.0,11.008709,12.479667,-1.470958,0,517,,0,,,,,,,
dance_007,D07_P016_T01,10,300,360,10.0,12.0,11.00024,12.479667,-1.479427,0,518,,0,,,,,,,
dance_006,D06_P003_T01,8,240,300,8.0,10.0,12.311108,13.794565,-1.483457,0,519,,0,,,,,,,
dance_001,D01_P001_T01,5,150,210,5.0,7.0,12.951663,14.435844,-1.484181,0,520,,0,,,,,,,
dance_007,D07_P015_T01,4,120,180,4.0,6.0,10.993273,12.479667,-1.486394,0,521,,0,,,,,,,
dance_003,D03_P020_T01,3,90,150,3.0,5.0,12.745037,14.232737,-1.4877,0,522,,0,,,,,,,
dance_011,D11_P016_T01,3,90,150,3.0,5.0,14.463806,15.951577,-1.487771,0,523,,0,,,,,,,
dance_003,D03_P008_T01,0,0,60,0.0,2.0,12.74427,14.232737,-1.488467,0,524,,0,,,,,,,
dance_011,D11_P019_T01,6,180,240,6.0,8.0,14.461886,15.951577,-1.489691,0,525,,0,,,,,,,
dance_006,D06_P018_T01,0,0,60,0.0,2.0,12.300239,13.794565,-1.494326,0,526,,0,,,,,,,
dance_011,D11_P013_T01,10,300,360,10.0,12.0,14.453253,15.951577,-1.498324,0,527,,0,,,,,,,
dance_003,D03_P009_T01,7,210,270,7.0,9.0,12.72349,14.232737,-1.509247,0,528,,0,,,,,,,
dance_012,D12_P010_T01,8,240,300,8.0,10.0,12.79077,14.304425,-1.513655,0,529,,0,,,,,,,
dance_012,D12_P009_T01,8,240,300,8.0,10.0,12.788771,14.304425,-1.515654,0,530,,0,,,,,,,
dance_007,D07_P002_T01,10,300,360,10.0,12.0,10.957508,12.479667,-1.522159,0,531,,0,,,,,,,
dance_006,D06_P015_T01,9,270,330,9.0,11.0,12.271641,13.794565,-1.522924,0,532,,0,,,,,,,
dance_005,D05_P016_T01,7,210,270,7.0,9.0,12.262214,13.799158,-1.536944,0,534,,0,,,,,,,
dance_001,D01_P010_T01,6,180,240,6.0,8.0,12.885673,14.435844,-1.550171,0,535,,0,,,,,,,
dance_010,D10_P012_T01,9,270,330,9.0,11.0,16.083989,17.643839,-1.55985,0,537,,0,,,,,,,
dance_006,D06_P008_T01,2,60,120,2.0,4.0,12.227344,13.794565,-1.567221,0,538,,0,,,,,,,
dance_004,D04_P015_T01,8,240,300,8.0,10.0,14.736127,16.304395,-1.568268,0,539,,0,,,,,,,
dance_006,D06_P011_T01,1,30,90,1.0,3.0,12.218053,13.794565,-1.576512,0,540,,0,,,,,,,
dance_005,D05_P012_T01,0,0,60,0.0,2.0,12.21934,13.799158,-1.579818,0,541,,0,,,,,,,
dance_005,D05_P012_T01,1,30,90,1.0,3.0,12.217607,13.799158,-1.581551,0,543,,0,,,,,,,
dance_008,D08_P019_T01,7,210,270,7.0,9.0,13.706593,15.296403,-1.58981,0,544,,0,,,,,,,
dance_007,D07_P017_T01,6,180,240,6.0,8.0,10.883696,12.479667,-1.595971,0,545,,0,,,,,,,
dance_006,D06_P008_T01,4,120,180,4.0,6.0,12.183061,13.794565,-1.611504,0,547,,0,,,,,,,
dance_001,D01_P002_T01,0,0,60,0.0,2.0,12.820792,14.435844,-1.615052,0,548,,0,,,,,,,
dance_001,D01_P004_T01,0,0,60,0.0,2.0,12.820792,14.435844,-1.615052,0,548,,0,,,,,,,
dance_002,D02_P013_T01,8,240,300,8.0,10.0,17.15636,18.773045,-1.616685,0,550,,0,,,,,,,
dance_008,D08_P013_T01,14,420,480,14.0,16.0,13.67925,15.296403,-1.617153,0,551,,0,,,,,,,
dance_005,D05_P010_T01,7,210,270,7.0,9.0,12.167399,13.799158,-1.631759,0,552,,0,,,,,,,
dance_010,D10_P002_T01,0,0,60,0.0,2.0,16.003485,17.643839,-1.640354,0,553,,0,,,,,,,
dance_002,D02_P003_T01,0,0,60,0.0,2.0,17.124512,18.773045,-1.648533,0,554,,0,,,,,,,
dance_002,D02_P018_T01,6,180,240,6.0,8.0,17.124467,18.773045,-1.648578,0,555,,0,,,,,,,
dance_007,D07_P013_T01,6,180,240,6.0,8.0,10.824419,12.479667,-1.655248,0,556,,0,,,,,,,
dance_009,D09_P019_T01,0,0,60,0.0,2.0,17.880834,19.54512,-1.664286,0,558,,0,,,,,,,
dance_002,D02_P013_T01,6,180,240,6.0,8.0,17.105642,18.773045,-1.667403,0,559,,0,,,,,,,
dance_007,D07_P018_T01,4,120,180,4.0,6.0,10.806898,12.479667,-1.672769,0,560,,0,,,,,,,
dance_006,D06_P018_T01,1,30,90,1.0,3.0,12.11742,13.794565,-1.677145,0,561,,0,,,,,,,
dance_012,D12_P013_T01,10,300,360,10.0,12.0,12.613306,14.304425,-1.691119,0,562,,0,,,,,,,
dance_003,D03_P005_T01,0,0,60,0.0,2.0,12.531657,14.232737,-1.70108,0,565,,0,,,,,,,
dance_011,D11_P020_T01,11,330,390,11.0,13.0,14.245167,15.951577,-1.70641,0,566,,0,,,,,,,
dance_007,D07_P006_T01,4,120,180,4.0,6.0,10.771944,12.479667,-1.707723,0,567,,0,,,,,,,
dance_011,D11_P013_T01,12,360,420,12.0,14.0,14.243449,15.951577,-1.708128,0,568,,0,,,,,,,
dance_009,D09_P014_T01,6,180,240,6.0,8.0,17.832347,19.54512,-1.712773,0,569,,0,,,,,,,
dance_010,D10_P002_T01,2,60,120,2.0,4.0,15.918706,17.643839,-1.725133,0,570,,0,,,,,,,
dance_011,D11_P015_T01,11,330,390,11.0,13.0,14.22495,15.951577,-1.726627,0,571,,0,,,,,,,
dance_007,D07_P019_T01,5,150,210,5.0,7.0,10.752873,12.479667,-1.726794,0,572,,0,,,,,,,
dance_006,D06_P007_T01,12,360,420,12.0,14.0,12.062302,13.794565,-1.732263,0,573,,0,,,,,,,
dance_006,D06_P003_T01,7,210,270,7.0,9.0,12.059774,13.794565,-1.734791,0,575,,0,,,,,,,
dance_010,D10_P015_T01,9,270,330,9.0,11.0,15.908644,17.643839,-1.735195,0,576,,0,,,,,,,
dance_008,D08_P017_T01,17,510,570,17.0,19.0,13.547385,15.296403,-1.749018,0,578,,0,,,,,,,
dance_011,D11_P015_T01,15,450,510,15.0,17.0,14.200615,15.951577,-1.750962,0,580,,0,,,,,,,
dance_008,D08_P016_T01,14,420,480,14.0,16.0,13.536156,15.296403,-1.760247,0,581,,0,,,,,,,
dance_003,D03_P015_T01,8,240,300,8.0,10.0,12.471145,14.232737,-1.761592,0,582,,0,,,,,,,
dance_012,D12_P018_T01,2,60,120,2.0,4.0,12.541297,14.304425,-1.763128,0,583,,0,,,,,,,
dance_007,D07_P018_T01,3,90,150,3.0,5.0,10.7151,12.479667,-1.764567,0,584,,0,,,,,,,
dance_008,D08_P004_T01,18,540,600,18.0,20.0,13.531291,15.296403,-1.765112,0,585,,0,,,,,,,
dance_008,D08_P002_T01,16,480,540,16.0,18.0,13.530163,15.296403,-1.76624,0,586,,0,,,,,,,
dance_008,D08_P017_T01,9,270,330,9.0,11.0,13.530012,15.296403,-1.766391,0,587,,0,,,,,,,
dance_001,D01_P007_T01,5,150,210,5.0,7.0,12.668183,14.435844,-1.767661,0,588,,0,,,,,,,
dance_004,D04_P020_T01,3,90,150,3.0,5.0,14.534039,16.304395,-1.770356,0,589,,0,,,,,,,
dance_008,D08_P003_T01,8,240,300,8.0,10.0,13.523377,15.296403,-1.773026,0,590,,0,,,,,,,
dance_010,D10_P003_T01,10,300,360,10.0,12.0,15.870445,17.643839,-1.773394,0,591,,0,,,,,,,
dance_004,D04_P019_T01,9,270,330,9.0,11.0,14.527976,16.304395,-1.776419,0,592,,0,,,,,,,
dance_007,D07_P011_T01,2,60,120,2.0,4.0,10.703044,12.479667,-1.776623,0,593,,0,,,,,,,
dance_006,D06_P006_T01,3,90,150,3.0,5.0,12.014915,13.794565,-1.77965,0,594,,0,,,,,,,
dance_011,D11_P018_T01,14,420,480,14.0,16.0,14.161282,15.951577,-1.790295,0,595,,0,,,,,,,
dance_006,D06_P002_T01,10,300,360,10.0,12.0,11.999473,13.794565,-1.795092,0,596,,0,,,,,,,
dance_012,D12_P008_T01,1,30,90,1.0,3.0,12.502272,14.304425,-1.802153,0,597,,0,,,,,,,
dance_005,D05_P013_T01,7,210,270,7.0,9.0,11.99677,13.799158,-1.802388,0,598,,0,,,,,,,
dance_005,D05_P010_T01,0,0,60,0.0,2.0,11.994111,13.799158,-1.805047,0,599,,0,,,,,,,
dance_001,D01_P006_T01,8,240,300,8.0,10.0,12.623868,14.435844,-1.811976,0,600,,0,,,,,,,
dance_006,D06_P007_T01,3,90,150,3.0,5.0,11.980466,13.794565,-1.814099,0,602,,0,,,,,,,
dance_001,D01_P012_T01,7,210,270,7.0,9.0,12.620104,14.435844,-1.81574,0,603,,0,,,,,,,
dance_003,D03_P009_T01,1,30,90,1.0,3.0,12.41112,14.232737,-1.821617,0,604,,0,,,,,,,
dance_012,D12_P016_T01,3,90,150,3.0,5.0,12.479361,14.304425,-1.825064,0,606,,0,,,,,,,
dance_003,D03_P016_T01,0,0,60,0.0,2.0,12.404974,14.232737,-1.827763,0,607,,0,,,,,,,
dance_009,D09_P011_T01,3,90,150,3.0,5.0,17.717334,19.54512,-1.827786,0,608,,0,,,,,,,
dance_004,D04_P020_T01,2,60,120,2.0,4.0,14.470306,16.304395,-1.834089,0,610,,0,,,,,,,
dance_008,D08_P008_T01,14,420,480,14.0,16.0,13.462148,15.296403,-1.834255,0,611,,0,,,,,,,
dance_003,D03_P003_T01,6,180,240,6.0,8.0,12.396772,14.232737,-1.835965,0,612,,0,,,,,,,
dance_008,D08_P016_T01,12,360,420,12.0,14.0,13.459298,15.296403,-1.837105,0,613,,0,,,,,,,
dance_006,D06_P005_T01,2,60,120,2.0,4.0,11.943213,13.794565,-1.851352,0,616,,0,,,,,,,
dance_005,D05_P010_T01,3,90,150,3.0,5.0,11.943358,13.799158,-1.8558,0,617,,0,,,,,,,
dance_007,D07_P013_T01,0,0,60,0.0,2.0,10.618562,12.479667,-1.861105,0,618,,0,,,,,,,
dance_003,D03_P007_T01,11,330,390,11.0,13.0,12.368518,14.232737,-1.864219,0,619,,0,,,,,,,
dance_003,D03_P008_T01,12,360,420,12.0,14.0,12.367073,14.232737,-1.865664,0,620,,0,,,,,,,
dance_004,D04_P014_T01,8,240,300,8.0,10.0,14.434032,16.304395,-1.870363,0,621,,0,,,,,,,
dance_006,D06_P012_T01,7,210,270,7.0,9.0,11.922576,13.794565,-1.871989,0,622,,0,,,,,,,
dance_007,D07_P020_T01,4,120,180,4.0,6.0,10.606431,12.479667,-1.873236,0,623,,0,,,,,,,
dance_007,D07_P018_T01,5,150,210,5.0,7.0,10.605025,12.479667,-1.874642,0,624,,0,,,,,,,
dance_012,D12_P016_T01,9,270,330,9.0,11.0,12.429306,14.304425,-1.875119,0,625,,0,,,,,,,
dance_007,D07_P014_T01,6,180,240,6.0,8.0,10.601498,12.479667,-1.878169,0,626,,0,,,,,,,
dance_010,D10_P013_T01,7,210,270,7.0,9.0,15.764006,17.643839,-1.879833,0,627,,0,,,,,,,
dance_003,D03_P006_T01,6,180,240,6.0,8.0,12.349719,14.232737,-1.883018,0,628,,0,,,,,,,
dance_003,D03_P020_T01,7,210,270,7.0,9.0,12.34308,14.232737,-1.889657,0,629,,0,,,,,,,
dance_010,D10_P019_T01,3,90,150,3.0,5.0,15.748567,17.643839,-1.895272,0,630,,0,,,,,,,
dance_009,D09_P014_T01,1,30,90,1.0,3.0,17.64032,19.54512,-1.9048,0,631,,0,,,,,,,
dance_003,D03_P017_T01,6,180,240,6.0,8.0,12.324515,14.232737,-1.908222,0,632,,0,,,,,,,
dance_008,D08_P016_T01,5,150,210,5.0,7.0,13.386631,15.296403,-1.909772,0,633,,0,,,,,,,
dance_010,D10_P018_T01,0,0,60,0.0,2.0,15.733639,17.643839,-1.9102,0,634,,0,,,,,,,
dance_008,D08_P007_T01,9,270,330,9.0,11.0,13.385085,15.296403,-1.911318,0,635,,0,,,,,,,
dance_006,D06_P016_T01,12,360,420,12.0,14.0,11.882225,13.794565,-1.91234,0,636,,0,,,,,,,
dance_008,D08_P015_T01,0,0,60,0.0,2.0,13.377761,15.296403,-1.918642,0,637,,0,,,,,,,
dance_002,D02_P007_T01,0,0,60,0.0,2.0,16.853842,18.773045,-1.919203,0,638,,0,,,,,,,
dance_008,D08_P005_T01,4,120,180,4.0,6.0,13.374731,15.296403,-1.921672,0,639,,0,,,,,,,
dance_010,D10_P013_T01,1,30,90,1.0,3.0,15.721513,17.643839,-1.922326,0,640,,0,,,,,,,
dance_007,D07_P005_T01,2,60,120,2.0,4.0,10.556137,12.479667,-1.92353,0,641,,0,,,,,,,
dance_012,D12_P002_T01,6,180,240,6.0,8.0,12.378296,14.304425,-1.926129,0,642,,0,,,,,,,
dance_001,D01_P001_T01,0,0,60,0.0,2.0,12.502949,14.435844,-1.932895,0,643,,0,,,,,,,
dance_005,D05_P004_T01,6,180,240,6.0,8.0,11.861472,13.799158,-1.937686,0,644,,0,,,,,,,
dance_002,D02_P006_T01,5,150,210,5.0,7.0,16.833921,18.773045,-1.939124,0,645,,0,,,,,,,
dance_012,D12_P007_T01,11,330,390,11.0,13.0,12.362687,14.304425,-1.941738,0,646,,0,,,,,,,
dance_008,D08_P002_T01,4,120,180,4.0,6.0,13.353143,15.296403,-1.94326,0,647,,0,,,,,,,
dance_005,D05_P015_T01,0,0,60,0.0,2.0,11.848605,13.799158,-1.950553,0,648,,0,,,,,,,
dance_011,D11_P018_T01,9,270,330,9.0,11.0,14.000027,15.951577,-1.95155,0,649,,0,,,,,,,
dance_009,D09_P010_T01,0,0,60,0.0,2.0,17.590876,19.54512,-1.954244,0,650,,0,,,,,,,
dance_001,D01_P018_T01,7,210,270,7.0,9.0,12.474513,14.435844,-1.961331,0,651,,0,,,,,,,
dance_003,D03_P020_T01,9,270,330,9.0,11.0,12.254958,14.232737,-1.977779,0,653,,0,,,,,,,
dance_003,D03_P002_T01,9,270,330,9.0,11.0,12.253524,14.232737,-1.979213,0,654,,0,,,,,,,
dance_009,D09_P012_T01,4,120,180,4.0,6.0,17.561946,19.54512,-1.983174,0,655,,0,,,,,,,
dance_012,D12_P009_T01,7,210,270,7.0,9.0,12.316542,14.304425,-1.987883,0,656,,0,,,,,,,
dance_012,D12_P008_T01,12,360,420,12.0,14.0,12.31643,14.304425,-1.987995,0,657,,0,,,,,,,
dance_008,D08_P005_T01,5,150,210,5.0,7.0,13.305848,15.296403,-1.990555,0,658,,0,,,,,,,
dance_008,D08_P004_T01,9,270,330,9.0,11.0,13.302072,15.296403,-1.994331,0,659,,0,,,,,,,
dance_012,D12_P007_T01,10,300,360,10.0,12.0,12.306034,14.304425,-1.998391,0,660,,0,,,,,,,
dance_006,D06_P002_T01,8,240,300,8.0,10.0,11.790614,13.794565,-2.003951,0,661,,0,,,,,,,
dance_005,D05_P011_T01,2,60,120,2.0,4.0,11.794309,13.799158,-2.004849,0,662,,0,,,,,,,
dance_010,D10_P013_T01,6,180,240,6.0,8.0,15.638699,17.643839,-2.00514,0,663,,0,,,,,,,
dance_012,D12_P016_T01,7,210,270,7.0,9.0,12.290069,14.304425,-2.014356,0,664,,0,,,,,,,
dance_008,D08_P020_T01,8,240,300,8.0,10.0,13.279438,15.296403,-2.016965,0,665,,0,,,,,,,
dance_008,D08_P014_T01,11,330,390,11.0,13.0,13.278192,15.296403,-2.018211,0,666,,0,,,,,,,
dance_003,D03_P003_T01,11,330,390,11.0,13.0,12.207378,14.232737,-2.025359,0,667,,0,,,,,,,
dance_011,D11_P009_T01,4,120,180,4.0,6.0,13.920276,15.951577,-2.031301,0,668,,0,,,,,,,
dance_007,D07_P004_T01,6,180,240,6.0,8.0,10.430528,12.479667,-2.049139,0,669,,0,,,,,,,
dance_007,D07_P004_T01,1,30,90,1.0,3.0,10.428539,12.479667,-2.051128,0,670,,0,,,,,,,
dance_010,D10_P004_T01,1,30,90,1.0,3.0,15.592336,17.643839,-2.051503,0,671,,0,,,,,,,
dance_008,D08_P012_T01,10,300,360,10.0,12.0,13.241828,15.296403,-2.054575,0,672,,0,,,,,,,
dance_007,D07_P016_T01,7,210,270,7.0,9.0,10.421183,12.479667,-2.058484,0,673,,0,,,,,,,
dance_007,D07_P004_T01,2,60,120,2.0,4.0,10.417822,12.479667,-2.061845,0,674,,0,,,,,,,
dance_004,D04_P016_T01,3,90,150,3.0,5.0,14.234181,16.304395,-2.070214,0,676,,0,,,,,,,
dance_004,D04_P011_T01,7,210,270,7.0,9.0,14.233979,16.304395,-2.070416,0,677,,0,,,,,,,
dance_010,D10_P004_T01,11,330,390,11.0,13.0,15.571485,17.643839,-2.072354,0,678,,0,,,,,,,
dance_005,D05_P014_T01,3,90,150,3.0,5.0,11.72532,13.799158,-2.073838,0,679,,0,,,,,,,
dance_001,D01_P013_T01,5,150,210,5.0,7.0,12.354676,14.435844,-2.081168,0,680,,0,,,,,,,
dance_004,D04_P014_T01,4,120,180,4.0,6.0,14.221481,16.304395,-2.082914,0,681,,0,,,,,,,
dance_012,D12_P003_T01,0,0,60,0.0,2.0,12.218099,14.304425,-2.086326,0,682,,0,,,,,,,
dance_008,D08_P016_T01,10,300,360,10.0,12.0,13.209004,15.296403,-2.087399,0,683,,0,,,,,,,
dance_005,D05_P013_T01,0,0,60,0.0,2.0,11.69324,13.799158,-2.105918,0,684,,0,,,,,,,
dance_007,D07_P011_T01,3,90,150,3.0,5.0,10.372812,12.479667,-2.106855,0,685,,0,,,,,,,
dance_012,D12_P016_T01,4,120,180,4.0,6.0,12.196137,14.304425,-2.108288,0,686,,0,,,,,,,
dance_010,D10_P015_T01,1,30,90,1.0,3.0,15.534495,17.643839,-2.109344,0,687,,0,,,,,,,
dance_003,D03_P012_T01,12,360,420,12.0,14.0,12.122097,14.232737,-2.11064,0,688,,0,,,,,,,
dance_003,D03_P007_T01,2,60,120,2.0,4.0,12.118393,14.232737,-2.114344,0,689,,0,,,,,,,
dance_008,D08_P016_T01,17,510,570,17.0,19.0,13.181836,15.296403,-2.114567,0,690,,0,,,,,,,
dance_006,D06_P015_T01,3,90,150,3.0,5.0,11.679112,13.794565,-2.115453,0,691,,0,,,,,,,
dance_004,D04_P020_T01,9,270,330,9.0,11.0,14.176457,16.304395,-2.127938,0,693,,0,,,,,,,
dance_003,D03_P018_T01,12,360,420,12.0,14.0,12.102109,14.232737,-2.130628,0,694,,0,,,,,,,
dance_011,D11_P017_T01,9,270,330,9.0,11.0,13.819384,15.951577,-2.132193,0,695,,0,,,,,,,
dance_010,D10_P012_T01,4,120,180,4.0,6.0,15.51066,17.643839,-2.133179,0,696,,0,,,,,,,
dance_008,D08_P020_T01,5,150,210,5.0,7.0,13.161888,15.296403,-2.134515,0,697,,0,,,,,,,
dance_001,D01_P014_T01,5,150,210,5.0,7.0,12.294315,14.435844,-2.141529,0,698,,0,,,,,,,
dance_007,D07_P007_T01,2,60,120,2.0,4.0,10.335876,12.479667,-2.143791,0,699,,0,,,,,,,
dance_006,D06_P002_T01,6,180,240,6.0,8.0,11.647349,13.794565,-2.147216,0,700,,0,,,,,,,
dance_004,D04_P008_T01,2,60,120,2.0,4.0,14.150102,16.304395,-2.154293,0,701,,0,,,,,,,
dance_010,D10_P014_T01,3,90,150,3.0,5.0,15.483877,17.643839,-2.159962,0,702,,0,,,,,,,
dance_005,D05_P012_T01,7,210,270,7.0,9.0,11.638911,13.799158,-2.160247,0,703,,0,,,,,,,
dance_004,D04_P016_T01,10,300,360,10.0,12.0,14.143204,16.304395,-2.161191,0,704,,0,,,,,,,
dance_006,D06_P017_T01,7,210,270,7.0,9.0,11.631592,13.794565,-2.162973,0,705,,0,,,,,,,
dance_005,D05_P018_T01,7,210,270,7.0,9.0,11.636003,13.799158,-2.163155,0,706,,0,,,,,,,
dance_011,D11_P007_T01,8,240,300,8.0,10.0,13.787287,15.951577,-2.16429,0,707,,0,,,,,,,
dance_008,D08_P013_T01,0,0,60,0.0,2.0,13.129142,15.296403,-2.167261,0,708,,0,,,,,,,
dance_007,D07_P006_T01,0,0,60,0.0,2.0,10.310946,12.479667,-2.168721,0,709,,0,,,,,,,
dance_002,D02_P011_T01,0,0,60,0.0,2.0,16.578092,18.773045,-2.194953,0,711,,0,,,,,,,
dance_003,D03_P008_T01,1,30,90,1.0,3.0,12.024949,14.232737,-2.207788,0,712,,0,,,,,,,
dance_007,D07_P010_T01,9,270,330,9.0,11.0,10.261929,12.479667,-2.217738,0,713,,0,,,,,,,
dance_005,D05_P010_T01,2,60,120,2.0,4.0,11.581002,13.799158,-2.218156,0,714,,0,,,,,,,
dance_006,D06_P018_T01,4,120,180,4.0,6.0,11.569468,13.794565,-2.225097,0,715,,0,,,,,,,
dance_008,D08_P012_T01,12,360,420,12.0,14.0,13.063588,15.296403,-2.232815,0,716,,0,,,,,,,
dance_010,D10_P012_T01,0,0,60,0.0,2.0,15.408218,17.643839,-2.235621,0,717,,0,,,,,,,
dance_003,D03_P002_T01,11,330,390,11.0,13.0,11.994284,14.232737,-2.238453,0,718,,0,,,,,,,
dance_009,D09_P003_T01,2,60,120,2.0,4.0,17.299633,19.54512,-2.245487,0,720,,0,,,,,,,
dance_012,D12_P004_T01,7,210,270,7.0,9.0,12.056401,14.304425,-2.248024,0,722,,0,,,,,,,
dance_004,D04_P007_T01,5,150,210,5.0,7.0,14.055176,16.304395,-2.249219,0,723,,0,,,,,,,
dance_003,D03_P005_T01,5,150,210,5.0,7.0,11.983401,14.232737,-2.249336,0,724,,0,,,,,,,
dance_007,D07_P008_T01,6,180,240,6.0,8.0,10.222151,12.479667,-2.257516,0,725,,0,,,,,,,
dance_010,D10_P015_T01,6,180,240,6.0,8.0,15.380896,17.643839,-2.262943,0,726,,0,,,,,,,
dance_001,D01_P012_T01,3,90,150,3.0,5.0,12.172279,14.435844,-2.263565,0,727,,0,,,,,,,
dance_004,D04_P002_T01,10,300,360,10.0,12.0,14.038031,16.304395,-2.266364,0,728,,0,,,,,,,
dance_010,D10_P020_T01,8,240,300,8.0,10.0,15.367785,17.643839,-2.276054,0,731,,0,,,,,,,
dance_008,D08_P017_T01,8,240,300,8.0,10.0,13.019589,15.296403,-2.276814,0,732,,0,,,,,,,
dance_008,D08_P006_T01,15,450,510,15.0,17.0,13.019178,15.296403,-2.277225,0,733,,0,,,,,,,
dance_004,D04_P017_T01,8,240,300,8.0,10.0,14.013897,16.304395,-2.290498,0,735,,0,,,,,,,
dance_006,D06_P016_T01,4,120,180,4.0,6.0,11.497835,13.794565,-2.29673,0,736,,0,,,,,,,
dance_007,D07_P011_T01,8,240,300,8.0,10.0,10.180809,12.479667,-2.298858,0,737,,0,,,,,,,
dance_004,D04_P014_T01,10,300,360,10.0,12.0,14.000591,16.304395,-2.303804,0,738,,0,,,,,,,
dance_004,D04_P002_T01,9,270,330,9.0,11.0,13.990957,16.304395,-2.313438,0,739,,0,,,,,,,
dance_001,D01_P018_T01,1,30,90,1.0,3.0,12.122341,14.435844,-2.313503,0,740,,0,,,,,,,
dance_011,D11_P006_T01,4,120,180,4.0,6.0,13.633958,15.951577,-2.317619,0,742,,0,,,,,,,
dance_006,D06_P016_T01,3,90,150,3.0,5.0,11.47589,13.794565,-2.318675,0,743,,0,,,,,,,
dance_008,D08_P019_T01,6,180,240,6.0,8.0,12.976733,15.296403,-2.31967,0,744,,0,,,,,,,
dance_006,D06_P010_T01,4,120,180,4.0,6.0,11.473715,13.794565,-2.32085,0,745,,0,,,,,,,
dance_004,D04_P015_T01,9,270,330,9.0,11.0,13.97657,16.304395,-2.327825,0,746,,0,,,,,,,
dance_002,D02_P007_T01,6,180,240,6.0,8.0,16.443325,18.773045,-2.32972,0,747,,0,,,,,,,
dance_003,D03_P009_T01,11,330,390,11.0,13.0,11.902773,14.232737,-2.329964,0,748,,0,,,,,,,
dance_008,D08_P014_T01,15,450,510,15.0,17.0,12.966032,15.296403,-2.330371,0,749,,0,,,,,,,
dance_008,D08_P007_T01,0,0,60,0.0,2.0,12.964704,15.296403,-2.331699,0,750,,0,,,,,,,
dance_012,D12_P010_T01,5,150,210,5.0,7.0,11.971015,14.304425,-2.33341,0,751,,0,,,,,,,
dance_003,D03_P009_T01,6,180,240,6.0,8.0,11.898909,14.232737,-2.333828,0,752,,0,,,,,,,
dance_003,D03_P009_T01,12,360,420,12.0,14.0,11.896131,14.232737,-2.336606,0,753,,0,,,,,,,
dance_011,D11_P003_T01,0,0,60,0.0,2.0,13.606626,15.951577,-2.344951,0,754,,0,,,,,,,
dance_008,D08_P003_T01,0,0,60,0.0,2.0,12.947297,15.296403,-2.349106,0,756,,0,,,,,,,
dance_001,D01_P013_T01,0,0,60,0.0,2.0,12.082464,14.435844,-2.35338,0,757,,0,,,,,,,
dance_003,D03_P014_T01,12,360,420,12.0,14.0,11.878446,14.232737,-2.354291,0,758,,0,,,,,,,
dance_005,D05_P014_T01,2,60,120,2.0,4.0,11.441719,13.799158,-2.357439,0,759,,0,,,,,,,
dance_001,D01_P001_T01,2,60,120,2.0,4.0,12.075679,14.435844,-2.360165,0,760,,0,,,,,,,
dance_004,D04_P019_T01,6,180,240,6.0,8.0,13.936849,16.304395,-2.367546,0,761,,0,,,,,,,
dance_003,D03_P019_T01,0,0,60,0.0,2.0,11.862203,14.232737,-2.370534,0,762,,0,,,,,,,
dance_008,D08_P014_T01,5,150,210,5.0,7.0,12.921944,15.296403,-2.374459,0,763,,0,,,,,,,
dance_006,D06_P015_T01,12,360,420,12.0,14.0,11.41859,13.794565,-2.375975,0,764,,0,,,,,,,
dance_012,D12_P011_T01,8,240,300,8.0,10.0,11.927787,14.304425,-2.376638,0,765,,0,,,,,,,
dance_011,D11_P018_T01,10,300,360,10.0,12.0,13.565016,15.951577,-2.386561,0,766,,0,,,,,,,
dance_003,D03_P013_T01,12,360,420,12.0,14.0,11.845943,14.232737,-2.386794,0,767,,0,,,,,,,
dance_008,D08_P009_T01,0,0,60,0.0,2.0,12.905959,15.296403,-2.390444,0,768,,0,,,,,,,
dance_002,D02_P010_T01,1,30,90,1.0,3.0,16.375375,18.773045,-2.39767,0,770,,0,,,,,,,
dance_010,D10_P005_T01,3,90,150,3.0,5.0,15.244422,17.643839,-2.399417,0,771,,0,,,,,,,
dance_002,D02_P016_T01,8,240,300,8.0,10.0,16.358841,18.773045,-2.414204,0,773,,0,,,,,,,
dance_006,D06_P002_T01,9,270,330,9.0,11.0,11.373794,13.794565,-2.420771,0,774,,0,,,,,,,
dance_005,D05_P004_T01,0,0,60,0.0,2.0,11.373496,13.799158,-2.425662,0,775,,0,,,,,,,
dance_001,D01_P002_T01,7,210,270,7.0,9.0,11.998969,14.435844,-2.436875,0,777,,0,,,,,,,
dance_007,D07_P004_T01,10,300,360,10.0,12.0,10.036549,12.479667,-2.443118,0,779,,0,,,,,,,
dance_007,D07_P013_T01,3,90,150,3.0,5.0,10.023555,12.479667,-2.456112,0,780,,0,,,,,,,
dance_002,D02_P003_T01,4,120,180,4.0,6.0,16.316176,18.773045,-2.456869,0,781,,0,,,,,,,
dance_006,D06_P014_T01,3,90,150,3.0,5.0,11.3311,13.794565,-2.463465,0,782,,0,,,,,,,
dance_006,D06_P013_T01,10,300,360,10.0,12.0,11.33058,13.794565,-2.463985,0,783,,0,,,,,,,
dance_005,D05_P005_T01,3,90,150,3.0,5.0,11.33313,13.799158,-2.466028,0,784,,0,,,,,,,
dance_006,D06_P020_T01,8,240,300,8.0,10.0,11.32781,13.794565,-2.466755,0,785,,0,,,,,,,
dance_010,D10_P004_T01,10,300,360,10.0,12.0,15.173119,17.643839,-2.47072,0,786,,0,,,,,,,
dance_005,D05_P016_T01,4,120,180,4.0,6.0,11.323004,13.799158,-2.476154,0,787,,0,,,,,,,
dance_012,D12_P006_T01,10,300,360,10.0,12.0,11.827849,14.304425,-2.476576,0,788,,0,,,,,,,
dance_003,D03_P012_T01,6,180,240,6.0,8.0,11.751528,14.232737,-2.481209,0,789,,0,,,,,,,
dance_005,D05_P008_T01,3,90,150,3.0,5.0,11.296164,13.799158,-2.502994,0,791,,0,,,,,,,
dance_012,D12_P002_T01,1,30,90,1.0,3.0,11.800859,14.304425,-2.503566,0,792,,0,,,,,,,
dance_011,D11_P020_T01,12,360,420,12.0,14.0,13.447666,15.951577,-2.503911,0,793,,0,,,,,,,
dance_012,D12_P013_T01,3,90,150,3.0,5.0,11.798093,14.304425,-2.506332,0,794,,0,,,,,,,
dance_012,D12_P017_T01,10,300,360,10.0,12.0,11.797364,14.304425,-2.507061,0,795,,0,,,,,,,
dance_004,D04_P009_T01,9,270,330,9.0,11.0,13.794376,16.304395,-2.510019,0,796,,0,,,,,,,
dance_005,D05_P009_T01,0,0,60,0.0,2.0,11.281617,13.799158,-2.517541,0,798,,0,,,,,,,
dance_007,D07_P006_T01,8,240,300,8.0,10.0,9.959946,12.479667,-2.519721,0,799,,0,,,,,,,
dance_003,D03_P006_T01,8,240,300,8.0,10.0,11.710796,14.232737,-2.521941,0,800,,0,,,,,,,
dance_006,D06_P014_T01,0,0,60,0.0,2.0,11.261189,13.794565,-2.533376,0,801,,0,,,,,,,
dance_007,D07_P004_T01,3,90,150,3.0,5.0,9.945355,12.479667,-2.534312,0,802,,0,,,,,,,
dance_003,D03_P004_T01,9,270,330,9.0,11.0,11.69824,14.232737,-2.534497,0,803,,0,,,,,,,
dance_008,D08_P009_T01,9,270,330,9.0,11.0,12.760366,15.296403,-2.536037,0,804,,0,,,,,,,
dance_007,D07_P006_T01,3,90,150,3.0,5.0,9.942076,12.479667,-2.537591,0,805,,0,,,,,,,
dance_009,D09_P002_T01,5,150,210,5.0,7.0,16.999872,19.54512,-2.545248,0,806,,0,,,,,,,
dance_003,D03_P019_T01,1,30,90,1.0,3.0,11.684168,14.232737,-2.548569,0,807,,0,,,,,,,
dance_001,D01_P009_T01,5,150,210,5.0,7.0,11.884241,14.435844,-2.551603,0,808,,0,,,,,,,
dance_007,D07_P018_T01,0,0,60,0.0,2.0,9.923807,12.479667,-2.55586,0,809,,0,,,,,,,
dance_004,D04_P011_T01,6,180,240,6.0,8.0,13.740515,16.304395,-2.56388,0,810,,0,,,,,,,
dance_008,D08_P008_T01,15,450,510,15.0,17.0,12.725571,15.296403,-2.570832,0,811,,0,,,,,,,
dance_003,D03_P005_T01,6,180,240,6.0,8.0,11.655451,14.232737,-2.577286,0,812,,0,,,,,,,
dance_009,D09_P007_T01,4,120,180,4.0,6.0,16.965941,19.54512,-2.579179,0,813,,0,,,,,,,
dance_007,D07_P003_T01,4,120,180,4.0,6.0,9.894627,12.479667,-2.58504,0,814,,0,,,,,,,
dance_005,D05_P004_T01,7,210,270,7.0,9.0,11.213302,13.799158,-2.585856,0,815,,0,,,,,,,
dance_009,D09_P015_T01,10,300,360,10.0,12.0,16.956378,19.54512,-2.588742,0,816,,0,,,,,,,
dance_001,D01_P020_T01,8,240,300,8.0,10.0,11.845583,14.435844,-2.590261,0,817,,0,,,,,,,
dance_010,D10_P007_T01,12,360,420,12.0,14.0,15.051283,17.643839,-2.592556,0,818,,0,,,,,,,
dance_001,D01_P019_T01,6,180,240,6.0,8.0,11.842739,14.435844,-2.593105,0,819,,0,,,,,,,
dance_010,D10_P002_T01,3,90,150,3.0,5.0,15.04394,17.643839,-2.599899,0,820,,0,,,,,,,
dance_003,D03_P017_T01,2,60,120,2.0,4.0,11.625127,14.232737,-2.60761,0,821,,0,,,,,,,
dance_006,D06_P010_T01,3,90,150,3.0,5.0,11.185856,13.794565,-2.608709,0,822,,0,,,,,,,
dance_010,D10_P017_T01,7,210,270,7.0,9.0,15.034841,17.643839,-2.608998,0,823,,0,,,,,,,
dance_002,D02_P014_T01,5,150,210,5.0,7.0,16.160377,18.773045,-2.612668,0,824,,0,,,,,,,
dance_009,D09_P008_T01,1,30,90,1.0,3.0,16.929179,19.54512,-2.615941,0,825,,0,,,,,,,
dance_004,D04_P018_T01,8,240,300,8.0,10.0,13.679783,16.304395,-2.624612,0,826,,0,,,,,,,
dance_012,D12_P006_T01,11,330,390,11.0,13.0,11.676967,14.304425,-2.627458,0,827,,0,,,,,,,
dance_007,D07_P005_T01,6,180,240,6.0,8.0,9.840666,12.479667,-2.639001,0,828,,0,,,,,,,
dance_006,D06_P013_T01,2,60,120,2.0,4.0,11.155441,13.794565,-2.639124,0,829,,0,,,,,,,
dance_003,D03_P015_T01,11,330,390,11.0,13.0,11.593303,14.232737,-2.639434,0,830,,0,,,,,,,
dance_007,D07_P009_T01,2,60,120,2.0,4.0,9.837386,12.479667,-2.642281,0,831,,0,,,,,,,
dance_006,D06_P018_T01,8,240,300,8.0,10.0,11.149821,13.794565,-2.644744,0,833,,0,,,,,,,
dance_003,D03_P019_T01,6,180,240,6.0,8.0,11.580096,14.232737,-2.652641,0,834,,0,,,,,,,
dance_003,D03_P008_T01,6,180,240,6.0,8.0,11.578364,14.232737,-2.654373,0,835,,0,,,,,,,
dance_008,D08_P016_T01,3,90,150,3.0,5.0,12.638742,15.296403,-2.657661,0,836,,0,,,,,,,
dance_005,D05_P020_T01,7,210,270,7.0,9.0,11.141475,13.799158,-2.657683,0,837,,0,,,,,,,
dance_011,D11_P008_T01,8,240,300,8.0,10.0,13.287967,15.951577,-2.66361,0,839,,0,,,,,,,
dance_008,D08_P007_T01,4,120,180,4.0,6.0,12.630992,15.296403,-2.665411,0,840,,0,,,,,,,
dance_008,D08_P012_T01,7,210,270,7.0,9.0,12.628093,15.296403,-2.66831,0,841,,0,,,,,,,
dance_006,D06_P008_T01,10,300,360,10.0,12.0,11.120714,13.794565,-2.673851,0,842,,0,,,,,,,
dance_004,D04_P019_T01,4,120,180,4.0,6.0,13.628277,16.304395,-2.676118,0,843,,0,,,,,,,
dance_008,D08_P016_T01,15,450,510,15.0,17.0,12.619926,15.296403,-2.676477,0,844,,0,,,,,,,
dance_007,D07_P008_T01,3,90,150,3.0,5.0,9.802917,12.479667,-2.67675,0,845,,0,,,,,,,
dance_003,D03_P018_T01,11,330,390,11.0,13.0,11.548748,14.232737,-2.683989,0,846,,0,,,,,,,
dance_003,D03_P007_T01,3,90,150,3.0,5.0,11.544633,14.232737,-2.688104,0,847,,0,,,,,,,
dance_005,D05_P016_T01,1,30,90,1.0,3.0,11.109054,13.799158,-2.690104,0,848,,0,,,,,,,
dance_011,D11_P016_T01,2,60,120,2.0,4.0,13.2515,15.951577,-2.700077,0,849,,0,,,,,,,
dance_008,D08_P020_T01,11,330,390,11.0,13.0,12.587578,15.296403,-2.708825,0,850,,0,,,,,,,
dance_003,D03_P018_T01,8,240,300,8.0,10.0,11.521836,14.232737,-2.710901,0,851,,0,,,,,,,
dance_001,D01_P019_T01,2,60,120,2.0,4.0,11.714503,14.435844,-2.721341,0,852,,0,,,,,,,
dance_003,D03_P004_T01,2,60,120,2.0,4.0,11.508451,14.232737,-2.724286,0,853,,0,,,,,,,
dance_006,D06_P019_T01,1,30,90,1.0,3.0,11.069294,13.794565,-2.725271,0,854,,0,,,,,,,
dance_001,D01_P006_T01,7,210,270,7.0,9.0,11.709609,14.435844,-2.726235,0,855,,0,,,,,,,
dance_005,D05_P011_T01,6,180,240,6.0,8.0,11.071207,13.799158,-2.727951,0,856,,0,,,,,,,
dance_001,D01_P019_T01,8,240,300,8.0,10.0,11.70155,14.435844,-2.734294,0,857,,0,,,,,,,
dance_003,D03_P012_T01,8,240,300,8.0,10.0,11.497151,14.232737,-2.735586,0,858,,0,,,,,,,
dance_011,D11_P016_T01,6,180,240,6.0,8.0,13.212089,15.951577,-2.739488,0,859,,0,,,,,,,
dance_004,D04_P006_T01,9,270,330,9.0,11.0,13.562286,16.304395,-2.742109,0,860,,0,,,,,,,
dance_012,D12_P018_T01,4,120,180,4.0,6.0,11.559196,14.304425,-2.745229,0,861,,0,,,,,,,
dance_006,D06_P004_T01,2,60,120,2.0,4.0,11.049096,13.794565,-2.745469,0,862,,0,,,,,,,
dance_006,D06_P014_T01,2,60,120,2.0,4.0,11.04763,13.794565,-2.746935,0,863,,0,,,,,,,
dance_003,D03_P013_T01,8,240,300,8.0,10.0,11.485411,14.232737,-2.747326,0,864,,0,,,,,,,
dance_008,D08_P012_T01,9,270,330,9.0,11.0,12.547457,15.296403,-2.748946,0,865,,0,,,,,,,
dance_012,D12_P012_T01,6,180,240,6.0,8.0,11.555025,14.304425,-2.7494,0,866,,0,,,,,,,
dance_006,D06_P008_T01,5,150,210,5.0,7.0,11.042953,13.794565,-2.751612,0,867,,0,,,,,,,
dance_012,D12_P002_T01,10,300,360,10.0,12.0,11.549284,14.304425,-2.755141,0,868,,0,,,,,,,
dance_008,D08_P017_T01,16,480,540,16.0,18.0,12.539415,15.296403,-2.756988,0,869,,0,,,,,,,
dance_012,D12_P014_T01,9,270,330,9.0,11.0,11.547028,14.304425,-2.757397,0,870,,0,,,,,,,
dance_003,D03_P008_T01,11,330,390,11.0,13.0,11.474216,14.232737,-2.758521,0,871,,0,,,,,,,
dance_004,D04_P005_T01,0,0,60,0.0,2.0,13.544808,16.304395,-2.759587,0,872,,0,,,,,,,
dance_003,D03_P011_T01,1,30,90,1.0,3.0,11.472939,14.232737,-2.759798,0,873,,0,,,,,,,
dance_008,D08_P015_T01,4,120,180,4.0,6.0,12.534008,15.296403,-2.762395,0,874,,0,,,,,,,
dance_001,D01_P016_T01,5,150,210,5.0,7.0,11.671947,14.435844,-2.763897,0,875,,0,,,,,,,
dance_003,D03_P003_T01,7,210,270,7.0,9.0,11.462452,14.232737,-2.770285,0,876,,0,,,,,,,
dance_012,D12_P002_T01,2,60,120,2.0,4.0,11.532905,14.304425,-2.77152,0,877,,0,,,,,,,
dance_005,D05_P017_T01,4,120,180,4.0,6.0,11.027123,13.799158,-2.772035,0,878,,0,,,,,,,
dance_003,D03_P020_T01,2,60,120,2.0,4.0,11.459252,14.232737,-2.773485,0,879,,0,,,,,,,
dance_007,D07_P020_T01,3,90,150,3.0,5.0,9.700514,12.479667,-2.779153,0,880,,0,,,,,,,
dance_005,D05_P020_T01,0,0,60,0.0,2.0,11.016632,13.799158,-2.782526,0,881,,0,,,,,,,
dance_002,D02_P017_T01,8,240,300,8.0,10.0,15.990438,18.773045,-2.782607,0,882,,0,,,,,,,
dance_005,D05_P018_T01,6,180,240,6.0,8.0,11.00968,13.799158,-2.789478,0,883,,0,,,,,,,
dance_005,D05_P013_T01,8,240,300,8.0,10.0,11.007337,13.799158,-2.791821,0,884,,0,,,,,,,
dance_012,D12_P013_T01,8,240,300,8.0,10.0,11.511526,14.304425,-2.792899,0,885,,0,,,,,,,
dance_006,D06_P016_T01,5,150,210,5.0,7.0,10.998735,13.794565,-2.79583,0,886,,0,,,,,,,
dance_007,D07_P006_T01,10,300,360,10.0,12.0,9.682583,12.479667,-2.797084,0,887,,0,,,,,,,
dance_003,D03_P016_T01,11,330,390,11.0,13.0,11.430452,14.232737,-2.802285,0,888,,0,,,,,,,
dance_001,D01_P005_T01,6,180,240,6.0,8.0,11.632475,14.435844,-2.803369,0,889,,0,,,,,,,
dance_008,D08_P010_T01,0,0,60,0.0,2.0,12.484568,15.296403,-2.811835,0,891,,0,,,,,,,
dance_006,D06_P013_T01,3,90,150,3.0,5.0,10.98216,13.794565,-2.812405,0,892,,0,,,,,,,
dance_008,D08_P006_T01,8,240,300,8.0,10.0,12.475571,15.296403,-2.820832,0,893,,0,,,,,,,
dance_011,D11_P012_T01,15,450,510,15.0,17.0,13.129868,15.951577,-2.821709,0,895,,0,,,,,,,
dance_005,D05_P013_T01,1,30,90,1.0,3.0,10.9692,13.799158,-2.829958,0,896,,0,,,,,,,
dance_010,D10_P016_T01,8,240,300,8.0,10.0,14.806331,17.643839,-2.837508,0,898,,0,,,,,,,
dance_007,D07_P005_T01,5,150,210,5.0,7.0,9.638933,12.479667,-2.840734,0,899,,0,,,,,,,
dance_012,D12_P007_T01,7,210,270,7.0,9.0,11.455522,14.304425,-2.848903,0,900,,0,,,,,,,
dance_006,D06_P003_T01,1,30,90,1.0,3.0,10.945301,13.794565,-2.849264,0,901,,0,,,,,,,
dance_001,D01_P008_T01,6,180,240,6.0,8.0,11.579026,14.435844,-2.856818,0,903,,0,,,,,,,
dance_006,D06_P007_T01,10,300,360,10.0,12.0,10.936876,13.794565,-2.857689,0,904,,0,,,,,,,
dance_001,D01_P013_T01,6,180,240,6.0,8.0,11.57394,14.435844,-2.861904,0,905,,0,,,,,,,
dance_003,D03_P017_T01,12,360,420,12.0,14.0,11.369036,14.232737,-2.863701,0,906,,0,,,,,,,
dance_007,D07_P012_T01,4,120,180,4.0,6.0,9.615704,12.479667,-2.863963,0,907,,0,,,,,,,
dance_007,D07_P005_T01,3,90,150,3.0,5.0,9.615658,12.479667,-2.864009,0,908,,0,,,,,,,
dance_008,D08_P014_T01,1,30,90,1.0,3.0,12.430808,15.296403,-2.865595,0,910,,0,,,,,,,
dance_012,D12_P017_T01,11,330,390,11.0,13.0,11.433537,14.304425,-2.870888,0,911,,0,,,,,,,
dance_007,D07_P007_T01,9,270,330,9.0,11.0,9.605939,12.479667,-2.873728,0,912,,0,,,,,,,
dance_002,D02_P016_T01,5,150,210,5.0,7.0,15.898721,18.773045,-2.874324,0,913,,0,,,,,,,
dance_011,D11_P002_T01,9,270,330,9.0,11.0,13.07689,15.951577,-2.874687,0,914,,0,,,,,,,
dance_011,D11_P010_T01,4,120,180,4.0,6.0,13.066763,15.951577,-2.884814,0,916,,0,,,,,,,
dance_006,D06_P019_T01,11,330,390,11.0,13.0,10.900267,13.794565,-2.894298,0,917,,0,,,,,,,
dance_007,D07_P014_T01,10,300,360,10.0,12.0,9.585015,12.479667,-2.894652,0,918,,0,,,,,,,
dance_007,D07_P005_T01,4,120,180,4.0,6.0,9.578971,12.479667,-2.900696,0,921,,0,,,,,,,
dance_007,D07_P018_T01,2,60,120,2.0,4.0,9.566125,12.479667,-2.913542,0,924,,0,,,,,,,
dance_012,D12_P007_T01,6,180,240,6.0,8.0,11.388981,14.304425,-2.915444,0,925,,0,,,,,,,
dance_009,D09_P010_T01,5,150,210,5.0,7.0,16.628214,19.54512,-2.916906,0,927,,0,,,,,,,
dance_003,D03_P020_T01,12,360,420,12.0,14.0,11.312254,14.232737,-2.920483,0,928,,0,,,,,,,
dance_002,D02_P012_T01,3,90,150,3.0,5.0,15.838993,18.773045,-2.934052,0,929,,0,,,,,,,
dance_004,D04_P006_T01,3,90,150,3.0,5.0,13.369277,16.304395,-2.935118,0,930,,0,,,,,,,
dance_001,D01_P014_T01,6,180,240,6.0,8.0,11.50053,14.435844,-2.935314,0,931,,0,,,,,,,
dance_003,D03_P005_T01,1,30,90,1.0,3.0,11.295083,14.232737,-2.937654,0,932,,0,,,,,,,
dance_008,D08_P014_T01,4,120,180,4.0,6.0,12.357528,15.296403,-2.938875,0,933,,0,,,,,,,
dance_003,D03_P019_T01,11,330,390,11.0,13.0,11.292111,14.232737,-2.940626,0,934,,0,,,,,,,
dance_003,D03_P009_T01,10,300,360,10.0,12.0,11.29124,14.232737,-2.941497,0,935,,0,,,,,,,
dance_009,D09_P013_T01,10,300,360,10.0,12.0,16.59654,19.54512,-2.94858,0,936,,0,,,,,,,
dance_012,D12_P017_T01,5,150,210,5.0,7.0,11.355572,14.304425,-2.948853,0,937,,0,,,,,,,
dance_007,D07_P014_T01,4,120,180,4.0,6.0,9.529702,12.479667,-2.949965,0,938,,0,,,,,,,
dance_012,D12_P013_T01,1,30,90,1.0,3.0,11.353813,14.304425,-2.950612,0,939,,0,,,,,,,
dance_007,D07_P012_T01,0,0,60,0.0,2.0,9.525823,12.479667,-2.953844,0,940,,0,,,,,,,
dance_011,D11_P004_T01,4,120,180,4.0,6.0,12.997474,15.951577,-2.954103,0,941,,0,,,,,,,
dance_011,D11_P012_T01,11,330,390,11.0,13.0,12.9961,15.951577,-2.955477,0,942,,0,,,,,,,
dance_010,D10_P006_T01,6,180,240,6.0,8.0,14.68796,17.643839,-2.955879,0,943,,0,,,,,,,
dance_001,D01_P009_T01,4,120,180,4.0,6.0,11.47557,14.435844,-2.960274,0,945,,0,,,,,,,
dance_001,D01_P010_T01,5,150,210,5.0,7.0,11.473964,14.435844,-2.96188,0,946,,0,,,,,,,
dance_001,D01_P012_T01,4,120,180,4.0,6.0,11.470991,14.435844,-2.964853,0,947,,0,,,,,,,
dance_003,D03_P007_T01,0,0,60,0.0,2.0,11.266326,14.232737,-2.966411,0,948,,0,,,,,,,
dance_004,D04_P009_T01,10,300,360,10.0,12.0,13.336243,16.304395,-2.968152,0,949,,0,,,,,,,
dance_002,D02_P018_T01,9,270,330,9.0,11.0,15.802757,18.773045,-2.970288,0,950,,0,,,,,,,
dance_002,D02_P006_T01,0,0,60,0.0,2.0,15.800315,18.773045,-2.97273,0,952,,0,,,,,,,
dance_012,D12_P012_T01,11,330,390,11.0,13.0,11.329358,14.304425,-2.975067,0,953,,0,,,,,,,
dance_012,D12_P007_T01,4,120,180,4.0,6.0,11.328791,14.304425,-2.975634,0,954,,0,,,,,,,
dance_008,D08_P004_T01,17,510,570,17.0,19.0,12.318011,15.296403,-2.978392,0,955,,0,,,,,,,
dance_002,D02_P008_T01,3,90,150,3.0,5.0,15.787424,18.773045,-2.985621,0,956,,0,,,,,,,
dance_009,D09_P020_T01,1,30,90,1.0,3.0,16.55618,19.54512,-2.98894,0,957,,0,,,,,,,
dance_005,D05_P018_T01,3,90,150,3.0,5.0,10.80623,13.799158,-2.992928,0,958,,0,,,,,,,
dance_004,D04_P019_T01,5,150,210,5.0,7.0,13.310044,16.304395,-2.994351,0,959,,0,,,,,,,
dance_003,D03_P010_T01,4,120,180,4.0,6.0,11.229247,14.232737,-3.00349,0,960,,0,,,,,,,
dance_007,D07_P008_T01,4,120,180,4.0,6.0,9.466433,12.479667,-3.013234,0,963,,0,,,,,,,
dance_008,D08_P006_T01,3,90,150,3.0,5.0,12.281609,15.296403,-3.014794,0,964,,0,,,,,,,
dance_001,D01_P010_T01,7,210,270,7.0,9.0,11.419175,14.435844,-3.016669,0,965,,0,,,,,,,
dance_008,D08_P009_T01,14,420,480,14.0,16.0,12.279224,15.296403,-3.017179,0,966,,0,,,,,,,
dance_003,D03_P015_T01,0,0,60,0.0,2.0,11.212846,14.232737,-3.019891,0,967,,0,,,,,,,
dance_003,D03_P018_T01,7,210,270,7.0,9.0,11.208141,14.232737,-3.024596,0,968,,0,,,,,,,
dance_009,D09_P006_T01,8,240,300,8.0,10.0,16.519697,19.54512,-3.025423,0,969,,0,,,,,,,
dance_003,D03_P020_T01,0,0,60,0.0,2.0,11.207225,14.232737,-3.025512,0,970,,0,,,,,,,
dance_011,D11_P007_T01,2,60,120,2.0,4.0,12.921507,15.951577,-3.03007,0,971,,0,,,,,,,
dance_006,D06_P017_T01,12,360,420,12.0,14.0,10.76352,13.794565,-3.031045,0,972,,0,,,,,,,
dance_003,D03_P016_T01,10,300,360,10.0,12.0,11.201423,14.232737,-3.031314,0,973,,0,,,,,,,
dance_005,D05_P004_T01,5,150,210,5.0,7.0,10.762884,13.799158,-3.036274,0,974,,0,,,,,,,
dance_006,D06_P007_T01,9,270,330,9.0,11.0,10.754432,13.794565,-3.040133,0,976,,0,,,,,,,
dance_012,D12_P016_T01,6,180,240,6.0,8.0,11.263834,14.304425,-3.040591,0,977,,0,,,,,,,
dance_002,D02_P014_T01,0,0,60,0.0,2.0,15.731949,18.773045,-3.041096,0,978,,0,,,,,,,
dance_001,D01_P007_T01,3,90,150,3.0,5.0,11.394521,14.435844,-3.041323,0,979,,0,,,,,,,
dance_011,D11_P020_T01,1,30,90,1.0,3.0,12.908911,15.951577,-3.042666,0,980,,0,,,,,,,
dance_007,D07_P015_T01,1,30,90,1.0,3.0,9.436829,12.479667,-3.042838,0,981,,0,,,,,,,
dance_003,D03_P010_T01,5,150,210,5.0,7.0,11.189635,14.232737,-3.043102,0,982,,0,,,,,,,
dance_008,D08_P004_T01,7,210,270,7.0,9.0,12.250899,15.296403,-3.045504,0,983,,0,,,,,,,
dance_012,D12_P014_T01,11,330,390,11.0,13.0,11.257199,14.304425,-3.047226,0,984,,0,,,,,,,
dance_004,D04_P004_T01,7,210,270,7.0,9.0,13.25552,16.304395,-3.048875,0,985,,0,,,,,,,
dance_007,D07_P013_T01,2,60,120,2.0,4.0,9.417971,12.479667,-3.061696,0,987,,0,,,,,,,
dance_008,D08_P002_T01,1,30,90,1.0,3.0,12.233964,15.296403,-3.062439,0,988,,0,,,,,,,
dance_003,D03_P017_T01,3,90,150,3.0,5.0,11.167009,14.232737,-3.065728,0,989,,0,,,,,,,
dance_006,D06_P008_T01,6,180,240,6.0,8.0,10.725017,13.794565,-3.069548,0,990,,0,,,,,,,
dance_007,D07_P019_T01,3,90,150,3.0,5.0,9.401807,12.479667,-3.07786,0,991,,0,,,,,,,
dance_010,D10_P012_T01,2,60,120,2.0,4.0,14.564969,17.643839,-3.07887,0,992,,0,,,,,,,
dance_003,D03_P012_T01,2,60,120,2.0,4.0,11.153025,14.232737,-3.079712,0,993,,0,,,,,,,
dance_012,D12_P004_T01,2,60,120,2.0,4.0,11.208661,14.304425,-3.095764,0,995,,0,,,,,,,
dance_010,D10_P019_T01,5,150,210,5.0,7.0,14.543844,17.643839,-3.099995,0,996,,0,,,,,,,
dance_005,D05_P020_T01,6,180,240,6.0,8.0,10.699004,13.799158,-3.100154,0,997,,0,,,,,,,
dance_006,D06_P006_T01,1,30,90,1.0,3.0,10.691736,13.794565,-3.102829,0,998,,0,,,,,,,
dance_008,D08_P004_T01,5,150,210,5.0,7.0,12.193109,15.296403,-3.103294,0,999,,0,,,,,,,
dance_011,D11_P004_T01,5,150,210,5.0,7.0,12.845956,15.951577,-3.105621,0,1001,,0,,,,,,,
dance_001,D01_P010_T01,3,90,150,3.0,5.0,11.328988,14.435844,-3.106856,0,1002,,0,,,,,,,
dance_008,D08_P006_T01,18,540,600,18.0,20.0,12.188594,15.296403,-3.107809,0,1004,,0,,,,,,,
dance_003,D03_P014_T01,9,270,330,9.0,11.0,11.121384,14.232737,-3.111353,0,1005,,0,,,,,,,
dance_004,D04_P008_T01,5,150,210,5.0,7.0,13.188383,16.304395,-3.116012,0,1007,,0,,,,,,,
dance_003,D03_P019_T01,3,90,150,3.0,5.0,11.113596,14.232737,-3.119141,0,1008,,0,,,,,,,
dance_006,D06_P006_T01,2,60,120,2.0,4.0,10.674918,13.794565,-3.119647,0,1009,,0,,,,,,,
dance_003,D03_P016_T01,2,60,120,2.0,4.0,11.09877,14.232737,-3.133967,0,1010,,0,,,,,,,
dance_006,D06_P019_T01,9,270,330,9.0,11.0,10.655206,13.794565,-3.139359,0,1011,,0,,,,,,,
dance_004,D04_P007_T01,7,210,270,7.0,9.0,13.163247,16.304395,-3.141148,0,1012,,0,,,,,,,
dance_003,D03_P009_T01,2,60,120,2.0,4.0,11.089177,14.232737,-3.14356,0,1013,,0,,,,,,,
dance_006,D06_P009_T01,7,210,270,7.0,9.0,10.646579,13.794565,-3.147986,0,1014,,0,,,,,,,
dance_006,D06_P013_T01,5,150,210,5.0,7.0,10.643697,13.794565,-3.150868,0,1015,,0,,,,,,,
dance_008,D08_P006_T01,17,510,570,17.0,19.0,12.133792,15.296403,-3.162611,0,1016,,0,,,,,,,
dance_001,D01_P002_T01,3,90,150,3.0,5.0,11.273224,14.435844,-3.16262,0,1017,,0,,,,,,,
dance_001,D01_P004_T01,3,90,150,3.0,5.0,11.273224,14.435844,-3.16262,0,1017,,0,,,,,,,
dance_006,D06_P017_T01,0,0,60,0.0,2.0,10.628111,13.794565,-3.166454,0,1020,,0,,,,,,,
dance_006,D06_P007_T01,5,150,210,5.0,7.0,10.627168,13.794565,-3.167397,0,1021,,0,,,,,,,
dance_011,D11_P018_T01,13,390,450,13.0,15.0,12.77727,15.951577,-3.174307,0,1022,,0,,,,,,,
dance_001,D01_P006_T01,6,180,240,6.0,8.0,11.258092,14.435844,-3.177752,0,1023,,0,,,,,,,
dance_004,D04_P014_T01,3,90,150,3.0,5.0,13.126327,16.304395,-3.178068,0,1024,,0,,,,,,,
dance_007,D07_P008_T01,10,300,360,10.0,12.0,9.297673,12.479667,-3.181994,0,1025,,0,,,,,,,
dance_006,D06_P015_T01,11,330,390,11.0,13.0,10.612323,13.794565,-3.182242,0,1026,,0,,,,,,,
dance_010,D10_P013_T01,2,60,120,2.0,4.0,14.460571,17.643839,-3.183268,0,1027,,0,,,,,,,
dance_010,D10_P009_T01,6,180,240,6.0,8.0,14.458938,17.643839,-3.184901,0,1028,,0,,,,,,,
dance_005,D05_P015_T01,8,240,300,8.0,10.0,10.605139,13.799158,-3.194019,0,1029,,0,,,,,,,
dance_008,D08_P006_T01,7,210,270,7.0,9.0,12.101444,15.296403,-3.194959,0,1030,,0,,,,,,,
dance_009,D09_P013_T01,4,120,180,4.0,6.0,16.345692,19.54512,-3.199428,0,1031,,0,,,,,,,
dance_005,D05_P014_T01,7,210,270,7.0,9.0,10.598965,13.799158,-3.200193,0,1032,,0,,,,,,,
dance_009,D09_P011_T01,6,180,240,6.0,8.0,16.343285,19.54512,-3.201835,0,1033,,0,,,,,,,
dance_004,D04_P010_T01,9,270,330,9.0,11.0,13.099386,16.304395,-3.205009,0,1034,,0,,,,,,,
dance_006,D06_P003_T01,3,90,150,3.0,5.0,10.5887,13.794565,-3.205865,0,1035,,0,,,,,,,
dance_008,D08_P017_T01,2,60,120,2.0,4.0,12.084821,15.296403,-3.211582,0,1036,,0,,,,,,,
dance_007,D07_P006_T01,2,60,120,2.0,4.0,9.262389,12.479667,-3.217278,0,1038,,0,,,,,,,
dance_001,D01_P020_T01,2,60,120,2.0,4.0,11.215298,14.435844,-3.220546,0,1039,,0,,,,,,,
dance_011,D11_P019_T01,7,210,270,7.0,9.0,12.724087,15.951577,-3.22749,0,1040,,0,,,,,,,
dance_001,D01_P014_T01,2,60,120,2.0,4.0,11.20561,14.435844,-3.230234,0,1042,,0,,,,,,,
dance_006,D06_P017_T01,8,240,300,8.0,10.0,10.561983,13.794565,-3.232582,0,1043,,0,,,,,,,
dance_008,D08_P012_T01,11,330,390,11.0,13.0,12.063153,15.296403,-3.23325,0,1044,,0,,,,,,,
dance_008,D08_P009_T01,15,450,510,15.0,17.0,12.060949,15.296403,-3.235454,0,1045,,0,,,,,,,
dance_002,D02_P006_T01,4,120,180,4.0,6.0,15.535681,18.773045,-3.237364,0,1046,,0,,,,,,,
dance_002,D02_P014_T01,7,210,270,7.0,9.0,15.535373,18.773045,-3.237672,0,1047,,0,,,,,,,
dance_001,D01_P016_T01,3,90,150,3.0,5.0,11.197295,14.435844,-3.238549,0,1048,,0,,,,,,,
dance_011,D11_P020_T01,10,300,360,10.0,12.0,12.712119,15.951577,-3.239458,0,1049,,0,,,,,,,
dance_003,D03_P008_T01,5,150,210,5.0,7.0,10.974853,14.232737,-3.257884,0,1050,,0,,,,,,,
dance_002,D02_P013_T01,5,150,210,5.0,7.0,15.509446,18.773045,-3.263599,0,1052,,0,,,,,,,
dance_008,D08_P009_T01,5,150,210,5.0,7.0,12.032527,15.296403,-3.263876,0,1053,,0,,,,,,,
dance_006,D06_P011_T01,2,60,120,2.0,4.0,10.530062,13.794565,-3.264503,0,1054,,0,,,,,,,
dance_004,D04_P003_T01,7,210,270,7.0,9.0,13.033803,16.304395,-3.270592,0,1055,,0,,,,,,,
dance_007,D07_P014_T01,1,30,90,1.0,3.0,9.208877,12.479667,-3.27079,0,1056,,0,,,,,,,
dance_009,D09_P002_T01,9,270,330,9.0,11.0,16.272668,19.54512,-3.272452,0,1057,,0,,,,,,,
dance_002,D02_P007_T01,7,210,270,7.0,9.0,15.499981,18.773045,-3.273064,0,1058,,0,,,,,,,
dance_006,D06_P015_T01,4,120,180,4.0,6.0,10.508821,13.794565,-3.285744,0,1059,,0,,,,,,,
dance_012,D12_P009_T01,0,0,60,0.0,2.0,11.013251,14.304425,-3.291174,0,1060,,0,,,,,,,
dance_012,D12_P005_T01,0,0,60,0.0,2.0,11.010992,14.304425,-3.293433,0,1062,,0,,,,,,,
dance_008,D08_P004_T01,14,420,480,14.0,16.0,12.00004,15.296403,-3.296363,0,1063,,0,,,,,,,
dance_008,D08_P015_T01,1,30,90,1.0,3.0,11.994439,15.296403,-3.301964,0,1064,,0,,,,,,,
dance_001,D01_P001_T01,1,30,90,1.0,3.0,11.12702,14.435844,-3.308824,0,1066,,0,,,,,,,
dance_008,D08_P017_T01,3,90,150,3.0,5.0,11.986926,15.296403,-3.309477,0,1068,,0,,,,,,,
dance_011,D11_P016_T01,12,360,420,12.0,14.0,12.639898,15.951577,-3.311679,0,1069,,0,,,,,,,
dance_012,D12_P018_T01,11,330,390,11.0,13.0,10.992056,14.304425,-3.312369,0,1070,,0,,,,,,,
dance_011,D11_P015_T01,5,150,210,5.0,7.0,12.637011,15.951577,-3.314566,0,1072,,0,,,,,,,
dance_005,D05_P018_T01,4,120,180,4.0,6.0,10.484545,13.799158,-3.314613,0,1073,,0,,,,,,,
dance_008,D08_P005_T01,2,60,120,2.0,4.0,11.980298,15.296403,-3.316105,0,1074,,0,,,,,,,
dance_001,D01_P013_T01,1,30,90,1.0,3.0,11.114285,14.435844,-3.321559,0,1076,,0,,,,,,,
dance_008,D08_P003_T01,11,330,390,11.0,13.0,11.972417,15.296403,-3.323986,0,1077,,0,,,,,,,
dance_001,D01_P018_T01,5,150,210,5.0,7.0,11.111799,14.435844,-3.324045,0,1078,,0,,,,,,,
dance_007,D07_P004_T01,9,270,330,9.0,11.0,9.153638,12.479667,-3.326029,0,1079,,0,,,,,,,
dance_009,D09_P002_T01,0,0,60,0.0,2.0,16.218718,19.54512,-3.326402,0,1080,,0,,,,,,,
dance_003,D03_P016_T01,5,150,210,5.0,7.0,10.906267,14.232737,-3.32647,0,1081,,0,,,,,,,
dance_012,D12_P009_T01,6,180,240,6.0,8.0,10.977775,14.304425,-3.32665,0,1082,,0,,,,,,,
dance_009,D09_P015_T01,7,210,270,7.0,9.0,16.210698,19.54512,-3.334422,0,1083,,0,,,,,,,
dance_008,D08_P009_T01,18,540,600,18.0,20.0,11.945806,15.296403,-3.350597,0,1084,,0,,,,,,,
dance_011,D11_P012_T01,8,240,300,8.0,10.0,12.599897,15.951577,-3.35168,0,1085,,0,,,,,,,
dance_009,D09_P010_T01,3,90,150,3.0,5.0,16.191943,19.54512,-3.353177,0,1086,,0,,,,,,,
dance_002,D02_P011_T01,1,30,90,1.0,3.0,15.419436,18.773045,-3.353609,0,1087,,0,,,,,,,
dance_008,D08_P019_T01,4,120,180,4.0,6.0,11.9418,15.296403,-3.354603,0,1088,,0,,,,,,,
dance_007,D07_P008_T01,2,60,120,2.0,4.0,9.123022,12.479667,-3.356645,0,1089,,0,,,,,,,
dance_004,D04_P020_T01,5,150,210,5.0,7.0,12.947418,16.304395,-3.356977,0,1090,,0,,,,,,,
dance_005,D05_P017_T01,7,210,270,7.0,9.0,10.437145,13.799158,-3.362013,0,1091,,0,,,,,,,
dance_006,D06_P018_T01,3,90,150,3.0,5.0,10.431997,13.794565,-3.362568,0,1092,,0,,,,,,,
dance_003,D03_P014_T01,6,180,240,6.0,8.0,10.869638,14.232737,-3.363099,0,1093,,0,,,,,,,
dance_004,D04_P007_T01,2,60,120,2.0,4.0,12.939387,16.304395,-3.365008,0,1094,,0,,,,,,,
dance_003,D03_P006_T01,7,210,270,7.0,9.0,10.865257,14.232737,-3.36748,0,1096,,0,,,,,,,
dance_007,D07_P004_T01,7,210,270,7.0,9.0,9.100807,12.479667,-3.37886,0,1097,,0,,,,,,,
dance_009,D09_P019_T01,8,240,300,8.0,10.0,16.161222,19.54512,-3.383898,0,1099,,0,,,,,,,
dance_008,D08_P015_T01,13,390,450,13.0,15.0,11.911768,15.296403,-3.384635,0,1100,,0,,,,,,,
dance_006,D06_P010_T01,6,180,240,6.0,8.0,10.408015,13.794565,-3.38655,0,1101,,0,,,,,,,
dance_008,D08_P020_T01,10,300,360,10.0,12.0,11.907759,15.296403,-3.388644,0,1102,,0,,,,,,,
dance_004,D04_P006_T01,8,240,300,8.0,10.0,12.913494,16.304395,-3.390901,0,1103,,0,,,,,,,
dance_006,D06_P014_T01,7,210,270,7.0,9.0,10.401192,13.794565,-3.393373,0,1104,,0,,,,,,,
dance_001,D01_P020_T01,5,150,210,5.0,7.0,11.040669,14.435844,-3.395175,0,1105,,0,,,,,,,
dance_007,D07_P007_T01,1,30,90,1.0,3.0,9.0824,12.479667,-3.397267,0,1106,,0,,,,,,,
dance_008,D08_P013_T01,4,120,180,4.0,6.0,11.896494,15.296403,-3.399909,0,1107,,0,,,,,,,
dance_011,D11_P006_T01,12,360,420,12.0,14.0,12.551063,15.951577,-3.400514,0,1108,,0,,,,,,,
dance_011,D11_P012_T01,13,390,450,13.0,15.0,12.544435,15.951577,-3.407142,0,1109,,0,,,,,,,
dance_003,D03_P013_T01,7,210,270,7.0,9.0,10.820972,14.232737,-3.411765,0,1110,,0,,,,,,,
dance_008,D08_P016_T01,18,540,600,18.0,20.0,11.87771,15.296403,-3.418693,0,1112,,0,,,,,,,
dance_010,D10_P009_T01,1,30,90,1.0,3.0,14.224495,17.643839,-3.419344,0,1113,,0,,,,,,,
dance_007,D07_P014_T01,8,240,300,8.0,10.0,9.05871,12.479667,-3.420957,0,1114,,0,,,,,,,
dance_007,D07_P002_T01,9,270,330,9.0,11.0,9.055915,12.479667,-3.423752,0,1115,,0,,,,,,,
dance_008,D08_P014_T01,7,210,270,7.0,9.0,11.872069,15.296403,-3.424334,0,1116,,0,,,,,,,
dance_003,D03_P010_T01,8,240,300,8.0,10.0,10.798606,14.232737,-3.434131,0,1118,,0,,,,,,,
dance_006,D06_P010_T01,0,0,60,0.0,2.0,10.356968,13.794565,-3.437597,0,1119,,0,,,,,,,
dance_006,D06_P003_T01,0,0,60,0.0,2.0,10.351107,13.794565,-3.443458,0,1120,,0,,,,,,,
dance_003,D03_P012_T01,5,150,210,5.0,7.0,10.787249,14.232737,-3.445488,0,1122,,0,,,,,,,
dance_007,D07_P012_T01,9,270,330,9.0,11.0,9.032041,12.479667,-3.447626,0,1124,,0,,,,,,,
dance_004,D04_P014_T01,0,0,60,0.0,2.0,12.855407,16.304395,-3.448988,0,1125,,0,,,,,,,
dance_007,D07_P014_T01,3,90,150,3.0,5.0,9.030197,12.479667,-3.44947,0,1126,,0,,,,,,,
dance_011,D11_P005_T01,1,30,90,1.0,3.0,12.499302,15.951577,-3.452275,0,1127,,0,,,,,,,
dance_010,D10_P020_T01,7,210,270,7.0,9.0,14.190206,17.643839,-3.453633,0,1129,,0,,,,,,,
dance_008,D08_P012_T01,18,540,600,18.0,20.0,11.839304,15.296403,-3.457099,0,1131,,0,,,,,,,
dance_003,D03_P017_T01,7,210,270,7.0,9.0,10.775094,14.232737,-3.457643,0,1132,,0,,,,,,,
dance_006,D06_P012_T01,9,270,330,9.0,11.0,10.334163,13.794565,-3.460402,0,1133,,0,,,,,,,
dance_004,D04_P012_T01,10,300,360,10.0,12.0,12.843212,16.304395,-3.461183,0,1134,,0,,,,,,,
dance_005,D05_P011_T01,5,150,210,5.0,7.0,10.330595,13.799158,-3.468563,0,1135,,0,,,,,,,
dance_003,D03_P014_T01,3,90,150,3.0,5.0,10.757187,14.232737,-3.47555,0,1136,,0,,,,,,,
dance_004,D04_P012_T01,9,270,330,9.0,11.0,12.827372,16.304395,-3.477023,0,1137,,0,,,,,,,
dance_006,D06_P018_T01,5,150,210,5.0,7.0,10.310698,13.794565,-3.483867,0,1138,,0,,,,,,,
dance_008,D08_P004_T01,8,240,300,8.0,10.0,11.808966,15.296403,-3.487437,0,1139,,0,,,,,,,
dance_005,D05_P009_T01,1,30,90,1.0,3.0,10.31027,13.799158,-3.488888,0,1140,,0,,,,,,,
dance_012,D12_P018_T01,8,240,300,8.0,10.0,10.810117,14.304425,-3.494308,0,1142,,0,,,,,,,
dance_009,D09_P004_T01,6,180,240,6.0,8.0,16.047657,19.54512,-3.497463,0,1143,,0,,,,,,,
dance_007,D07_P006_T01,5,150,210,5.0,7.0,8.976123,12.479667,-3.503544,0,1144,,0,,,,,,,
dance_005,D05_P016_T01,3,90,150,3.0,5.0,10.291753,13.799158,-3.507405,0,1145,,0,,,,,,,
dance_012,D12_P018_T01,3,90,150,3.0,5.0,10.791459,14.304425,-3.512966,0,1147,,0,,,,,,,
dance_006,D06_P003_T01,4,120,180,4.0,6.0,10.277918,13.794565,-3.516647,0,1149,,0,,,,,,,
dance_010,D10_P020_T01,9,270,330,9.0,11.0,14.121781,17.643839,-3.522058,0,1151,,0,,,,,,,
dance_005,D05_P003_T01,2,60,120,2.0,4.0,10.274119,13.799158,-3.525039,0,1153,,0,,,,,,,
dance_003,D03_P012_T01,11,330,390,11.0,13.0,10.701119,14.232737,-3.531618,0,1155,,0,,,,,,,
dance_011,D11_P005_T01,6,180,240,6.0,8.0,12.419401,15.951577,-3.532176,0,1156,,0,,,,,,,
dance_011,D11_P012_T01,7,210,270,7.0,9.0,12.414013,15.951577,-3.537564,0,1157,,0,,,,,,,
dance_002,D02_P004_T01,5,150,210,5.0,7.0,15.23002,18.773045,-3.543025,0,1158,,0,,,,,,,
dance_002,D02_P019_T01,7,210,270,7.0,9.0,15.226246,18.773045,-3.546799,0,1159,,0,,,,,,,
dance_002,D02_P009_T01,1,30,90,1.0,3.0,15.223445,18.773045,-3.5496,0,1160,,0,,,,,,,
dance_010,D10_P017_T01,2,60,120,2.0,4.0,14.085082,17.643839,-3.558757,0,1162,,0,,,,,,,
dance_007,D07_P014_T01,2,60,120,2.0,4.0,8.920362,12.479667,-3.559305,0,1163,,0,,,,,,,
dance_006,D06_P009_T01,10,300,360,10.0,12.0,10.2341,13.794565,-3.560465,0,1164,,0,,,,,,,
dance_011,D11_P015_T01,10,300,360,10.0,12.0,12.389492,15.951577,-3.562085,0,1165,,0,,,,,,,
dance_008,D08_P018_T01,5,150,210,5.0,7.0,11.731422,15.296403,-3.564981,0,1166,,0,,,,,,,
dance_010,D10_P012_T01,1,30,90,1.0,3.0,14.075866,17.643839,-3.567973,0,1167,,0,,,,,,,
dance_002,D02_P002_T01,8,240,300,8.0,10.0,15.204066,18.773045,-3.568979,0,1168,,0,,,,,,,
dance_006,D06_P012_T01,10,300,360,10.0,12.0,10.222077,13.794565,-3.572488,0,1169,,0,,,,,,,
dance_011,D11_P018_T01,4,120,180,4.0,6.0,12.378233,15.951577,-3.573344,0,1170,,0,,,,,,,
dance_006,D06_P018_T01,9,270,330,9.0,11.0,10.220144,13.794565,-3.574421,0,1171,,0,,,,,,,
dance_005,D05_P013_T01,2,60,120,2.0,4.0,10.22368,13.799158,-3.575478,0,1172,,0,,,,,,,
dance_008,D08_P003_T01,1,30,90,1.0,3.0,11.719058,15.296403,-3.577345,0,1173,,0,,,,,,,
dance_009,D09_P020_T01,5,150,210,5.0,7.0,15.961302,19.54512,-3.583818,0,1174,,0,,,,,,,
dance_010,D10_P014_T01,1,30,90,1.0,3.0,14.05842,17.643839,-3.585419,0,1175,,0,,,,,,,
dance_002,D02_P009_T01,8,240,300,8.0,10.0,15.187324,18.773045,-3.585721,0,1176,,0,,,,,,,
dance_005,D05_P020_T01,8,240,300,8.0,10.0,10.212545,13.799158,-3.586613,0,1177,,0,,,,,,,
dance_011,D11_P020_T01,9,270,330,9.0,11.0,12.362389,15.951577,-3.589188,0,1178,,0,,,,,,,
dance_006,D06_P016_T01,1,30,90,1.0,3.0,10.203074,13.794565,-3.591491,0,1179,,0,,,,,,,
dance_006,D06_P009_T01,8,240,300,8.0,10.0,10.200184,13.794565,-3.594381,0,1180,,0,,,,,,,
dance_007,D07_P018_T01,10,300,360,10.0,12.0,8.883654,12.479667,-3.596013,0,1181,,0,,,,,,,
dance_012,D12_P010_T01,1,30,90,1.0,3.0,10.706892,14.304425,-3.597533,0,1183,,0,,,,,,,
dance_010,D10_P009_T01,12,360,420,12.0,14.0,14.042003,17.643839,-3.601836,0,1185,,0,,,,,,,
dance_011,D11_P016_T01,7,210,270,7.0,9.0,12.349012,15.951577,-3.602565,0,1186,,0,,,,,,,
dance_008,D08_P014_T01,14,420,480,14.0,16.0,11.691339,15.296403,-3.605064,0,1187,,0,,,,,,,
dance_008,D08_P006_T01,5,150,210,5.0,7.0,11.687042,15.296403,-3.609361,0,1189,,0,,,,,,,
dance_011,D11_P007_T01,4,120,180,4.0,6.0,12.340733,15.951577,-3.610844,0,1190,,0,,,,,,,
dance_001,D01_P008_T01,7,210,270,7.0,9.0,10.818277,14.435844,-3.617567,0,1191,,0,,,,,,,
dance_012,D12_P010_T01,6,180,240,6.0,8.0,10.68456,14.304425,-3.619865,0,1192,,0,,,,,,,
dance_010,D10_P004_T01,9,270,330,9.0,11.0,14.023057,17.643839,-3.620782,0,1193,,0,,,,,,,
dance_001,D01_P020_T01,7,210,270,7.0,9.0,10.814601,14.435844,-3.621243,0,1194,,0,,,,,,,
dance_004,D04_P013_T01,9,270,330,9.0,11.0,12.677313,16.304395,-3.627082,0,1195,,0,,,,,,,
dance_004,D04_P010_T01,1,30,90,1.0,3.0,12.668732,16.304395,-3.635663,0,1196,,0,,,,,,,
dance_003,D03_P005_T01,2,60,120,2.0,4.0,10.586971,14.232737,-3.645766,0,1197,,0,,,,,,,
dance_003,D03_P015_T01,5,150,210,5.0,7.0,10.5865,14.232737,-3.646237,0,1198,,0,,,,,,,
dance_008,D08_P010_T01,2,60,120,2.0,4.0,11.648695,15.296403,-3.647708,0,1199,,0,,,,,,,
dance_003,D03_P006_T01,1,30,90,1.0,3.0,10.581053,14.232737,-3.651684,0,1200,,0,,,,,,,
dance_007,D07_P012_T01,6,180,240,6.0,8.0,8.827374,12.479667,-3.652293,0,1201,,0,,,,,,,
dance_006,D06_P010_T01,7,210,270,7.0,9.0,10.141075,13.794565,-3.65349,0,1202,,0,,,,,,,
dance_012,D12_P015_T01,3,90,150,3.0,5.0,10.649426,14.304425,-3.654999,0,1203,,0,,,,,,,
dance_006,D06_P020_T01,7,210,270,7.0,9.0,10.13881,13.794565,-3.655755,0,1204,,0,,,,,,,
dance_008,D08_P008_T01,1,30,90,1.0,3.0,11.63999,15.296403,-3.656413,0,1205,,0,,,,,,,
dance_009,D09_P019_T01,2,60,120,2.0,4.0,15.885558,19.54512,-3.659562,0,1206,,0,,,,,,,
dance_005,D05_P014_T01,6,180,240,6.0,8.0,10.13806,13.799158,-3.661098,0,1207,,0,,,,,,,
dance_005,D05_P006_T01,1,30,90,1.0,3.0,10.137918,13.799158,-3.66124,0,1208,,0,,,,,,,
dance_006,D06_P012_T01,4,120,180,4.0,6.0,10.133252,13.794565,-3.661313,0,1209,,0,,,,,,,
dance_002,D02_P018_T01,5,150,210,5.0,7.0,15.1097,18.773045,-3.663345,0,1210,,0,,,,,,,
dance_010,D10_P006_T01,11,330,390,11.0,13.0,13.979177,17.643839,-3.664662,0,1211,,0,,,,,,,
dance_012,D12_P018_T01,0,0,60,0.0,2.0,10.636039,14.304425,-3.668386,0,1212,,0,,,,,,,
dance_005,D05_P009_T01,6,180,240,6.0,8.0,10.122437,13.799158,-3.676721,0,1213,,0,,,,,,,
dance_010,D10_P015_T01,0,0,60,0.0,2.0,13.962943,17.643839,-3.680896,0,1214,,0,,,,,,,
dance_004,D04_P016_T01,9,270,330,9.0,11.0,12.617899,16.304395,-3.686496,0,1215,,0,,,,,,,
dance_005,D05_P013_T01,4,120,180,4.0,6.0,10.112023,13.799158,-3.687135,0,1216,,0,,,,,,,
dance_012,D12_P009_T01,3,90,150,3.0,5.0,10.610055,14.304425,-3.69437,0,1217,,0,,,,,,,
dance_009,D09_P002_T01,7,210,270,7.0,9.0,15.845052,19.54512,-3.700068,0,1218,,0,,,,,,,
dance_003,D03_P016_T01,12,360,420,12.0,14.0,10.520774,14.232737,-3.711963,0,1220,,0,,,,,,,
dance_001,D01_P008_T01,5,150,210,5.0,7.0,10.723116,14.435844,-3.712728,0,1221,,0,,,,,,,
dance_001,D01_P008_T01,8,240,300,8.0,10.0,10.720963,14.435844,-3.714881,0,1222,,0,,,,,,,
dance_004,D04_P016_T01,4,120,180,4.0,6.0,12.589334,16.304395,-3.715061,0,1223,,0,,,,,,,
dance_008,D08_P016_T01,7,210,270,7.0,9.0,11.578541,15.296403,-3.717862,0,1224,,0,,,,,,,
dance_005,D05_P008_T01,4,120,180,4.0,6.0,10.08105,13.799158,-3.718108,0,1225,,0,,,,,,,
dance_001,D01_P012_T01,5,150,210,5.0,7.0,10.714704,14.435844,-3.72114,0,1226,,0,,,,,,,
dance_009,D09_P003_T01,6,180,240,6.0,8.0,15.822007,19.54512,-3.723113,0,1227,,0,,,,,,,
dance_003,D03_P010_T01,0,0,60,0.0,2.0,10.506293,14.232737,-3.726444,0,1228,,0,,,,,,,
dance_002,D02_P020_T01,8,240,300,8.0,10.0,15.034727,18.773045,-3.738318,0,1230,,0,,,,,,,
dance_006,D06_P019_T01,10,300,360,10.0,12.0,10.055278,13.794565,-3.739287,0,1231,,0,,,,,,,
dance_004,D04_P009_T01,1,30,90,1.0,3.0,12.558082,16.304395,-3.746313,0,1232,,0,,,,,,,
dance_011,D11_P009_T01,10,300,360,10.0,12.0,12.20334,15.951577,-3.748237,0,1233,,0,,,,,,,
dance_012,D12_P015_T01,11,330,390,11.0,13.0,10.552025,14.304425,-3.7524,0,1234,,0,,,,,,,
dance_006,D06_P019_T01,2,60,120,2.0,4.0,10.041527,13.794565,-3.753038,0,1235,,0,,,,,,,
dance_007,D07_P012_T01,7,210,270,7.0,9.0,8.722728,12.479667,-3.756939,0,1236,,0,,,,,,,
dance_006,D06_P007_T01,4,120,180,4.0,6.0,10.029617,13.794565,-3.764948,0,1237,,0,,,,,,,
dance_008,D08_P018_T01,7,210,270,7.0,9.0,11.52986,15.296403,-3.766543,0,1238,,0,,,,,,,
dance_001,D01_P016_T01,7,210,270,7.0,9.0,10.663529,14.435844,-3.772315,0,1239,,0,,,,,,,
dance_009,D09_P003_T01,1,30,90,1.0,3.0,15.767794,19.54512,-3.777326,0,1240,,0,,,,,,,
dance_011,D11_P013_T01,5,150,210,5.0,7.0,12.173685,15.951577,-3.777892,0,1241,,0,,,,,,,
dance_001,D01_P010_T01,1,30,90,1.0,3.0,10.653447,14.435844,-3.782397,0,1242,,0,,,,,,,
dance_010,D10_P002_T01,12,360,420,12.0,14.0,13.858458,17.643839,-3.785381,0,1243,,0,,,,,,,
dance_003,D03_P019_T01,2,60,120,2.0,4.0,10.442059,14.232737,-3.790678,0,1246,,0,,,,,,,
dance_003,D03_P013_T01,11,330,390,11.0,13.0,10.441572,14.232737,-3.791165,0,1247,,0,,,,,,,
dance_010,D10_P013_T01,3,90,150,3.0,5.0,13.852652,17.643839,-3.791187,0,1248,,0,,,,,,,
dance_001,D01_P017_T01,3,90,150,3.0,5.0,10.640459,14.435844,-3.795385,0,1249,,0,,,,,,,
dance_001,D01_P016_T01,8,240,300,8.0,10.0,10.640337,14.435844,-3.795507,0,1250,,0,,,,,,,
dance_001,D01_P009_T01,2,60,120,2.0,4.0,10.638384,14.435844,-3.79746,0,1251,,0,,,,,,,
dance_012,D12_P011_T01,9,270,330,9.0,11.0,10.506329,14.304425,-3.798096,0,1252,,0,,,,,,,
dance_005,D05_P015_T01,7,210,270,7.0,9.0,9.998766,13.799158,-3.800392,0,1253,,0,,,,,,,
dance_008,D08_P020_T01,4,120,180,4.0,6.0,11.495623,15.296403,-3.80078,0,1254,,0,,,,,,,
dance_003,D03_P011_T01,2,60,120,2.0,4.0,10.429811,14.232737,-3.802926,0,1256,,0,,,,,,,
dance_003,D03_P003_T01,5,150,210,5.0,7.0,10.428684,14.232737,-3.804053,0,1257,,0,,,,,,,
dance_012,D12_P010_T01,10,300,360,10.0,12.0,10.497691,14.304425,-3.806734,0,1258,,0,,,,,,,
dance_005,D05_P007_T01,8,240,300,8.0,10.0,9.988013,13.799158,-3.811145,0,1259,,0,,,,,,,
dance_004,D04_P003_T01,0,0,60,0.0,2.0,12.491994,16.304395,-3.812401,0,1261,,0,,,,,,,
dance_001,D01_P011_T01,5,150,210,5.0,7.0,10.623097,14.435844,-3.812747,0,1262,,0,,,,,,,
dance_006,D06_P003_T01,2,60,120,2.0,4.0,9.981608,13.794565,-3.812957,0,1263,,0,,,,,,,
dance_012,D12_P004_T01,4,120,180,4.0,6.0,10.491458,14.304425,-3.812967,0,1264,,0,,,,,,,
dance_010,D10_P002_T01,8,240,300,8.0,10.0,13.819425,17.643839,-3.824414,0,1265,,0,,,,,,,
dance_004,D04_P002_T01,8,240,300,8.0,10.0,12.472358,16.304395,-3.832037,0,1267,,0,,,,,,,
dance_005,D05_P020_T01,4,120,180,4.0,6.0,9.965556,13.799158,-3.833602,0,1268,,0,,,,,,,
dance_009,D09_P011_T01,2,60,120,2.0,4.0,15.707628,19.54512,-3.837492,0,1269,,0,,,,,,,
dance_005,D05_P011_T01,4,120,180,4.0,6.0,9.957772,13.799158,-3.841386,0,1272,,0,,,,,,,
dance_007,D07_P010_T01,6,180,240,6.0,8.0,8.638048,12.479667,-3.841619,0,1273,,0,,,,,,,
dance_007,D07_P019_T01,2,60,120,2.0,4.0,8.636844,12.479667,-3.842823,0,1274,,0,,,,,,,
dance_010,D10_P017_T01,0,0,60,0.0,2.0,13.797612,17.643839,-3.846227,0,1275,,0,,,,,,,
dance_010,D10_P006_T01,3,90,150,3.0,5.0,13.796298,17.643839,-3.847541,0,1276,,0,,,,,,,
dance_007,D07_P009_T01,0,0,60,0.0,2.0,8.627573,12.479667,-3.852094,0,1277,,0,,,,,,,
dance_001,D01_P009_T01,1,30,90,1.0,3.0,10.583737,14.435844,-3.852107,0,1278,,0,,,,,,,
dance_010,D10_P017_T01,4,120,180,4.0,6.0,13.791092,17.643839,-3.852747,0,1279,,0,,,,,,,
dance_002,D02_P015_T01,6,180,240,6.0,8.0,14.9167,18.773045,-3.856345,0,1280,,0,,,,,,,
dance_008,D08_P018_T01,6,180,240,6.0,8.0,11.439225,15.296403,-3.857178,0,1281,,0,,,,,,,
dance_003,D03_P017_T01,11,330,390,11.0,13.0,10.37226,14.232737,-3.860477,0,1282,,0,,,,,,,
dance_003,D03_P006_T01,12,360,420,12.0,14.0,10.369921,14.232737,-3.862816,0,1283,,0,,,,,,,
dance_012,D12_P013_T01,11,330,390,11.0,13.0,10.438302,14.304425,-3.866123,0,1284,,0,,,,,,,
dance_004,D04_P012_T01,0,0,60,0.0,2.0,12.433479,16.304395,-3.870916,0,1285,,0,,,,,,,
dance_006,D06_P012_T01,5,150,210,5.0,7.0,9.921561,13.794565,-3.873004,0,1286,,0,,,,,,,
dance_008,D08_P008_T01,16,480,540,16.0,18.0,11.423122,15.296403,-3.873281,0,1287,,0,,,,,,,
dance_009,D09_P020_T01,2,60,120,2.0,4.0,15.66721,19.54512,-3.87791,0,1289,,0,,,,,,,
dance_003,D03_P019_T01,5,150,210,5.0,7.0,10.353727,14.232737,-3.87901,0,1290,,0,,,,,,,
dance_003,D03_P015_T01,10,300,360,10.0,12.0,10.349061,14.232737,-3.883676,0,1291,,0,,,,,,,
dance_009,D09_P008_T01,5,150,210,5.0,7.0,15.647709,19.54512,-3.897411,0,1292,,0,,,,,,,
dance_012,D12_P003_T01,6,180,240,6.0,8.0,10.403949,14.304425,-3.900476,0,1293,,0,,,,,,,
dance_011,D11_P019_T01,5,150,210,5.0,7.0,12.049749,15.951577,-3.901828,0,1294,,0,,,,,,,
dance_007,D07_P020_T01,2,60,120,2.0,4.0,8.577251,12.479667,-3.902416,0,1295,,0,,,,,,,
dance_010,D10_P015_T01,11,330,390,11.0,13.0,13.740778,17.643839,-3.903061,0,1296,,0,,,,,,,
dance_008,D08_P017_T01,10,300,360,10.0,12.0,11.390134,15.296403,-3.906269,0,1297,,0,,,,,,,
dance_011,D11_P012_T01,6,180,240,6.0,8.0,12.042107,15.951577,-3.90947,0,1298,,0,,,,,,,
dance_003,D03_P018_T01,2,60,120,2.0,4.0,10.322643,14.232737,-3.910094,0,1299,,0,,,,,,,
dance_006,D06_P011_T01,3,90,150,3.0,5.0,9.884111,13.794565,-3.910454,0,1300,,0,,,,,,,
dance_006,D06_P020_T01,3,90,150,3.0,5.0,9.882121,13.794565,-3.912444,0,1301,,0,,,,,,,
dance_003,D03_P012_T01,0,0,60,0.0,2.0,10.312298,14.232737,-3.920439,0,1302,,0,,,,,,,
dance_008,D08_P020_T01,18,540,600,18.0,20.0,11.374203,15.296403,-3.9222,0,1303,,0,,,,,,,
dance_006,D06_P020_T01,0,0,60,0.0,2.0,9.872061,13.794565,-3.922504,0,1304,,0,,,,,,,
dance_004,D04_P008_T01,7,210,270,7.0,9.0,12.381728,16.304395,-3.922667,0,1305,,0,,,,,,,
dance_008,D08_P017_T01,6,180,240,6.0,8.0,11.373388,15.296403,-3.923015,0,1306,,0,,,,,,,
dance_003,D03_P018_T01,5,150,210,5.0,7.0,10.308536,14.232737,-3.924201,0,1307,,0,,,,,,,
dance_006,D06_P011_T01,6,180,240,6.0,8.0,9.868794,13.794565,-3.925771,0,1308,,0,,,,,,,
dance_001,D01_P008_T01,3,90,150,3.0,5.0,10.508115,14.435844,-3.927729,0,1309,,0,,,,,,,
dance_003,D03_P017_T01,0,0,60,0.0,2.0,10.302297,14.232737,-3.93044,0,1310,,0,,,,,,,
dance_012,D12_P015_T01,2,60,120,2.0,4.0,10.373702,14.304425,-3.930723,0,1311,,0,,,,,,,
dance_003,D03_P018_T01,0,0,60,0.0,2.0,10.299849,14.232737,-3.932888,0,1313,,0,,,,,,,
dance_010,D10_P004_T01,0,0,60,0.0,2.0,13.705577,17.643839,-3.938262,0,1314,,0,,,,,,,
dance_007,D07_P008_T01,0,0,60,0.0,2.0,8.538334,12.479667,-3.941333,0,1315,,0,,,,,,,
dance_008,D08_P020_T01,15,450,510,15.0,17.0,11.354045,15.296403,-3.942358,0,1316,,0,,,,,,,
dance_003,D03_P013_T01,5,150,210,5.0,7.0,10.282636,14.232737,-3.950101,0,1318,,0,,,,,,,
dance_008,D08_P003_T01,7,210,270,7.0,9.0,11.343638,15.296403,-3.952765,0,1319,,0,,,,,,,
dance_006,D06_P016_T01,9,270,330,9.0,11.0,9.841086,13.794565,-3.953479,0,1320,,0,,,,,,,
dance_008,D08_P015_T01,7,210,270,7.0,9.0,11.33665,15.296403,-3.959753,0,1321,,0,,,,,,,
dance_004,D04_P004_T01,6,180,240,6.0,8.0,12.344143,16.304395,-3.960252,0,1322,,0,,,,,,,
dance_003,D03_P020_T01,4,120,180,4.0,6.0,10.271504,14.232737,-3.961233,0,1323,,0,,,,,,,
dance_011,D11_P010_T01,1,30,90,1.0,3.0,11.989785,15.951577,-3.961792,0,1324,,0,,,,,,,
dance_003,D03_P006_T01,2,60,120,2.0,4.0,10.267828,14.232737,-3.964909,0,1326,,0,,,,,,,
dance_012,D12_P005_T01,2,60,120,2.0,4.0,10.339484,14.304425,-3.964941,0,1327,,0,,,,,,,
dance_003,D03_P010_T01,1,30,90,1.0,3.0,10.266796,14.232737,-3.965941,0,1328,,0,,,,,,,
dance_008,D08_P017_T01,18,540,600,18.0,20.0,11.326102,15.296403,-3.970301,0,1329,,0,,,,,,,
dance_003,D03_P008_T01,8,240,300,8.0,10.0,10.260032,14.232737,-3.972705,0,1330,,0,,,,,,,
dance_009,D09_P011_T01,7,210,270,7.0,9.0,15.569023,19.54512,-3.976097,0,1332,,0,,,,,,,
dance_005,D05_P002_T01,2,60,120,2.0,4.0,9.821635,13.799158,-3.977523,0,1333,,0,,,,,,,
dance_010,D10_P017_T01,9,270,330,9.0,11.0,13.665117,17.643839,-3.978722,0,1334,,0,,,,,,,
dance_006,D06_P008_T01,9,270,330,9.0,11.0,9.814648,13.794565,-3.979917,0,1335,,0,,,,,,,
dance_001,D01_P002_T01,4,120,180,4.0,6.0,10.455365,14.435844,-3.980479,0,1337,,0,,,,,,,
dance_001,D01_P004_T01,4,120,180,4.0,6.0,10.455365,14.435844,-3.980479,0,1337,,0,,,,,,,
dance_003,D03_P014_T01,1,30,90,1.0,3.0,10.251134,14.232737,-3.981603,0,1339,,0,,,,,,,
dance_012,D12_P013_T01,2,60,120,2.0,4.0,10.322034,14.304425,-3.982391,0,1340,,0,,,,,,,
dance_006,D06_P011_T01,7,210,270,7.0,9.0,9.809503,13.794565,-3.985062,0,1341,,0,,,,,,,
dance_011,D11_P009_T01,5,150,210,5.0,7.0,11.953981,15.951577,-3.997596,0,1343,,0,,,,,,,
dance_004,D04_P007_T01,6,180,240,6.0,8.0,12.300415,16.304395,-4.00398,0,1344,,0,,,,,,,
dance_012,D12_P004_T01,3,90,150,3.0,5.0,10.297808,14.304425,-4.006617,0,1345,,0,,,,,,,
dance_007,D07_P018_T01,1,30,90,1.0,3.0,8.472936,12.479667,-4.006731,0,1346,,0,,,,,,,
dance_003,D03_P019_T01,4,120,180,4.0,6.0,10.223073,14.232737,-4.009664,0,1347,,0,,,,,,,
dance_007,D07_P019_T01,6,180,240,6.0,8.0,8.469635,12.479667,-4.010032,0,1348,,0,,,,,,,
dance_007,D07_P010_T01,10,300,360,10.0,12.0,8.469488,12.479667,-4.010179,0,1349,,0,,,,,,,
dance_010,D10_P009_T01,2,60,120,2.0,4.0,13.63258,17.643839,-4.011259,0,1350,,0,,,,,,,
dance_002,D02_P018_T01,7,210,270,7.0,9.0,14.761445,18.773045,-4.0116,0,1351,,0,,,,,,,
dance_003,D03_P011_T01,4,120,180,4.0,6.0,10.213714,14.232737,-4.019023,0,1352,,0,,,,,,,
dance_008,D08_P007_T01,10,300,360,10.0,12.0,11.27189,15.296403,-4.024513,0,1353,,0,,,,,,,
dance_007,D07_P015_T01,0,0,60,0.0,2.0,8.450789,12.479667,-4.028878,0,1354,,0,,,,,,,
dance_006,D06_P010_T01,2,60,120,2.0,4.0,9.756624,13.794565,-4.037941,0,1355,,0,,,,,,,
dance_006,D06_P013_T01,4,120,180,4.0,6.0,9.754463,13.794565,-4.040102,0,1356,,0,,,,,,,
dance_002,D02_P016_T01,0,0,60,0.0,2.0,14.732516,18.773045,-4.040529,0,1357,,0,,,,,,,
dance_006,D06_P009_T01,5,150,210,5.0,7.0,9.751003,13.794565,-4.043562,0,1359,,0,,,,,,,
dance_010,D10_P009_T01,0,0,60,0.0,2.0,13.594965,17.643839,-4.048874,0,1361,,0,,,,,,,
dance_012,D12_P013_T01,12,360,420,12.0,14.0,10.255018,14.304425,-4.049407,0,1362,,0,,,,,,,
dance_010,D10_P014_T01,6,180,240,6.0,8.0,13.594385,17.643839,-4.049454,0,1363,,0,,,,,,,
dance_005,D05_P002_T01,6,180,240,6.0,8.0,9.747124,13.799158,-4.052034,0,1364,,0,,,,,,,
dance_007,D07_P006_T01,7,210,270,7.0,9.0,8.41887,12.479667,-4.060797,0,1365,,0,,,,,,,
dance_003,D03_P012_T01,3,90,150,3.0,5.0,10.170371,14.232737,-4.062366,0,1366,,0,,,,,,,
dance_002,D02_P018_T01,3,90,150,3.0,5.0,14.704696,18.773045,-4.068349,0,1367,,0,,,,,,,
dance_009,D09_P009_T01,6,180,240,6.0,8.0,15.46993,19.54512,-4.07519,0,1368,,0,,,,,,,
dance_009,D09_P009_T01,11,330,390,11.0,13.0,15.469444,19.54512,-4.075676,0,1369,,0,,,,,,,
dance_012,D12_P014_T01,6,180,240,6.0,8.0,10.223622,14.304425,-4.080803,0,1371,,0,,,,,,,
dance_011,D11_P008_T01,9,270,330,9.0,11.0,11.86968,15.951577,-4.081897,0,1372,,0,,,,,,,
dance_003,D03_P015_T01,1,30,90,1.0,3.0,10.149173,14.232737,-4.083564,0,1373,,0,,,,,,,
dance_005,D05_P009_T01,3,90,150,3.0,5.0,9.712408,13.799158,-4.08675,0,1374,,0,,,,,,,
dance_010,D10_P019_T01,7,210,270,7.0,9.0,13.555486,17.643839,-4.088353,0,1375,,0,,,,,,,
dance_005,D05_P016_T01,2,60,120,2.0,4.0,9.710452,13.799158,-4.088706,0,1376,,0,,,,,,,
dance_008,D08_P007_T01,13,390,450,13.0,15.0,11.207444,15.296403,-4.088959,0,1377,,0,,,,,,,
dance_003,D03_P011_T01,9,270,330,9.0,11.0,10.143017,14.232737,-4.08972,0,1378,,0,,,,,,,
dance_011,D11_P016_T01,10,300,360,10.0,12.0,11.850829,15.951577,-4.100748,0,1381,,0,,,,,,,
dance_005,D05_P019_T01,7,210,270,7.0,9.0,9.697389,13.799158,-4.101769,0,1382,,0,,,,,,,
dance_006,D06_P016_T01,2,60,120,2.0,4.0,9.692643,13.794565,-4.101922,0,1383,,0,,,,,,,
dance_002,D02_P010_T01,8,240,300,8.0,10.0,14.666763,18.773045,-4.106282,0,1384,,0,,,,,,,
dance_011,D11_P005_T01,4,120,180,4.0,6.0,11.842334,15.951577,-4.109243,0,1385,,0,,,,,,,
dance_008,D08_P017_T01,0,0,60,0.0,2.0,11.186946,15.296403,-4.109457,0,1386,,0,,,,,,,
dance_005,D05_P015_T01,6,180,240,6.0,8.0,9.68892,13.799158,-4.110238,0,1387,,0,,,,,,,
dance_002,D02_P010_T01,7,210,270,7.0,9.0,14.653519,18.773045,-4.119526,0,1388,,0,,,,,,,
dance_008,D08_P017_T01,7,210,270,7.0,9.0,11.168863,15.296403,-4.12754,0,1389,,0,,,,,,,
dance_012,D12_P012_T01,5,150,210,5.0,7.0,10.176622,14.304425,-4.127803,0,1390,,0,,,,,,,
dance_007,D07_P011_T01,7,210,270,7.0,9.0,8.348818,12.479667,-4.130849,0,1391,,0,,,,,,,
dance_012,D12_P018_T01,7,210,270,7.0,9.0,10.172842,14.304425,-4.131583,0,1392,,0,,,,,,,
dance_009,D09_P002_T01,6,180,240,6.0,8.0,15.408345,19.54512,-4.136775,0,1393,,0,,,,,,,
dance_006,D06_P004_T01,7,210,270,7.0,9.0,9.656146,13.794565,-4.138419,0,1394,,0,,,,,,,
dance_011,D11_P005_T01,5,150,210,5.0,7.0,11.812904,15.951577,-4.138673,0,1395,,0,,,,,,,
dance_010,D10_P014_T01,2,60,120,2.0,4.0,13.504428,17.643839,-4.139411,0,1396,,0,,,,,,,
dance_001,D01_P008_T01,1,30,90,1.0,3.0,10.289896,14.435844,-4.145948,0,1399,,0,,,,,,,
dance_008,D08_P003_T01,4,120,180,4.0,6.0,11.14853,15.296403,-4.147873,0,1400,,0,,,,,,,
dance_001,D01_P009_T01,0,0,60,0.0,2.0,10.287893,14.435844,-4.147951,0,1401,,0,,,,,,,
dance_005,D05_P016_T01,0,0,60,0.0,2.0,9.645196,13.799158,-4.153962,0,1403,,0,,,,,,,
dance_006,D06_P013_T01,7,210,270,7.0,9.0,9.640543,13.794565,-4.154022,0,1404,,0,,,,,,,
dance_011,D11_P006_T01,10,300,360,10.0,12.0,11.794117,15.951577,-4.15746,0,1405,,0,,,,,,,
dance_007,D07_P016_T01,2,60,120,2.0,4.0,8.320669,12.479667,-4.158998,0,1406,,0,,,,,,,
dance_006,D06_P020_T01,2,60,120,2.0,4.0,9.634819,13.794565,-4.159746,0,1407,,0,,,,,,,
dance_009,D09_P006_T01,2,60,120,2.0,4.0,15.375848,19.54512,-4.169272,0,1410,,0,,,,,,,
dance_006,D06_P006_T01,10,300,360,10.0,12.0,9.609712,13.794565,-4.184853,0,1411,,0,,,,,,,
dance_008,D08_P018_T01,12,360,420,12.0,14.0,11.109339,15.296403,-4.187064,0,1412,,0,,,,,,,
dance_001,D01_P020_T01,3,90,150,3.0,5.0,10.248771,14.435844,-4.187073,0,1413,,0,,,,,,,
dance_006,D06_P017_T01,10,300,360,10.0,12.0,9.59897,13.794565,-4.195595,0,1414,,0,,,,,,,
dance_008,D08_P016_T01,16,480,540,16.0,18.0,11.100208,15.296403,-4.196195,0,1415,,0,,,,,,,
dance_002,D02_P002_T01,0,0,60,0.0,2.0,14.576469,18.773045,-4.196576,0,1416,,0,,,,,,,
dance_011,D11_P015_T01,4,120,180,4.0,6.0,11.752388,15.951577,-4.199189,0,1417,,0,,,,,,,
dance_004,D04_P009_T01,5,150,210,5.0,7.0,12.104138,16.304395,-4.200257,0,1418,,0,,,,,,,
dance_008,D08_P009_T01,17,510,570,17.0,19.0,11.093369,15.296403,-4.203034,0,1419,,0,,,,,,,
dance_007,D07_P011_T01,6,180,240,6.0,8.0,8.276243,12.479667,-4.203424,0,1420,,0,,,,,,,
dance_012,D12_P017_T01,9,270,330,9.0,11.0,10.100827,14.304425,-4.203598,0,1421,,0,,,,,,,
dance_011,D11_P006_T01,13,390,450,13.0,15.0,11.745793,15.951577,-4.205784,0,1422,,0,,,,,,,
dance_010,D10_P016_T01,9,270,330,9.0,11.0,13.437974,17.643839,-4.205865,0,1423,,0,,,,,,,
dance_012,D12_P018_T01,5,150,210,5.0,7.0,10.098026,14.304425,-4.206399,0,1424,,0,,,,,,,
dance_001,D01_P016_T01,4,120,180,4.0,6.0,10.215469,14.435844,-4.220375,0,1426,,0,,,,,,,
dance_001,D01_P008_T01,4,120,180,4.0,6.0,10.206761,14.435844,-4.229083,0,1427,,0,,,,,,,
dance_005,D05_P013_T01,5,150,210,5.0,7.0,9.566664,13.799158,-4.232494,0,1428,,0,,,,,,,
dance_012,D12_P011_T01,0,0,60,0.0,2.0,10.065366,14.304425,-4.239059,0,1429,,0,,,,,,,
dance_004,D04_P018_T01,9,270,330,9.0,11.0,12.063957,16.304395,-4.240438,0,1430,,0,,,,,,,
dance_012,D12_P009_T01,10,300,360,10.0,12.0,10.06001,14.304425,-4.244415,0,1431,,0,,,,,,,
dance_004,D04_P015_T01,7,210,270,7.0,9.0,12.059651,16.304395,-4.244744,0,1432,,0,,,,,,,
dance_012,D12_P009_T01,9,270,330,9.0,11.0,10.059382,14.304425,-4.245043,0,1433,,0,,,,,,,
dance_001,D01_P006_T01,5,150,210,5.0,7.0,10.187918,14.435844,-4.247926,0,1435,,0,,,,,,,
dance_010,D10_P019_T01,6,180,240,6.0,8.0,13.394223,17.643839,-4.249616,0,1436,,0,,,,,,,
dance_007,D07_P002_T01,3,90,150,3.0,5.0,8.227174,12.479667,-4.252493,0,1438,,0,,,,,,,
dance_012,D12_P009_T01,2,60,120,2.0,4.0,10.051317,14.304425,-4.253108,0,1439,,0,,,,,,,
dance_008,D08_P004_T01,4,120,180,4.0,6.0,11.043066,15.296403,-4.253337,0,1440,,0,,,,,,,
dance_010,D10_P015_T01,2,60,120,2.0,4.0,13.389996,17.643839,-4.253843,0,1441,,0,,,,,,,
dance_010,D10_P012_T01,11,330,390,11.0,13.0,13.388826,17.643839,-4.255013,0,1442,,0,,,,,,,
dance_004,D04_P012_T01,5,150,210,5.0,7.0,12.047229,16.304395,-4.257166,0,1443,,0,,,,,,,
dance_001,D01_P011_T01,7,210,270,7.0,9.0,10.178251,14.435844,-4.257593,0,1444,,0,,,,,,,
dance_004,D04_P002_T01,5,150,210,5.0,7.0,12.045869,16.304395,-4.258526,0,1445,,0,,,,,,,
dance_004,D04_P020_T01,1,30,90,1.0,3.0,12.04425,16.304395,-4.260145,0,1446,,0,,,,,,,
dance_007,D07_P019_T01,9,270,330,9.0,11.0,8.209094,12.479667,-4.270573,0,1447,,0,,,,,,,
dance_001,D01_P006_T01,0,0,60,0.0,2.0,10.16453,14.435844,-4.271314,0,1448,,0,,,,,,,
dance_011,D11_P014_T01,13,390,450,13.0,15.0,11.674988,15.951577,-4.276589,0,1450,,0,,,,,,,
dance_011,D11_P014_T01,14,420,480,14.0,16.0,11.674015,15.951577,-4.277562,0,1451,,0,,,,,,,
dance_006,D06_P018_T01,10,300,360,10.0,12.0,9.511694,13.794565,-4.282871,0,1452,,0,,,,,,,
dance_001,D01_P015_T01,3,90,150,3.0,5.0,10.15063,14.435844,-4.285214,0,1453,,0,,,,,,,
dance_006,D06_P007_T01,11,330,390,11.0,13.0,9.507078,13.794565,-4.287487,0,1454,,0,,,,,,,
dance_004,D04_P010_T01,10,300,360,10.0,12.0,12.016715,16.304395,-4.28768,0,1455,,0,,,,,,,
dance_012,D12_P009_T01,11,330,390,11.0,13.0,10.016067,14.304425,-4.288358,0,1456,,0,,,,,,,
dance_012,D12_P006_T01,8,240,300,8.0,10.0,10.01336,14.304425,-4.291065,0,1457,,0,,,,,,,
dance_009,D09_P019_T01,3,90,150,3.0,5.0,15.253215,19.54512,-4.291905,0,1458,,0,,,,,,,
dance_012,D12_P015_T01,7,210,270,7.0,9.0,10.01119,14.304425,-4.293235,0,1459,,0,,,,,,,
dance_005,D05_P017_T01,6,180,240,6.0,8.0,9.504569,13.799158,-4.294589,0,1460,,0,,,,,,,
dance_004,D04_P018_T01,0,0,60,0.0,2.0,12.009043,16.304395,-4.295352,0,1461,,0,,,,,,,
dance_004,D04_P018_T01,10,300,360,10.0,12.0,12.008979,16.304395,-4.295416,0,1462,,0,,,,,,,
dance_003,D03_P018_T01,9,270,330,9.0,11.0,9.935623,14.232737,-4.297114,0,1463,,0,,,,,,,
dance_007,D07_P003_T01,6,180,240,6.0,8.0,8.178997,12.479667,-4.30067,0,1464,,0,,,,,,,
dance_012,D12_P017_T01,6,180,240,6.0,8.0,9.99829,14.304425,-4.306135,0,1466,,0,,,,,,,
dance_009,D09_P008_T01,7,210,270,7.0,9.0,15.238776,19.54512,-4.306344,0,1467,,0,,,,,,,
dance_012,D12_P012_T01,2,60,120,2.0,4.0,9.997421,14.304425,-4.307004,0,1468,,0,,,,,,,
dance_005,D05_P012_T01,3,90,150,3.0,5.0,9.484744,13.799158,-4.314414,0,1469,,0,,,,,,,
dance_012,D12_P009_T01,5,150,210,5.0,7.0,9.986528,14.304425,-4.317897,0,1470,,0,,,,,,,
dance_008,D08_P005_T01,1,30,90,1.0,3.0,10.97637,15.296403,-4.320033,0,1471,,0,,,,,,,
dance_003,D03_P011_T01,0,0,60,0.0,2.0,9.912639,14.232737,-4.320098,0,1472,,0,,,,,,,
dance_003,D03_P013_T01,2,60,120,2.0,4.0,9.910559,14.232737,-4.322178,0,1473,,0,,,,,,,
dance_003,D03_P014_T01,7,210,270,7.0,9.0,9.906758,14.232737,-4.325979,0,1474,,0,,,,,,,
dance_008,D08_P008_T01,8,240,300,8.0,10.0,10.969205,15.296403,-4.327198,0,1475,,0,,,,,,,
dance_003,D03_P015_T01,7,210,270,7.0,9.0,9.901905,14.232737,-4.330832,0,1476,,0,,,,,,,
dance_002,D02_P020_T01,3,90,150,3.0,5.0,14.43721,18.773045,-4.335835,0,1477,,0,,,,,,,
dance_008,D08_P020_T01,14,420,480,14.0,16.0,10.960334,15.296403,-4.336069,0,1478,,0,,,,,,,
dance_004,D04_P009_T01,7,210,270,7.0,9.0,11.964871,16.304395,-4.339524,0,1479,,0,,,,,,,
dance_006,D06_P006_T01,7,210,270,7.0,9.0,9.454449,13.794565,-4.340116,0,1480,,0,,,,,,,
dance_008,D08_P018_T01,10,300,360,10.0,12.0,10.956041,15.296403,-4.340362,0,1481,,0,,,,,,,
dance_007,D07_P009_T01,8,240,300,8.0,10.0,8.138521,12.479667,-4.341146,0,1482,,0,,,,,,,
dance_003,D03_P005_T01,7,210,270,7.0,9.0,9.890648,14.232737,-4.342089,0,1483,,0,,,,,,,
dance_012,D12_P018_T01,6,180,240,6.0,8.0,9.957141,14.304425,-4.347284,0,1486,,0,,,,,,,
dance_008,D08_P015_T01,5,150,210,5.0,7.0,10.942038,15.296403,-4.354365,0,1487,,0,,,,,,,
dance_009,D09_P007_T01,5,150,210,5.0,7.0,15.190742,19.54512,-4.354378,0,1488,,0,,,,,,,
dance_007,D07_P015_T01,6,180,240,6.0,8.0,8.125106,12.479667,-4.354561,0,1489,,0,,,,,,,
dance_004,D04_P012_T01,7,210,270,7.0,9.0,11.945474,16.304395,-4.358921,0,1490,,0,,,,,,,
dance_001,D01_P010_T01,2,60,120,2.0,4.0,10.072805,14.435844,-4.363039,0,1491,,0,,,,,,,
dance_005,D05_P018_T01,5,150,210,5.0,7.0,9.4339,13.799158,-4.365258,0,1492,,0,,,,,,,
dance_007,D07_P010_T01,3,90,150,3.0,5.0,8.114406,12.479667,-4.365261,0,1493,,0,,,,,,,
dance_001,D01_P017_T01,2,60,120,2.0,4.0,10.067064,14.435844,-4.36878,0,1494,,0,,,,,,,
dance_003,D03_P010_T01,3,90,150,3.0,5.0,9.858868,14.232737,-4.373869,0,1495,,0,,,,,,,
dance_007,D07_P011_T01,1,30,90,1.0,3.0,8.105669,12.479667,-4.373998,0,1496,,0,,,,,,,
dance_006,D06_P004_T01,12,360,420,12.0,14.0,9.415324,13.794565,-4.379241,0,1497,,0,,,,,,,
dance_007,D07_P010_T01,4,120,180,4.0,6.0,8.10002,12.479667,-4.379647,0,1499,,0,,,,,,,
dance_005,D05_P005_T01,4,120,180,4.0,6.0,9.415802,13.799158,-4.383356,0,1500,,0,,,,,,,
dance_006,D06_P004_T01,1,30,90,1.0,3.0,9.390255,13.794565,-4.40431,0,1501,,0,,,,,,,
dance_007,D07_P009_T01,5,150,210,5.0,7.0,8.071682,12.479667,-4.407985,0,1502,,0,,,,,,,
dance_010,D10_P020_T01,10,300,360,10.0,12.0,13.231237,17.643839,-4.412602,0,1503,,0,,,,,,,
dance_007,D07_P016_T01,0,0,60,0.0,2.0,8.063775,12.479667,-4.415892,0,1504,,0,,,,,,,
dance_004,D04_P009_T01,6,180,240,6.0,8.0,11.887668,16.304395,-4.416727,0,1505,,0,,,,,,,
dance_008,D08_P017_T01,5,150,210,5.0,7.0,10.879459,15.296403,-4.416944,0,1506,,0,,,,,,,
dance_006,D06_P018_T01,7,210,270,7.0,9.0,9.370792,13.794565,-4.423773,0,1507,,0,,,,,,,
dance_002,D02_P020_T01,5,150,210,5.0,7.0,14.346778,18.773045,-4.426267,0,1508,,0,,,,,,,
dance_005,D05_P005_T01,0,0,60,0.0,2.0,9.368644,13.799158,-4.430514,0,1509,,0,,,,,,,
dance_010,D10_P004_T01,3,90,150,3.0,5.0,13.206918,17.643839,-4.436921,0,1510,,0,,,,,,,
dance_011,D11_P012_T01,4,120,180,4.0,6.0,11.5135,15.951577,-4.438077,0,1512,,0,,,,,,,
dance_004,D04_P005_T01,3,90,150,3.0,5.0,11.866199,16.304395,-4.438196,0,1513,,0,,,,,,,
dance_012,D12_P005_T01,3,90,150,3.0,5.0,9.851983,14.304425,-4.452442,0,1515,,0,,,,,,,
dance_011,D11_P020_T01,6,180,240,6.0,8.0,11.498026,15.951577,-4.453551,0,1516,,0,,,,,,,
dance_011,D11_P016_T01,4,120,180,4.0,6.0,11.496938,15.951577,-4.454639,0,1517,,0,,,,,,,
dance_003,D03_P019_T01,7,210,270,7.0,9.0,9.777387,14.232737,-4.45535,0,1518,,0,,,,,,,
dance_010,D10_P020_T01,6,180,240,6.0,8.0,13.187219,17.643839,-4.45662,0,1519,,0,,,,,,,
dance_007,D07_P015_T01,8,240,300,8.0,10.0,8.021752,12.479667,-4.457915,0,1520,,0,,,,,,,
dance_006,D06_P014_T01,11,330,390,11.0,13.0,9.329917,13.794565,-4.464648,0,1521,,0,,,,,,,
dance_011,D11_P007_T01,0,0,60,0.0,2.0,11.486876,15.951577,-4.464701,0,1522,,0,,,,,,,
dance_008,D08_P017_T01,15,450,510,15.0,17.0,10.82735,15.296403,-4.469053,0,1524,,0,,,,,,,
dance_007,D07_P010_T01,1,30,90,1.0,3.0,8.006207,12.479667,-4.47346,0,1525,,0,,,,,,,
dance_010,D10_P007_T01,3,90,150,3.0,5.0,13.167139,17.643839,-4.4767,0,1526,,0,,,,,,,
dance_011,D11_P006_T01,3,90,150,3.0,5.0,11.474521,15.951577,-4.477056,0,1527,,0,,,,,,,
dance_008,D08_P012_T01,5,150,210,5.0,7.0,10.818846,15.296403,-4.477557,0,1528,,0,,,,,,,
dance_011,D11_P014_T01,12,360,420,12.0,14.0,11.470262,15.951577,-4.481315,0,1529,,0,,,,,,,
dance_006,D06_P017_T01,11,330,390,11.0,13.0,9.310559,13.794565,-4.484006,0,1530,,0,,,,,,,
dance_003,D03_P012_T01,4,120,180,4.0,6.0,9.747776,14.232737,-4.484961,0,1531,,0,,,,,,,
dance_009,D09_P018_T01,10,300,360,10.0,12.0,15.058436,19.54512,-4.486684,0,1532,,0,,,,,,,
dance_009,D09_P012_T01,5,150,210,5.0,7.0,15.052341,19.54512,-4.492779,0,1533,,0,,,,,,,
dance_002,D02_P019_T01,3,90,150,3.0,5.0,14.278609,18.773045,-4.494436,0,1534,,0,,,,,,,
dance_003,D03_P002_T01,10,300,360,10.0,12.0,9.729515,14.232737,-4.503222,0,1537,,0,,,,,,,
dance_002,D02_P004_T01,7,210,270,7.0,9.0,14.268234,18.773045,-4.504811,0,1538,,0,,,,,,,
dance_006,D06_P015_T01,8,240,300,8.0,10.0,9.288842,13.794565,-4.505723,0,1539,,0,,,,,,,
dance_005,D05_P002_T01,1,30,90,1.0,3.0,9.289031,13.799158,-4.510127,0,1541,,0,,,,,,,
dance_009,D09_P009_T01,2,60,120,2.0,4.0,15.029721,19.54512,-4.515399,0,1542,,0,,,,,,,
dance_007,D07_P003_T01,1,30,90,1.0,3.0,7.963499,12.479667,-4.516168,0,1543,,0,,,,,,,
dance_007,D07_P004_T01,8,240,300,8.0,10.0,7.961236,12.479667,-4.518431,0,1544,,0,,,,,,,
dance_004,D04_P011_T01,0,0,60,0.0,2.0,11.776036,16.304395,-4.528359,0,1545,,0,,,,,,,
dance_002,D02_P005_T01,5,150,210,5.0,7.0,14.244153,18.773045,-4.528892,0,1546,,0,,,,,,,
dance_007,D07_P002_T01,4,120,180,4.0,6.0,7.949877,12.479667,-4.52979,0,1547,,0,,,,,,,
dance_011,D11_P004_T01,8,240,300,8.0,10.0,11.417371,15.951577,-4.534206,0,1548,,0,,,,,,,
dance_001,D01_P018_T01,3,90,150,3.0,5.0,9.901453,14.435844,-4.534391,0,1549,,0,,,,,,,
dance_012,D12_P015_T01,4,120,180,4.0,6.0,9.767322,14.304425,-4.537103,0,1551,,0,,,,,,,
dance_012,D12_P019_T01,5,150,210,5.0,7.0,9.761111,14.304425,-4.543314,0,1552,,0,,,,,,,
dance_004,D04_P003_T01,10,300,360,10.0,12.0,11.756559,16.304395,-4.547836,0,1553,,0,,,,,,,
dance_011,D11_P016_T01,11,330,390,11.0,13.0,11.394058,15.951577,-4.557519,0,1554,,0,,,,,,,
dance_001,D01_P015_T01,7,210,270,7.0,9.0,9.877655,14.435844,-4.558189,0,1555,,0,,,,,,,
dance_002,D02_P012_T01,1,30,90,1.0,3.0,14.214095,18.773045,-4.55895,0,1556,,0,,,,,,,
dance_011,D11_P018_T01,6,180,240,6.0,8.0,11.392139,15.951577,-4.559438,0,1557,,0,,,,,,,
dance_001,D01_P011_T01,6,180,240,6.0,8.0,9.875265,14.435844,-4.560579,0,1558,,0,,,,,,,
dance_003,D03_P018_T01,3,90,150,3.0,5.0,9.671925,14.232737,-4.560812,0,1559,,0,,,,,,,
dance_012,D12_P010_T01,9,270,330,9.0,11.0,9.743431,14.304425,-4.560994,0,1560,,0,,,,,,,
dance_007,D07_P011_T01,0,0,60,0.0,2.0,7.911382,12.479667,-4.568285,0,1561,,0,,,,,,,
dance_012,D12_P013_T01,9,270,330,9.0,11.0,9.736028,14.304425,-4.568397,0,1562,,0,,,,,,,
dance_008,D08_P002_T01,18,540,600,18.0,20.0,10.727096,15.296403,-4.569307,0,1563,,0,,,,,,,
dance_010,D10_P013_T01,0,0,60,0.0,2.0,13.074195,17.643839,-4.569644,0,1564,,0,,,,,,,
dance_008,D08_P012_T01,15,450,510,15.0,17.0,10.720808,15.296403,-4.575595,0,1565,,0,,,,,,,
dance_008,D08_P019_T01,3,90,150,3.0,5.0,10.718845,15.296403,-4.577558,0,1566,,0,,,,,,,
dance_008,D08_P019_T01,5,150,210,5.0,7.0,10.7167,15.296403,-4.579703,0,1567,,0,,,,,,,
dance_003,D03_P004_T01,3,90,150,3.0,5.0,9.647533,14.232737,-4.585204,0,1568,,0,,,,,,,
dance_008,D08_P005_T01,6,180,240,6.0,8.0,10.705039,15.296403,-4.591364,0,1569,,0,,,,,,,
dance_010,D10_P005_T01,7,210,270,7.0,9.0,13.051274,17.643839,-4.592565,0,1570,,0,,,,,,,
dance_002,D02_P004_T01,0,0,60,0.0,2.0,14.180009,18.773045,-4.593036,0,1571,,0,,,,,,,
dance_003,D03_P020_T01,1,30,90,1.0,3.0,9.639015,14.232737,-4.593722,0,1572,,0,,,,,,,
dance_010,D10_P016_T01,10,300,360,10.0,12.0,13.042339,17.643839,-4.6015,0,1573,,0,,,,,,,
dance_011,D11_P013_T01,11,330,390,11.0,13.0,11.348969,15.951577,-4.602608,0,1574,,0,,,,,,,
dance_012,D12_P011_T01,4,120,180,4.0,6.0,9.700958,14.304425,-4.603467,0,1575,,0,,,,,,,
dance_002,D02_P013_T01,1,30,90,1.0,3.0,14.15826,18.773045,-4.614785,0,1577,,0,,,,,,,
dance_001,D01_P011_T01,4,120,180,4.0,6.0,9.818881,14.435844,-4.616963,0,1578,,0,,,,,,,
dance_003,D03_P009_T01,5,150,210,5.0,7.0,9.599967,14.232737,-4.63277,0,1579,,0,,,,,,,
dance_004,D04_P013_T01,3,90,150,3.0,5.0,11.671483,16.304395,-4.632912,0,1580,,0,,,,,,,
dance_008,D08_P006_T01,13,390,450,13.0,15.0,10.659904,15.296403,-4.636499,0,1581,,0,,,,,,,
dance_010,D10_P009_T01,11,330,390,11.0,13.0,13.002527,17.643839,-4.641312,0,1583,,0,,,,,,,
dance_005,D05_P009_T01,8,240,300,8.0,10.0,9.155761,13.799158,-4.643397,0,1584,,0,,,,,,,
dance_008,D08_P006_T01,9,270,330,9.0,11.0,10.649631,15.296403,-4.646772,0,1585,,0,,,,,,,
dance_008,D08_P003_T01,2,60,120,2.0,4.0,10.649399,15.296403,-4.647004,0,1586,,0,,,,,,,
dance_012,D12_P009_T01,1,30,90,1.0,3.0,9.653954,14.304425,-4.650471,0,1587,,0,,,,,,,
dance_012,D12_P004_T01,1,30,90,1.0,3.0,9.650902,14.304425,-4.653523,0,1588,,0,,,,,,,
dance_007,D07_P003_T01,7,210,270,7.0,9.0,7.825722,12.479667,-4.653945,0,1589,,0,,,,,,,
dance_012,D12_P017_T01,8,240,300,8.0,10.0,9.649554,14.304425,-4.654871,0,1590,,0,,,,,,,
dance_004,D04_P006_T01,0,0,60,0.0,2.0,11.649491,16.304395,-4.654904,0,1591,,0,,,,,,,
dance_005,D05_P011_T01,1,30,90,1.0,3.0,9.142043,13.799158,-4.657115,0,1592,,0,,,,,,,
dance_004,D04_P008_T01,8,240,300,8.0,10.0,11.644676,16.304395,-4.659719,0,1593,,0,,,,,,,
dance_009,D09_P019_T01,11,330,390,11.0,13.0,14.881365,19.54512,-4.663755,0,1594,,0,,,,,,,
dance_001,D01_P015_T01,0,0,60,0.0,2.0,9.767642,14.435844,-4.668202,0,1595,,0,,,,,,,
dance_005,D05_P002_T01,3,90,150,3.0,5.0,9.125507,13.799158,-4.673651,0,1596,,0,,,,,,,
dance_004,D04_P008_T01,6,180,240,6.0,8.0,11.627184,16.304395,-4.677211,0,1597,,0,,,,,,,
dance_011,D11_P015_T01,7,210,270,7.0,9.0,11.270392,15.951577,-4.681185,0,1599,,0,,,,,,,
dance_012,D12_P010_T01,0,0,60,0.0,2.0,9.621997,14.304425,-4.682428,0,1600,,0,,,,,,,
dance_012,D12_P014_T01,2,60,120,2.0,4.0,9.619096,14.304425,-4.685329,0,1601,,0,,,,,,,
dance_006,D06_P006_T01,0,0,60,0.0,2.0,9.102569,13.794565,-4.691996,0,1602,,0,,,,,,,
dance_006,D06_P014_T01,9,270,330,9.0,11.0,9.099708,13.794565,-4.694857,0,1603,,0,,,,,,,
dance_006,D06_P017_T01,4,120,180,4.0,6.0,9.095174,13.794565,-4.699391,0,1604,,0,,,,,,,
dance_005,D05_P020_T01,3,90,150,3.0,5.0,9.098602,13.799158,-4.700556,0,1605,,0,,,,,,,
dance_010,D10_P006_T01,2,60,120,2.0,4.0,12.942717,17.643839,-4.701122,0,1607,,0,,,,,,,
dance_003,D03_P013_T01,0,0,60,0.0,2.0,9.531084,14.232737,-4.701653,0,1608,,0,,,,,,,
dance_005,D05_P009_T01,2,60,120,2.0,4.0,9.096369,13.799158,-4.702789,0,1609,,0,,,,,,,
dance_005,D05_P019_T01,4,120,180,4.0,6.0,9.095689,13.799158,-4.703469,0,1610,,0,,,,,,,
dance_009,D09_P008_T01,6,180,240,6.0,8.0,14.841396,19.54512,-4.703724,0,1611,,0,,,,,,,
dance_002,D02_P012_T01,8,240,300,8.0,10.0,14.0685,18.773045,-4.704545,0,1612,,0,,,,,,,
dance_012,D12_P003_T01,2,60,120,2.0,4.0,9.598773,14.304425,-4.705652,0,1613,,0,,,,,,,
dance_007,D07_P020_T01,6,180,240,6.0,8.0,7.770199,12.479667,-4.709468,0,1614,,0,,,,,,,
dance_003,D03_P009_T01,4,120,180,4.0,6.0,9.517897,14.232737,-4.71484,0,1615,,0,,,,,,,
dance_006,D06_P020_T01,10,300,360,10.0,12.0,9.076922,13.794565,-4.717643,0,1616,,0,,,,,,,
dance_003,D03_P002_T01,3,90,150,3.0,5.0,9.514489,14.232737,-4.718248,0,1617,,0,,,,,,,
dance_004,D04_P013_T01,7,210,270,7.0,9.0,11.583298,16.304395,-4.721097,0,1618,,0,,,,,,,
dance_004,D04_P014_T01,7,210,270,7.0,9.0,11.58308,16.304395,-4.721315,0,1619,,0,,,,,,,
dance_004,D04_P018_T01,6,180,240,6.0,8.0,11.582309,16.304395,-4.722086,0,1620,,0,,,,,,,
dance_003,D03_P004_T01,4,120,180,4.0,6.0,9.50815,14.232737,-4.724587,0,1622,,0,,,,,,,
dance_007,D07_P009_T01,7,210,270,7.0,9.0,7.753033,12.479667,-4.726634,0,1623,,0,,,,,,,
dance_001,D01_P002_T01,5,150,210,5.0,7.0,9.707289,14.435844,-4.728555,0,1624,,0,,,,,,,
dance_001,D01_P004_T01,5,150,210,5.0,7.0,9.707289,14.435844,-4.728555,0,1624,,0,,,,,,,
dance_009,D09_P006_T01,7,210,270,7.0,9.0,14.813341,19.54512,-4.731779,0,1626,,0,,,,,,,
dance_003,D03_P018_T01,4,120,180,4.0,6.0,9.499229,14.232737,-4.733508,0,1628,,0,,,,,,,
dance_003,D03_P006_T01,5,150,210,5.0,7.0,9.497098,14.232737,-4.735639,0,1629,,0,,,,,,,
dance_010,D10_P020_T01,2,60,120,2.0,4.0,12.908156,17.643839,-4.735683,0,1630,,0,,,,,,,
dance_006,D06_P010_T01,5,150,210,5.0,7.0,9.056594,13.794565,-4.737971,0,1631,,0,,,,,,,
dance_001,D01_P002_T01,2,60,120,2.0,4.0,9.697232,14.435844,-4.738612,0,1632,,0,,,,,,,
dance_001,D01_P004_T01,2,60,120,2.0,4.0,9.697232,14.435844,-4.738612,0,1632,,0,,,,,,,
dance_007,D07_P020_T01,10,300,360,10.0,12.0,7.725069,12.479667,-4.754598,0,1634,,0,,,,,,,
dance_007,D07_P009_T01,3,90,150,3.0,5.0,7.724186,12.479667,-4.755481,0,1635,,0,,,,,,,
dance_012,D12_P020_T01,11,330,390,11.0,13.0,9.545179,14.304425,-4.759246,0,1636,,0,,,,,,,
dance_011,D11_P019_T01,0,0,60,0.0,2.0,11.192175,15.951577,-4.759402,0,1637,,0,,,,,,,
dance_008,D08_P006_T01,1,30,90,1.0,3.0,10.535999,15.296403,-4.760404,0,1638,,0,,,,,,,
dance_012,D12_P011_T01,2,60,120,2.0,4.0,9.541646,14.304425,-4.762779,0,1639,,0,,,,,,,
dance_012,D12_P003_T01,3,90,150,3.0,5.0,9.539283,14.304425,-4.765142,0,1640,,0,,,,,,,
dance_006,D06_P014_T01,8,240,300,8.0,10.0,9.029317,13.794565,-4.765248,0,1641,,0,,,,,,,
dance_006,D06_P015_T01,10,300,360,10.0,12.0,9.027263,13.794565,-4.767302,0,1642,,0,,,,,,,
dance_004,D04_P004_T01,1,30,90,1.0,3.0,11.536754,16.304395,-4.767641,0,1643,,0,,,,,,,
dance_009,D09_P013_T01,2,60,120,2.0,4.0,14.774083,19.54512,-4.771037,0,1644,,0,,,,,,,
dance_008,D08_P004_T01,13,390,450,13.0,15.0,10.525339,15.296403,-4.771064,0,1645,,0,,,,,,,
dance_007,D07_P017_T01,10,300,360,10.0,12.0,7.70116,12.479667,-4.778507,0,1647,,0,,,,,,,
dance_001,D01_P009_T01,6,180,240,6.0,8.0,9.650882,14.435844,-4.784962,0,1648,,0,,,,,,,
dance_005,D05_P003_T01,5,150,210,5.0,7.0,9.013452,13.799158,-4.785706,0,1650,,0,,,,,,,
dance_011,D11_P013_T01,4,120,180,4.0,6.0,11.165184,15.951577,-4.786393,0,1651,,0,,,,,,,
dance_008,D08_P008_T01,6,180,240,6.0,8.0,10.50827,15.296403,-4.788133,0,1652,,0,,,,,,,
dance_012,D12_P017_T01,2,60,120,2.0,4.0,9.516001,14.304425,-4.788424,0,1653,,0,,,,,,,
dance_006,D06_P003_T01,9,270,330,9.0,11.0,9.004603,13.794565,-4.789962,0,1655,,0,,,,,,,
dance_008,D08_P006_T01,0,0,60,0.0,2.0,10.503847,15.296403,-4.792556,0,1656,,0,,,,,,,
dance_010,D10_P016_T01,11,330,390,11.0,13.0,12.851059,17.643839,-4.79278,0,1657,,0,,,,,,,
dance_006,D06_P006_T01,12,360,420,12.0,14.0,8.996833,13.794565,-4.797732,0,1658,,0,,,,,,,
dance_007,D07_P006_T01,1,30,90,1.0,3.0,7.680523,12.479667,-4.799144,0,1659,,0,,,,,,,
dance_006,D06_P006_T01,4,120,180,4.0,6.0,8.994368,13.794565,-4.800197,0,1661,,0,,,,,,,
dance_001,D01_P019_T01,3,90,150,3.0,5.0,9.613678,14.435844,-4.822166,0,1662,,0,,,,,,,
dance_008,D08_P006_T01,14,420,480,14.0,16.0,10.469503,15.296403,-4.8269,0,1663,,0,,,,,,,
dance_004,D04_P017_T01,6,180,240,6.0,8.0,11.477361,16.304395,-4.827034,0,1664,,0,,,,,,,
dance_006,D06_P004_T01,8,240,300,8.0,10.0,8.96428,13.794565,-4.830285,0,1665,,0,,,,,,,
dance_005,D05_P010_T01,6,180,240,6.0,8.0,8.962857,13.799158,-4.836301,0,1666,,0,,,,,,,
dance_008,D08_P004_T01,10,300,360,10.0,12.0,10.460078,15.296403,-4.836325,0,1667,,0,,,,,,,
dance_006,D06_P016_T01,11,330,390,11.0,13.0,8.958003,13.794565,-4.836562,0,1668,,0,,,,,,,
dance_010,D10_P002_T01,9,270,330,9.0,11.0,12.806501,17.643839,-4.837338,0,1669,,0,,,,,,,
dance_011,D11_P016_T01,9,270,330,9.0,11.0,11.113386,15.951577,-4.838191,0,1670,,0,,,,,,,
dance_011,D11_P009_T01,2,60,120,2.0,4.0,11.110539,15.951577,-4.841038,0,1672,,0,,,,,,,
dance_012,D12_P003_T01,1,30,90,1.0,3.0,9.462795,14.304425,-4.84163,0,1673,,0,,,,,,,
dance_007,D07_P009_T01,9,270,330,9.0,11.0,7.631102,12.479667,-4.848565,0,1674,,0,,,,,,,
dance_003,D03_P003_T01,0,0,60,0.0,2.0,9.383471,14.232737,-4.849266,0,1675,,0,,,,,,,
dance_011,D11_P018_T01,0,0,60,0.0,2.0,11.09585,15.951577,-4.855727,0,1676,,0,,,,,,,
dance_006,D06_P014_T01,1,30,90,1.0,3.0,8.933742,13.794565,-4.860823,0,1677,,0,,,,,,,
dance_002,D02_P005_T01,7,210,270,7.0,9.0,13.911365,18.773045,-4.86168,0,1678,,0,,,,,,,
dance_007,D07_P009_T01,1,30,90,1.0,3.0,7.607672,12.479667,-4.871995,0,1679,,0,,,,,,,
dance_003,D03_P015_T01,6,180,240,6.0,8.0,9.355471,14.232737,-4.877266,0,1680,,0,,,,,,,
dance_012,D12_P014_T01,7,210,270,7.0,9.0,9.427022,14.304425,-4.877403,0,1681,,0,,,,,,,
dance_009,D09_P020_T01,0,0,60,0.0,2.0,14.662881,19.54512,-4.882239,0,1682,,0,,,,,,,
dance_004,D04_P020_T01,6,180,240,6.0,8.0,11.420626,16.304395,-4.883769,0,1683,,0,,,,,,,
dance_008,D08_P018_T01,11,330,390,11.0,13.0,10.407182,15.296403,-4.889221,0,1684,,0,,,,,,,
dance_005,D05_P006_T01,6,180,240,6.0,8.0,8.909177,13.799158,-4.889981,0,1685,,0,,,,,,,
dance_012,D12_P012_T01,12,360,420,12.0,14.0,9.412979,14.304425,-4.891446,0,1686,,0,,,,,,,
dance_003,D03_P010_T01,9,270,330,9.0,11.0,9.340176,14.232737,-4.892561,0,1687,,0,,,,,,,
dance_007,D07_P018_T01,9,270,330,9.0,11.0,7.582234,12.479667,-4.897433,0,1688,,0,,,,,,,
dance_003,D03_P016_T01,3,90,150,3.0,5.0,9.326536,14.232737,-4.906201,0,1689,,0,,,,,,,
dance_007,D07_P018_T01,8,240,300,8.0,10.0,7.573396,12.479667,-4.906271,0,1690,,0,,,,,,,
dance_008,D08_P013_T01,12,360,420,12.0,14.0,10.388927,15.296403,-4.907476,0,1691,,0,,,,,,,
dance_001,D01_P007_T01,4,120,180,4.0,6.0,9.527203,14.435844,-4.908641,0,1692,,0,,,,,,,
dance_009,D09_P003_T01,0,0,60,0.0,2.0,14.634148,19.54512,-4.910972,0,1693,,0,,,,,,,
dance_005,D05_P014_T01,1,30,90,1.0,3.0,8.885059,13.799158,-4.914099,0,1694,,0,,,,,,,
dance_005,D05_P003_T01,6,180,240,6.0,8.0,8.883155,13.799158,-4.916003,0,1695,,0,,,,,,,
dance_002,D02_P017_T01,9,270,330,9.0,11.0,13.855185,18.773045,-4.91786,0,1696,,0,,,,,,,
dance_005,D05_P014_T01,0,0,60,0.0,2.0,8.879387,13.799158,-4.919771,0,1697,,0,,,,,,,
dance_002,D02_P019_T01,8,240,300,8.0,10.0,13.850735,18.773045,-4.92231,0,1698,,0,,,,,,,
dance_007,D07_P005_T01,1,30,90,1.0,3.0,7.554578,12.479667,-4.925089,0,1699,,0,,,,,,,
dance_012,D12_P006_T01,9,270,330,9.0,11.0,9.374846,14.304425,-4.929579,0,1700,,0,,,,,,,
dance_003,D03_P003_T01,10,300,360,10.0,12.0,9.303032,14.232737,-4.929705,0,1701,,0,,,,,,,
dance_005,D05_P018_T01,2,60,120,2.0,4.0,8.867602,13.799158,-4.931556,0,1702,,0,,,,,,,
dance_012,D12_P006_T01,12,360,420,12.0,14.0,9.372473,14.304425,-4.931952,0,1703,,0,,,,,,,
dance_004,D04_P012_T01,8,240,300,8.0,10.0,11.369546,16.304395,-4.934849,0,1704,,0,,,,,,,
dance_008,D08_P004_T01,12,360,420,12.0,14.0,10.360475,15.296403,-4.935928,0,1705,,0,,,,,,,
dance_002,D02_P010_T01,9,270,330,9.0,11.0,13.826074,18.773045,-4.946971,0,1706,,0,,,,,,,
dance_008,D08_P009_T01,6,180,240,6.0,8.0,10.345419,15.296403,-4.950984,0,1707,,0,,,,,,,
dance_011,D11_P013_T01,7,210,270,7.0,9.0,10.999132,15.951577,-4.952445,0,1708,,0,,,,,,,
dance_010,D10_P002_T01,7,210,270,7.0,9.0,12.69019,17.643839,-4.953649,0,1709,,0,,,,,,,
dance_005,D05_P013_T01,6,180,240,6.0,8.0,8.84435,13.799158,-4.954808,0,1710,,0,,,,,,,
dance_001,D01_P005_T01,2,60,120,2.0,4.0,9.479686,14.435844,-4.956158,0,1711,,0,,,,,,,
dance_006,D06_P009_T01,6,180,240,6.0,8.0,8.836144,13.794565,-4.958421,0,1713,,0,,,,,,,
dance_009,D09_P015_T01,6,180,240,6.0,8.0,14.585433,19.54512,-4.959687,0,1714,,0,,,,,,,
dance_006,D06_P020_T01,12,360,420,12.0,14.0,8.833696,13.794565,-4.960869,0,1715,,0,,,,,,,
dance_005,D05_P004_T01,4,120,180,4.0,6.0,8.837611,13.799158,-4.961547,0,1716,,0,,,,,,,
dance_008,D08_P013_T01,18,540,600,18.0,20.0,10.333578,15.296403,-4.962825,0,1717,,0,,,,,,,
dance_001,D01_P015_T01,6,180,240,6.0,8.0,9.469031,14.435844,-4.966813,0,1718,,0,,,,,,,
dance_006,D06_P017_T01,5,150,210,5.0,7.0,8.827226,13.794565,-4.967339,0,1719,,0,,,,,,,
dance_012,D12_P004_T01,9,270,330,9.0,11.0,9.333933,14.304425,-4.970492,0,1720,,0,,,,,,,
dance_012,D12_P006_T01,7,210,270,7.0,9.0,9.332879,14.304425,-4.971546,0,1721,,0,,,,,,,
dance_004,D04_P020_T01,0,0,60,0.0,2.0,11.329377,16.304395,-4.975018,0,1722,,0,,,,,,,
dance_012,D12_P020_T01,7,210,270,7.0,9.0,9.329334,14.304425,-4.975091,0,1723,,0,,,,,,,
dance_011,D11_P012_T01,1,30,90,1.0,3.0,10.972848,15.951577,-4.978729,0,1725,,0,,,,,,,
dance_012,D12_P005_T01,4,120,180,4.0,6.0,9.317748,14.304425,-4.986677,0,1726,,0,,,,,,,
dance_003,D03_P018_T01,10,300,360,10.0,12.0,9.245017,14.232737,-4.98772,0,1727,,0,,,,,,,
dance_004,D04_P014_T01,2,60,120,2.0,4.0,11.315927,16.304395,-4.988468,0,1728,,0,,,,,,,
dance_008,D08_P012_T01,14,420,480,14.0,16.0,10.30707,15.296403,-4.989333,0,1729,,0,,,,,,,
dance_008,D08_P012_T01,1,30,90,1.0,3.0,10.305894,15.296403,-4.990509,0,1730,,0,,,,,,,
dance_001,D01_P013_T01,2,60,120,2.0,4.0,9.445327,14.435844,-4.990517,0,1731,,0,,,,,,,
dance_005,D05_P020_T01,1,30,90,1.0,3.0,8.799157,13.799158,-5.000001,0,1732,,0,,,,,,,
dance_010,D10_P006_T01,5,150,210,5.0,7.0,12.639807,17.643839,-5.004032,0,1733,,0,,,,,,,
dance_006,D06_P014_T01,6,180,240,6.0,8.0,8.789498,13.794565,-5.005067,0,1734,,0,,,,,,,
dance_005,D05_P015_T01,2,60,120,2.0,4.0,8.789514,13.799158,-5.009644,0,1735,,0,,,,,,,
dance_011,D11_P005_T01,2,60,120,2.0,4.0,10.941363,15.951577,-5.010214,0,1736,,0,,,,,,,
dance_007,D07_P017_T01,9,270,330,9.0,11.0,7.469419,12.479667,-5.010248,0,1737,,0,,,,,,,
dance_011,D11_P010_T01,3,90,150,3.0,5.0,10.940509,15.951577,-5.011068,0,1738,,0,,,,,,,
dance_012,D12_P018_T01,10,300,360,10.0,12.0,9.291246,14.304425,-5.013179,0,1739,,0,,,,,,,
dance_012,D12_P005_T01,5,150,210,5.0,7.0,9.28894,14.304425,-5.015485,0,1740,,0,,,,,,,
dance_002,D02_P012_T01,9,270,330,9.0,11.0,13.757308,18.773045,-5.015737,0,1741,,0,,,,,,,
dance_004,D04_P016_T01,6,180,240,6.0,8.0,11.28829,16.304395,-5.016105,0,1742,,0,,,,,,,
dance_009,D09_P012_T01,3,90,150,3.0,5.0,14.525845,19.54512,-5.019275,0,1743,,0,,,,,,,
dance_003,D03_P003_T01,9,270,330,9.0,11.0,9.209953,14.232737,-5.022784,0,1744,,0,,,,,,,
dance_012,D12_P012_T01,4,120,180,4.0,6.0,9.273395,14.304425,-5.03103,0,1746,,0,,,,,,,
dance_001,D01_P014_T01,8,240,300,8.0,10.0,9.40175,14.435844,-5.034094,0,1747,,0,,,,,,,
dance_007,D07_P009_T01,4,120,180,4.0,6.0,7.427271,12.479667,-5.052396,0,1748,,0,,,,,,,
dance_006,D06_P008_T01,7,210,270,7.0,9.0,8.741587,13.794565,-5.052978,0,1749,,0,,,,,,,
dance_011,D11_P020_T01,0,0,60,0.0,2.0,10.897077,15.951577,-5.0545,0,1750,,0,,,,,,,
dance_011,D11_P019_T01,3,90,150,3.0,5.0,10.895494,15.951577,-5.056083,0,1751,,0,,,,,,,
dance_003,D03_P012_T01,9,270,330,9.0,11.0,9.176264,14.232737,-5.056473,0,1752,,0,,,,,,,
dance_009,D09_P003_T01,7,210,270,7.0,9.0,14.484843,19.54512,-5.060277,0,1753,,0,,,,,,,
dance_008,D08_P011_T01,11,330,390,11.0,13.0,10.235654,15.296403,-5.060749,0,1755,,0,,,,,,,
dance_001,D01_P001_T01,3,90,150,3.0,5.0,9.371893,14.435844,-5.063951,0,1757,,0,,,,,,,
dance_006,D06_P018_T01,11,330,390,11.0,13.0,8.730493,13.794565,-5.064072,0,1758,,0,,,,,,,
dance_006,D06_P011_T01,8,240,300,8.0,10.0,8.729559,13.794565,-5.065006,0,1759,,0,,,,,,,
dance_003,D03_P014_T01,5,150,210,5.0,7.0,9.166558,14.232737,-5.066179,0,1760,,0,,,,,,,
dance_009,D09_P011_T01,5,150,210,5.0,7.0,14.469899,19.54512,-5.075221,0,1762,,0,,,,,,,
dance_009,D09_P007_T01,7,210,270,7.0,9.0,14.463318,19.54512,-5.081802,0,1763,,0,,,,,,,
dance_008,D08_P019_T01,2,60,120,2.0,4.0,10.210074,15.296403,-5.086329,0,1764,,0,,,,,,,
dance_002,D02_P014_T01,6,180,240,6.0,8.0,13.682655,18.773045,-5.09039,0,1765,,0,,,,,,,
dance_001,D01_P010_T01,4,120,180,4.0,6.0,9.345001,14.435844,-5.090843,0,1766,,0,,,,,,,
dance_008,D08_P007_T01,11,330,390,11.0,13.0,10.205472,15.296403,-5.090931,0,1767,,0,,,,,,,
dance_012,D12_P015_T01,1,30,90,1.0,3.0,9.213137,14.304425,-5.091288,0,1768,,0,,,,,,,
dance_011,D11_P009_T01,12,360,420,12.0,14.0,10.860039,15.951577,-5.091538,0,1769,,0,,,,,,,
dance_009,D09_P004_T01,9,270,330,9.0,11.0,14.452106,19.54512,-5.093014,0,1770,,0,,,,,,,
dance_011,D11_P015_T01,12,360,420,12.0,14.0,10.855239,15.951577,-5.096338,0,1771,,0,,,,,,,
dance_001,D01_P020_T01,4,120,180,4.0,6.0,9.333107,14.435844,-5.102737,0,1772,,0,,,,,,,
dance_008,D08_P011_T01,7,210,270,7.0,9.0,10.192061,15.296403,-5.104342,0,1773,,0,,,,,,,
dance_004,D04_P016_T01,8,240,300,8.0,10.0,11.194195,16.304395,-5.1102,0,1774,,0,,,,,,,
dance_005,D05_P009_T01,5,150,210,5.0,7.0,8.686313,13.799158,-5.112845,0,1775,,0,,,,,,,
dance_005,D05_P003_T01,7,210,270,7.0,9.0,8.682693,13.799158,-5.116465,0,1776,,0,,,,,,,
dance_005,D05_P007_T01,4,120,180,4.0,6.0,8.676235,13.799158,-5.122923,0,1777,,0,,,,,,,
dance_007,D07_P019_T01,10,300,360,10.0,12.0,7.353476,12.479667,-5.126191,0,1778,,0,,,,,,,
dance_003,D03_P017_T01,5,150,210,5.0,7.0,9.100053,14.232737,-5.132684,0,1780,,0,,,,,,,
dance_003,D03_P017_T01,1,30,90,1.0,3.0,9.094089,14.232737,-5.138648,0,1781,,0,,,,,,,
dance_004,D04_P019_T01,2,60,120,2.0,4.0,11.164559,16.304395,-5.139836,0,1782,,0,,,,,,,
dance_006,D06_P020_T01,9,270,330,9.0,11.0,8.646007,13.794565,-5.148558,0,1783,,0,,,,,,,
dance_004,D04_P005_T01,7,210,270,7.0,9.0,11.155284,16.304395,-5.149111,0,1784,,0,,,,,,,
dance_008,D08_P013_T01,9,270,330,9.0,11.0,10.143077,15.296403,-5.153326,0,1785,,0,,,,,,,
dance_012,D12_P017_T01,4,120,180,4.0,6.0,9.148004,14.304425,-5.156421,0,1786,,0,,,,,,,
dance_006,D06_P015_T01,2,60,120,2.0,4.0,8.635163,13.794565,-5.159402,0,1787,,0,,,,,,,
dance_004,D04_P015_T01,3,90,150,3.0,5.0,11.144598,16.304395,-5.159797,0,1788,,0,,,,,,,
dance_012,D12_P017_T01,7,210,270,7.0,9.0,9.141999,14.304425,-5.162426,0,1790,,0,,,,,,,
dance_006,D06_P014_T01,4,120,180,4.0,6.0,8.628127,13.794565,-5.166438,0,1791,,0,,,,,,,
dance_003,D03_P013_T01,9,270,330,9.0,11.0,9.064338,14.232737,-5.168399,0,1792,,0,,,,,,,
dance_001,D01_P008_T01,2,60,120,2.0,4.0,9.267261,14.435844,-5.168583,0,1793,,0,,,,,,,
dance_006,D06_P012_T01,11,330,390,11.0,13.0,8.621867,13.794565,-5.172698,0,1794,,0,,,,,,,
dance_001,D01_P011_T01,3,90,150,3.0,5.0,9.261782,14.435844,-5.174062,0,1795,,0,,,,,,,
dance_001,D01_P019_T01,0,0,60,0.0,2.0,9.256238,14.435844,-5.179606,0,1796,,0,,,,,,,
dance_004,D04_P018_T01,7,210,270,7.0,9.0,11.122597,16.304395,-5.181798,0,1797,,0,,,,,,,
dance_006,D06_P020_T01,4,120,180,4.0,6.0,8.609112,13.794565,-5.185453,0,1798,,0,,,,,,,
dance_008,D08_P015_T01,9,270,330,9.0,11.0,10.098957,15.296403,-5.197446,0,1800,,0,,,,,,,
dance_009,D09_P013_T01,3,90,150,3.0,5.0,14.346163,19.54512,-5.198957,0,1801,,0,,,,,,,
dance_008,D08_P015_T01,12,360,420,12.0,14.0,10.095962,15.296403,-5.200441,0,1802,,0,,,,,,,
dance_008,D08_P003_T01,5,150,210,5.0,7.0,10.087819,15.296403,-5.208584,0,1803,,0,,,,,,,
dance_001,D01_P015_T01,5,150,210,5.0,7.0,9.223442,14.435844,-5.212402,0,1804,,0,,,,,,,
dance_012,D12_P019_T01,2,60,120,2.0,4.0,9.091788,14.304425,-5.212637,0,1805,,0,,,,,,,
dance_003,D03_P020_T01,5,150,210,5.0,7.0,9.018278,14.232737,-5.214459,0,1806,,0,,,,,,,
dance_005,D05_P011_T01,7,210,270,7.0,9.0,8.58346,13.799158,-5.215698,0,1807,,0,,,,,,,
dance_005,D05_P003_T01,4,120,180,4.0,6.0,8.581539,13.799158,-5.217619,0,1808,,0,,,,,,,
dance_003,D03_P017_T01,10,300,360,10.0,12.0,9.011794,14.232737,-5.220943,0,1809,,0,,,,,,,
dance_006,D06_P013_T01,6,180,240,6.0,8.0,8.570034,13.794565,-5.224531,0,1810,,0,,,,,,,
dance_006,D06_P012_T01,12,360,420,12.0,14.0,8.568697,13.794565,-5.225868,0,1811,,0,,,,,,,
dance_008,D08_P020_T01,0,0,60,0.0,2.0,10.067981,15.296403,-5.228422,0,1812,,0,,,,,,,
dance_004,D04_P004_T01,5,150,210,5.0,7.0,11.07399,16.304395,-5.230405,0,1813,,0,,,,,,,
dance_011,D11_P004_T01,11,330,390,11.0,13.0,10.720645,15.951577,-5.230932,0,1814,,0,,,,,,,
dance_010,D10_P016_T01,12,360,420,12.0,14.0,12.412874,17.643839,-5.230965,0,1815,,0,,,,,,,
dance_008,D08_P014_T01,17,510,570,17.0,19.0,10.062286,15.296403,-5.234117,0,1816,,0,,,,,,,
dance_008,D08_P015_T01,2,60,120,2.0,4.0,10.062032,15.296403,-5.234371,0,1817,,0,,,,,,,
dance_012,D12_P017_T01,12,360,420,12.0,14.0,9.064213,14.304425,-5.240212,0,1818,,0,,,,,,,
dance_004,D04_P018_T01,4,120,180,4.0,6.0,11.058967,16.304395,-5.245428,0,1819,,0,,,,,,,
dance_004,D04_P003_T01,8,240,300,8.0,10.0,11.058002,16.304395,-5.246393,0,1820,,0,,,,,,,
dance_011,D11_P020_T01,8,240,300,8.0,10.0,10.696114,15.951577,-5.255463,0,1821,,0,,,,,,,
dance_004,D04_P002_T01,0,0,60,0.0,2.0,11.046292,16.304395,-5.258103,0,1822,,0,,,,,,,
dance_002,D02_P011_T01,8,240,300,8.0,10.0,13.512797,18.773045,-5.260248,0,1824,,0,,,,,,,
dance_003,D03_P015_T01,9,270,330,9.0,11.0,8.971708,14.232737,-5.261029,0,1825,,0,,,,,,,
dance_012,D12_P020_T01,12,360,420,12.0,14.0,9.031282,14.304425,-5.273143,0,1826,,0,,,,,,,
dance_006,D06_P017_T01,6,180,240,6.0,8.0,8.516537,13.794565,-5.278028,0,1827,,0,,,,,,,
dance_011,D11_P003_T01,6,180,240,6.0,8.0,10.668868,15.951577,-5.282709,0,1828,,0,,,,,,,
dance_002,D02_P017_T01,6,180,240,6.0,8.0,13.485418,18.773045,-5.287627,0,1830,,0,,,,,,,
dance_011,D11_P017_T01,8,240,300,8.0,10.0,10.660729,15.951577,-5.290848,0,1831,,0,,,,,,,
dance_004,D04_P006_T01,1,30,90,1.0,3.0,11.012367,16.304395,-5.292028,0,1832,,0,,,,,,,
dance_007,D07_P003_T01,9,270,330,9.0,11.0,7.186884,12.479667,-5.292783,0,1833,,0,,,,,,,
dance_009,D09_P013_T01,8,240,300,8.0,10.0,14.249896,19.54512,-5.295224,0,1836,,0,,,,,,,
dance_004,D04_P007_T01,8,240,300,8.0,10.0,11.006693,16.304395,-5.297702,0,1837,,0,,,,,,,
dance_011,D11_P017_T01,7,210,270,7.0,9.0,10.652891,15.951577,-5.298686,0,1838,,0,,,,,,,
dance_008,D08_P003_T01,13,390,450,13.0,15.0,9.997665,15.296403,-5.298738,0,1839,,0,,,,,,,
dance_008,D08_P016_T01,6,180,240,6.0,8.0,9.997115,15.296403,-5.299288,0,1840,,0,,,,,,,
dance_002,D02_P016_T01,1,30,90,1.0,3.0,13.470144,18.773045,-5.302901,0,1841,,0,,,,,,,
dance_001,D01_P018_T01,2,60,120,2.0,4.0,9.132492,14.435844,-5.303352,0,1842,,0,,,,,,,
dance_001,D01_P013_T01,7,210,270,7.0,9.0,9.132223,14.435844,-5.303621,0,1843,,0,,,,,,,
dance_002,D02_P004_T01,9,270,330,9.0,11.0,13.465791,18.773045,-5.307254,0,1844,,0,,,,,,,
dance_001,D01_P009_T01,8,240,300,8.0,10.0,9.122263,14.435844,-5.313581,0,1846,,0,,,,,,,
dance_012,D12_P014_T01,4,120,180,4.0,6.0,8.988614,14.304425,-5.315811,0,1848,,0,,,,,,,
dance_009,D09_P020_T01,6,180,240,6.0,8.0,14.22648,19.54512,-5.31864,0,1849,,0,,,,,,,
dance_004,D04_P009_T01,4,120,180,4.0,6.0,10.98496,16.304395,-5.319435,0,1850,,0,,,,,,,
dance_005,D05_P002_T01,8,240,300,8.0,10.0,8.479223,13.799158,-5.319935,0,1851,,0,,,,,,,
dance_012,D12_P005_T01,1,30,90,1.0,3.0,8.981808,14.304425,-5.322617,0,1852,,0,,,,,,,
dance_003,D03_P014_T01,2,60,120,2.0,4.0,8.909668,14.232737,-5.323069,0,1853,,0,,,,,,,
dance_001,D01_P005_T01,4,120,180,4.0,6.0,9.112071,14.435844,-5.323773,0,1854,,0,,,,,,,
dance_006,D06_P004_T01,10,300,360,10.0,12.0,8.470106,13.794565,-5.324459,0,1855,,0,,,,,,,
dance_006,D06_P005_T01,6,180,240,6.0,8.0,8.46904,13.794565,-5.325525,0,1856,,0,,,,,,,
dance_009,D09_P007_T01,6,180,240,6.0,8.0,14.218168,19.54512,-5.326952,0,1857,,0,,,,,,,
dance_011,D11_P019_T01,2,60,120,2.0,4.0,10.621146,15.951577,-5.330431,0,1858,,0,,,,,,,
dance_009,D09_P009_T01,7,210,270,7.0,9.0,14.214578,19.54512,-5.330542,0,1859,,0,,,,,,,
dance_012,D12_P003_T01,9,270,330,9.0,11.0,8.973758,14.304425,-5.330667,0,1860,,0,,,,,,,
dance_008,D08_P018_T01,4,120,180,4.0,6.0,9.964883,15.296403,-5.33152,0,1861,,0,,,,,,,
dance_011,D11_P013_T01,14,420,480,14.0,16.0,10.619538,15.951577,-5.332039,0,1862,,0,,,,,,,
dance_005,D05_P005_T01,2,60,120,2.0,4.0,8.464313,13.799158,-5.334845,0,1865,,0,,,,,,,
dance_010,D10_P015_T01,12,360,420,12.0,14.0,12.307636,17.643839,-5.336203,0,1866,,0,,,,,,,
dance_004,D04_P004_T01,3,90,150,3.0,5.0,10.963834,16.304395,-5.340561,0,1867,,0,,,,,,,
dance_004,D04_P008_T01,3,90,150,3.0,5.0,10.959073,16.304395,-5.345322,0,1868,,0,,,,,,,
dance_008,D08_P019_T01,8,240,300,8.0,10.0,9.950135,15.296403,-5.346268,0,1869,,0,,,,,,,
dance_008,D08_P018_T01,3,90,150,3.0,5.0,9.949698,15.296403,-5.346705,0,1870,,0,,,,,,,
dance_003,D03_P006_T01,4,120,180,4.0,6.0,8.885285,14.232737,-5.347452,0,1871,,0,,,,,,,
dance_002,D02_P017_T01,3,90,150,3.0,5.0,13.416536,18.773045,-5.356509,0,1873,,0,,,,,,,
dance_006,D06_P004_T01,11,330,390,11.0,13.0,8.437442,13.794565,-5.357123,0,1874,,0,,,,,,,
dance_005,D05_P012_T01,8,240,300,8.0,10.0,8.438737,13.799158,-5.360421,0,1875,,0,,,,,,,
dance_003,D03_P006_T01,11,330,390,11.0,13.0,8.870368,14.232737,-5.362369,0,1876,,0,,,,,,,
dance_008,D08_P010_T01,9,270,330,9.0,11.0,9.931871,15.296403,-5.364532,0,1877,,0,,,,,,,
dance_002,D02_P019_T01,6,180,240,6.0,8.0,13.40576,18.773045,-5.367285,0,1878,,0,,,,,,,
dance_010,D10_P015_T01,8,240,300,8.0,10.0,12.274508,17.643839,-5.369331,0,1879,,0,,,,,,,
dance_008,D08_P002_T01,6,180,240,6.0,8.0,9.924128,15.296403,-5.372275,0,1880,,0,,,,,,,
dance_005,D05_P004_T01,3,90,150,3.0,5.0,8.426323,13.799158,-5.372835,0,1881,,0,,,,,,,
dance_003,D03_P014_T01,11,330,390,11.0,13.0,8.859624,14.232737,-5.373113,0,1882,,0,,,,,,,
dance_008,D08_P011_T01,1,30,90,1.0,3.0,9.922642,15.296403,-5.373761,0,1883,,0,,,,,,,
dance_002,D02_P017_T01,7,210,270,7.0,9.0,13.397781,18.773045,-5.375264,0,1884,,0,,,,,,,
dance_011,D11_P003_T01,11,330,390,11.0,13.0,10.575158,15.951577,-5.376419,0,1885,,0,,,,,,,
dance_002,D02_P005_T01,0,0,60,0.0,2.0,13.394005,18.773045,-5.37904,0,1886,,0,,,,,,,
dance_012,D12_P013_T01,5,150,210,5.0,7.0,8.924678,14.304425,-5.379747,0,1887,,0,,,,,,,
dance_006,D06_P018_T01,12,360,420,12.0,14.0,8.413928,13.794565,-5.380637,0,1888,,0,,,,,,,
dance_003,D03_P016_T01,4,120,180,4.0,6.0,8.851302,14.232737,-5.381435,0,1889,,0,,,,,,,
dance_004,D04_P016_T01,5,150,210,5.0,7.0,10.922009,16.304395,-5.382386,0,1890,,0,,,,,,,
dance_002,D02_P008_T01,1,30,90,1.0,3.0,13.389807,18.773045,-5.383238,0,1891,,0,,,,,,,
dance_005,D05_P015_T01,1,30,90,1.0,3.0,8.413453,13.799158,-5.385705,0,1892,,0,,,,,,,
dance_008,D08_P012_T01,17,510,570,17.0,19.0,9.906337,15.296403,-5.390066,0,1893,,0,,,,,,,
dance_010,D10_P015_T01,4,120,180,4.0,6.0,12.252372,17.643839,-5.391467,0,1894,,0,,,,,,,
dance_011,D11_P018_T01,12,360,420,12.0,14.0,10.555973,15.951577,-5.395604,0,1895,,0,,,,,,,
dance_008,D08_P015_T01,3,90,150,3.0,5.0,9.900713,15.296403,-5.39569,0,1896,,0,,,,,,,
dance_007,D07_P010_T01,8,240,300,8.0,10.0,7.073402,12.479667,-5.406265,0,1898,,0,,,,,,,
dance_004,D04_P010_T01,6,180,240,6.0,8.0,10.891989,16.304395,-5.412406,0,1899,,0,,,,,,,
dance_011,D11_P003_T01,9,270,330,9.0,11.0,10.538794,15.951577,-5.412783,0,1900,,0,,,,,,,
dance_001,D01_P014_T01,4,120,180,4.0,6.0,9.022612,14.435844,-5.413232,0,1901,,0,,,,,,,
dance_004,D04_P005_T01,4,120,180,4.0,6.0,10.879879,16.304395,-5.424516,0,1902,,0,,,,,,,
dance_012,D12_P019_T01,4,120,180,4.0,6.0,8.87878,14.304425,-5.425645,0,1903,,0,,,,,,,
dance_011,D11_P020_T01,5,150,210,5.0,7.0,10.52463,15.951577,-5.426947,0,1904,,0,,,,,,,
dance_011,D11_P012_T01,3,90,150,3.0,5.0,10.524149,15.951577,-5.427428,0,1905,,0,,,,,,,
dance_001,D01_P009_T01,7,210,270,7.0,9.0,9.005421,14.435844,-5.430423,0,1906,,0,,,,,,,
dance_004,D04_P016_T01,7,210,270,7.0,9.0,10.870124,16.304395,-5.434271,0,1907,,0,,,,,,,
dance_001,D01_P005_T01,1,30,90,1.0,3.0,8.999077,14.435844,-5.436767,0,1908,,0,,,,,,,
dance_009,D09_P013_T01,6,180,240,6.0,8.0,14.108196,19.54512,-5.436924,0,1909,,0,,,,,,,
dance_006,D06_P016_T01,7,210,270,7.0,9.0,8.355946,13.794565,-5.438619,0,1910,,0,,,,,,,
dance_011,D11_P006_T01,8,240,300,8.0,10.0,10.510793,15.951577,-5.440784,0,1911,,0,,,,,,,
dance_010,D10_P015_T01,7,210,270,7.0,9.0,12.201613,17.643839,-5.442226,0,1912,,0,,,,,,,
dance_007,D07_P015_T01,10,300,360,10.0,12.0,7.037423,12.479667,-5.442244,0,1913,,0,,,,,,,
dance_009,D09_P003_T01,5,150,210,5.0,7.0,14.102653,19.54512,-5.442467,0,1914,,0,,,,,,,
dance_001,D01_P014_T01,1,30,90,1.0,3.0,8.989447,14.435844,-5.446397,0,1916,,0,,,,,,,
dance_008,D08_P013_T01,11,330,390,11.0,13.0,9.84457,15.296403,-5.451833,0,1917,,0,,,,,,,
dance_008,D08_P002_T01,3,90,150,3.0,5.0,9.839798,15.296403,-5.456605,0,1918,,0,,,,,,,
dance_007,D07_P019_T01,8,240,300,8.0,10.0,7.008793,12.479667,-5.470874,0,1920,,0,,,,,,,
dance_006,D06_P005_T01,3,90,150,3.0,5.0,8.322329,13.794565,-5.472236,0,1921,,0,,,,,,,
dance_008,D08_P014_T01,10,300,360,10.0,12.0,9.823668,15.296403,-5.472735,0,1922,,0,,,,,,,
dance_008,D08_P017_T01,13,390,450,13.0,15.0,9.819926,15.296403,-5.476477,0,1923,,0,,,,,,,
dance_007,D07_P015_T01,7,210,270,7.0,9.0,7.002539,12.479667,-5.477128,0,1924,,0,,,,,,,
dance_010,D10_P013_T01,10,300,360,10.0,12.0,12.161668,17.643839,-5.482171,0,1925,,0,,,,,,,
dance_003,D03_P013_T01,1,30,90,1.0,3.0,8.749659,14.232737,-5.483078,0,1926,,0,,,,,,,
dance_006,D06_P020_T01,11,330,390,11.0,13.0,8.310167,13.794565,-5.484398,0,1927,,0,,,,,,,
dance_005,D05_P006_T01,0,0,60,0.0,2.0,8.311863,13.799158,-5.487295,0,1928,,0,,,,,,,
dance_009,D09_P019_T01,10,300,360,10.0,12.0,14.056637,19.54512,-5.488483,0,1929,,0,,,,,,,
dance_008,D08_P013_T01,15,450,510,15.0,17.0,9.807082,15.296403,-5.489321,0,1930,,0,,,,,,,
dance_007,D07_P019_T01,0,0,60,0.0,2.0,6.988507,12.479667,-5.49116,0,1931,,0,,,,,,,
dance_004,D04_P002_T01,6,180,240,6.0,8.0,10.811668,16.304395,-5.492727,0,1932,,0,,,,,,,
dance_011,D11_P008_T01,5,150,210,5.0,7.0,10.457636,15.951577,-5.493941,0,1933,,0,,,,,,,
dance_006,D06_P006_T01,9,270,330,9.0,11.0,8.299375,13.794565,-5.49519,0,1934,,0,,,,,,,
dance_012,D12_P011_T01,5,150,210,5.0,7.0,8.804156,14.304425,-5.500269,0,1935,,0,,,,,,,
dance_004,D04_P009_T01,8,240,300,8.0,10.0,10.803523,16.304395,-5.500872,0,1936,,0,,,,,,,
dance_012,D12_P011_T01,1,30,90,1.0,3.0,8.798872,14.304425,-5.505553,0,1937,,0,,,,,,,
dance_009,D09_P018_T01,7,210,270,7.0,9.0,14.028659,19.54512,-5.516461,0,1938,,0,,,,,,,
dance_011,D11_P005_T01,0,0,60,0.0,2.0,10.431091,15.951577,-5.520486,0,1940,,0,,,,,,,
dance_004,D04_P005_T01,6,180,240,6.0,8.0,10.783065,16.304395,-5.52133,0,1941,,0,,,,,,,
dance_009,D09_P002_T01,8,240,300,8.0,10.0,14.022773,19.54512,-5.522347,0,1942,,0,,,,,,,
dance_012,D12_P011_T01,10,300,360,10.0,12.0,8.780799,14.304425,-5.523626,0,1943,,0,,,,,,,
dance_011,D11_P016_T01,5,150,210,5.0,7.0,10.422424,15.951577,-5.529153,0,1944,,0,,,,,,,
dance_006,D06_P012_T01,6,180,240,6.0,8.0,8.264395,13.794565,-5.53017,0,1945,,0,,,,,,,
dance_005,D05_P012_T01,4,120,180,4.0,6.0,8.266397,13.799158,-5.532761,0,1946,,0,,,,,,,
dance_011,D11_P014_T01,4,120,180,4.0,6.0,10.417722,15.951577,-5.533855,0,1947,,0,,,,,,,
dance_010,D10_P005_T01,2,60,120,2.0,4.0,12.109275,17.643839,-5.534564,0,1948,,0,,,,,,,
dance_011,D11_P002_T01,0,0,60,0.0,2.0,10.411771,15.951577,-5.539806,0,1949,,0,,,,,,,
dance_012,D12_P015_T01,12,360,420,12.0,14.0,8.76379,14.304425,-5.540635,0,1950,,0,,,,,,,
dance_008,D08_P003_T01,14,420,480,14.0,16.0,9.752012,15.296403,-5.544391,0,1951,,0,,,,,,,
dance_012,D12_P014_T01,5,150,210,5.0,7.0,8.759173,14.304425,-5.545252,0,1952,,0,,,,,,,
dance_011,D11_P007_T01,7,210,270,7.0,9.0,10.405789,15.951577,-5.545788,0,1953,,0,,,,,,,
dance_003,D03_P007_T01,10,300,360,10.0,12.0,8.683798,14.232737,-5.548939,0,1954,,0,,,,,,,
dance_009,D09_P016_T01,0,0,60,0.0,2.0,13.995526,19.54512,-5.549594,0,1955,,0,,,,,,,
dance_011,D11_P018_T01,7,210,270,7.0,9.0,10.400062,15.951577,-5.551515,0,1956,,0,,,,,,,
dance_002,D02_P016_T01,3,90,150,3.0,5.0,13.215518,18.773045,-5.557527,0,1957,,0,,,,,,,
dance_009,D09_P014_T01,5,150,210,5.0,7.0,13.98471,19.54512,-5.56041,0,1958,,0,,,,,,,
dance_008,D08_P013_T01,10,300,360,10.0,12.0,9.734651,15.296403,-5.561752,0,1959,,0,,,,,,,
dance_012,D12_P004_T01,10,300,360,10.0,12.0,8.741691,14.304425,-5.562734,0,1960,,0,,,,,,,
dance_003,D03_P014_T01,0,0,60,0.0,2.0,8.666179,14.232737,-5.566558,0,1961,,0,,,,,,,
dance_004,D04_P011_T01,5,150,210,5.0,7.0,10.736241,16.304395,-5.568154,0,1962,,0,,,,,,,
dance_011,D11_P020_T01,2,60,120,2.0,4.0,10.369602,15.951577,-5.581975,0,1963,,0,,,,,,,
dance_001,D01_P020_T01,6,180,240,6.0,8.0,8.850216,14.435844,-5.585628,0,1964,,0,,,,,,,
dance_005,D05_P015_T01,5,150,210,5.0,7.0,8.211734,13.799158,-5.587424,0,1965,,0,,,,,,,
dance_010,D10_P003_T01,9,270,330,9.0,11.0,12.055111,17.643839,-5.588728,0,1966,,0,,,,,,,
dance_012,D12_P020_T01,6,180,240,6.0,8.0,8.713475,14.304425,-5.59095,0,1967,,0,,,,,,,
dance_008,D08_P004_T01,16,480,540,16.0,18.0,9.701952,15.296403,-5.594451,0,1968,,0,,,,,,,
dance_012,D12_P006_T01,2,60,120,2.0,4.0,8.706708,14.304425,-5.597717,0,1969,,0,,,,,,,
dance_001,D01_P018_T01,4,120,180,4.0,6.0,8.836555,14.435844,-5.599289,0,1970,,0,,,,,,,
dance_005,D05_P020_T01,2,60,120,2.0,4.0,8.197545,13.799158,-5.601613,0,1971,,0,,,,,,,
dance_010,D10_P014_T01,7,210,270,7.0,9.0,12.04155,17.643839,-5.602289,0,1972,,0,,,,,,,
dance_002,D02_P011_T01,6,180,240,6.0,8.0,13.16856,18.773045,-5.604485,0,1973,,0,,,,,,,
dance_011,D11_P012_T01,2,60,120,2.0,4.0,10.341268,15.951577,-5.610309,0,1974,,0,,,,,,,
dance_007,D07_P020_T01,1,30,90,1.0,3.0,6.867543,12.479667,-5.612124,0,1975,,0,,,,,,,
dance_011,D11_P015_T01,6,180,240,6.0,8.0,10.338723,15.951577,-5.612854,0,1976,,0,,,,,,,
dance_008,D08_P018_T01,8,240,300,8.0,10.0,9.683274,15.296403,-5.613129,0,1977,,0,,,,,,,
dance_001,D01_P013_T01,4,120,180,4.0,6.0,8.821808,14.435844,-5.614036,0,1978,,0,,,,,,,
dance_008,D08_P020_T01,17,510,570,17.0,19.0,9.671501,15.296403,-5.624902,0,1979,,0,,,,,,,
dance_004,D04_P003_T01,9,270,330,9.0,11.0,10.676816,16.304395,-5.627579,0,1980,,0,,,,,,,
dance_008,D08_P008_T01,17,510,570,17.0,19.0,9.668291,15.296403,-5.628112,0,1981,,0,,,,,,,
dance_009,D09_P018_T01,2,60,120,2.0,4.0,13.915233,19.54512,-5.629887,0,1982,,0,,,,,,,
dance_005,D05_P007_T01,2,60,120,2.0,4.0,8.166976,13.799158,-5.632182,0,1983,,0,,,,,,,
dance_002,D02_P009_T01,5,150,210,5.0,7.0,13.140001,18.773045,-5.633044,0,1984,,0,,,,,,,
dance_001,D01_P001_T01,4,120,180,4.0,6.0,8.802536,14.435844,-5.633308,0,1985,,0,,,,,,,
dance_008,D08_P012_T01,16,480,540,16.0,18.0,9.661771,15.296403,-5.634632,0,1986,,0,,,,,,,
dance_012,D12_P007_T01,5,150,210,5.0,7.0,8.667164,14.304425,-5.637261,0,1987,,0,,,,,,,
dance_002,D02_P009_T01,4,120,180,4.0,6.0,13.128652,18.773045,-5.644393,0,1988,,0,,,,,,,
dance_005,D05_P011_T01,3,90,150,3.0,5.0,8.146809,13.799158,-5.652349,0,1989,,0,,,,,,,
dance_001,D01_P006_T01,2,60,120,2.0,4.0,8.78342,14.435844,-5.652424,0,1990,,0,,,,,,,
dance_002,D02_P011_T01,5,150,210,5.0,7.0,13.120477,18.773045,-5.652568,0,1991,,0,,,,,,,
dance_003,D03_P015_T01,3,90,150,3.0,5.0,8.5798,14.232737,-5.652937,0,1992,,0,,,,,,,
dance_012,D12_P014_T01,1,30,90,1.0,3.0,8.648281,14.304425,-5.656144,0,1993,,0,,,,,,,
dance_012,D12_P009_T01,4,120,180,4.0,6.0,8.64744,14.304425,-5.656985,0,1994,,0,,,,,,,
dance_008,D08_P015_T01,10,300,360,10.0,12.0,9.637334,15.296403,-5.659069,0,1995,,0,,,,,,,
dance_004,D04_P020_T01,7,210,270,7.0,9.0,10.64359,16.304395,-5.660805,0,1996,,0,,,,,,,
dance_012,D12_P012_T01,1,30,90,1.0,3.0,8.641076,14.304425,-5.663349,0,1997,,0,,,,,,,
dance_002,D02_P019_T01,0,0,60,0.0,2.0,13.102003,18.773045,-5.671042,0,1998,,0,,,,,,,
dance_012,D12_P011_T01,7,210,270,7.0,9.0,8.629793,14.304425,-5.674632,0,1999,,0,,,,,,,
dance_008,D08_P010_T01,10,300,360,10.0,12.0,9.620566,15.296403,-5.675837,0,2000,,0,,,,,,,
dance_012,D12_P011_T01,6,180,240,6.0,8.0,8.627783,14.304425,-5.676642,0,2001,,0,,,,,,,
dance_002,D02_P016_T01,7,210,270,7.0,9.0,13.09169,18.773045,-5.681355,0,2003,,0,,,,,,,
dance_004,D04_P010_T01,7,210,270,7.0,9.0,10.620966,16.304395,-5.683429,0,2004,,0,,,,,,,
dance_006,D06_P015_T01,1,30,90,1.0,3.0,8.107659,13.794565,-5.686906,0,2005,,0,,,,,,,
dance_004,D04_P014_T01,1,30,90,1.0,3.0,10.614555,16.304395,-5.68984,0,2006,,0,,,,,,,
dance_010,D10_P005_T01,0,0,60,0.0,2.0,11.94724,17.643839,-5.696599,0,2007,,0,,,,,,,
dance_008,D08_P016_T01,4,120,180,4.0,6.0,9.594127,15.296403,-5.702276,0,2008,,0,,,,,,,
dance_001,D01_P010_T01,0,0,60,0.0,2.0,8.730689,14.435844,-5.705155,0,2009,,0,,,,,,,
dance_009,D09_P019_T01,4,120,180,4.0,6.0,13.836528,19.54512,-5.708592,0,2010,,0,,,,,,,
dance_009,D09_P006_T01,0,0,60,0.0,2.0,13.836233,19.54512,-5.708887,0,2011,,0,,,,,,,
dance_004,D04_P009_T01,0,0,60,0.0,2.0,10.590169,16.304395,-5.714226,0,2012,,0,,,,,,,
dance_007,D07_P019_T01,7,210,270,7.0,9.0,6.762569,12.479667,-5.717098,0,2013,,0,,,,,,,
dance_011,D11_P014_T01,2,60,120,2.0,4.0,10.23436,15.951577,-5.717217,0,2014,,0,,,,,,,
dance_012,D12_P014_T01,3,90,150,3.0,5.0,8.578152,14.304425,-5.726273,0,2015,,0,,,,,,,
dance_004,D04_P013_T01,10,300,360,10.0,12.0,10.575317,16.304395,-5.729078,0,2016,,0,,,,,,,
dance_011,D11_P004_T01,7,210,270,7.0,9.0,10.218616,15.951577,-5.732961,0,2017,,0,,,,,,,
dance_006,D06_P018_T01,2,60,120,2.0,4.0,8.060249,13.794565,-5.734316,0,2018,,0,,,,,,,
dance_003,D03_P017_T01,4,120,180,4.0,6.0,8.497666,14.232737,-5.735071,0,2019,,0,,,,,,,
dance_007,D07_P020_T01,9,270,330,9.0,11.0,6.729447,12.479667,-5.75022,0,2021,,0,,,,,,,
dance_011,D11_P019_T01,4,120,180,4.0,6.0,10.19509,15.951577,-5.756487,0,2022,,0,,,,,,,
dance_010,D10_P003_T01,6,180,240,6.0,8.0,11.887326,17.643839,-5.756513,0,2023,,0,,,,,,,
dance_011,D11_P003_T01,5,150,210,5.0,7.0,10.193019,15.951577,-5.758558,0,2024,,0,,,,,,,
dance_011,D11_P010_T01,7,210,270,7.0,9.0,10.192954,15.951577,-5.758623,0,2025,,0,,,,,,,
dance_008,D08_P002_T01,13,390,450,13.0,15.0,9.534781,15.296403,-5.761622,0,2027,,0,,,,,,,
dance_004,D04_P019_T01,7,210,270,7.0,9.0,10.537032,16.304395,-5.767363,0,2028,,0,,,,,,,
dance_009,D09_P007_T01,3,90,150,3.0,5.0,13.776499,19.54512,-5.768621,0,2029,,0,,,,,,,
dance_003,D03_P011_T01,3,90,150,3.0,5.0,8.462458,14.232737,-5.770279,0,2030,,0,,,,,,,
dance_005,D05_P006_T01,4,120,180,4.0,6.0,8.026196,13.799158,-5.772962,0,2031,,0,,,,,,,
dance_010,D10_P020_T01,0,0,60,0.0,2.0,11.865115,17.643839,-5.778724,0,2032,,0,,,,,,,
dance_009,D09_P009_T01,0,0,60,0.0,2.0,13.763591,19.54512,-5.781529,0,2033,,0,,,,,,,
dance_011,D11_P014_T01,6,180,240,6.0,8.0,10.165344,15.951577,-5.786233,0,2034,,0,,,,,,,
dance_003,D03_P020_T01,10,300,360,10.0,12.0,8.445062,14.232737,-5.787675,0,2035,,0,,,,,,,
dance_011,D11_P018_T01,15,450,510,15.0,17.0,10.162096,15.951577,-5.789481,0,2036,,0,,,,,,,
dance_008,D08_P002_T01,0,0,60,0.0,2.0,9.506472,15.296403,-5.789931,0,2037,,0,,,,,,,
dance_011,D11_P014_T01,5,150,210,5.0,7.0,10.161347,15.951577,-5.79023,0,2038,,0,,,,,,,
dance_001,D01_P017_T01,4,120,180,4.0,6.0,8.641007,14.435844,-5.794837,0,2039,,0,,,,,,,
dance_007,D07_P009_T01,6,180,240,6.0,8.0,6.684026,12.479667,-5.795641,0,2040,,0,,,,,,,
dance_001,D01_P014_T01,7,210,270,7.0,9.0,8.637753,14.435844,-5.798091,0,2041,,0,,,,,,,
dance_012,D12_P006_T01,5,150,210,5.0,7.0,8.503309,14.304425,-5.801116,0,2042,,0,,,,,,,
dance_012,D12_P020_T01,10,300,360,10.0,12.0,8.499468,14.304425,-5.804957,0,2043,,0,,,,,,,
dance_010,D10_P006_T01,7,210,270,7.0,9.0,11.831955,17.643839,-5.811884,0,2044,,0,,,,,,,
dance_012,D12_P019_T01,1,30,90,1.0,3.0,8.48987,14.304425,-5.814555,0,2045,,0,,,,,,,
dance_003,D03_P003_T01,4,120,180,4.0,6.0,8.416397,14.232737,-5.81634,0,2046,,0,,,,,,,
dance_004,D04_P013_T01,6,180,240,6.0,8.0,10.487282,16.304395,-5.817113,0,2047,,0,,,,,,,
dance_003,D03_P011_T01,7,210,270,7.0,9.0,8.413179,14.232737,-5.819558,0,2048,,0,,,,,,,
dance_005,D05_P003_T01,3,90,150,3.0,5.0,7.979235,13.799158,-5.819923,0,2049,,0,,,,,,,
dance_005,D05_P004_T01,1,30,90,1.0,3.0,7.971682,13.799158,-5.827476,0,2050,,0,,,,,,,
dance_008,D08_P015_T01,14,420,480,14.0,16.0,9.464857,15.296403,-5.831546,0,2051,,0,,,,,,,
dance_012,D12_P019_T01,6,180,240,6.0,8.0,8.470212,14.304425,-5.834213,0,2052,,0,,,,,,,
dance_004,D04_P002_T01,2,60,120,2.0,4.0,10.469609,16.304395,-5.834786,0,2053,,0,,,,,,,
dance_005,D05_P019_T01,2,60,120,2.0,4.0,7.941678,13.799158,-5.85748,0,2055,,0,,,,,,,
dance_012,D12_P020_T01,1,30,90,1.0,3.0,8.441817,14.304425,-5.862608,0,2056,,0,,,,,,,
dance_012,D12_P018_T01,9,270,330,9.0,11.0,8.441495,14.304425,-5.86293,0,2057,,0,,,,,,,
dance_003,D03_P015_T01,4,120,180,4.0,6.0,8.364797,14.232737,-5.86794,0,2059,,0,,,,,,,
dance_008,D08_P012_T01,3,90,150,3.0,5.0,9.427265,15.296403,-5.869138,0,2060,,0,,,,,,,
dance_002,D02_P004_T01,3,90,150,3.0,5.0,12.90369,18.773045,-5.869355,0,2061,,0,,,,,,,
dance_006,D06_P019_T01,6,180,240,6.0,8.0,7.924608,13.794565,-5.869957,0,2062,,0,,,,,,,
dance_003,D03_P003_T01,3,90,150,3.0,5.0,8.354814,14.232737,-5.877923,0,2064,,0,,,,,,,
dance_012,D12_P019_T01,3,90,150,3.0,5.0,8.42547,14.304425,-5.878955,0,2065,,0,,,,,,,
dance_006,D06_P006_T01,5,150,210,5.0,7.0,7.913649,13.794565,-5.880916,0,2066,,0,,,,,,,
dance_011,D11_P012_T01,0,0,60,0.0,2.0,10.067633,15.951577,-5.883944,0,2067,,0,,,,,,,
dance_003,D03_P013_T01,3,90,150,3.0,5.0,8.346086,14.232737,-5.886651,0,2068,,0,,,,,,,
dance_011,D11_P009_T01,7,210,270,7.0,9.0,10.064865,15.951577,-5.886712,0,2069,,0,,,,,,,
dance_008,D08_P014_T01,9,270,330,9.0,11.0,9.407527,15.296403,-5.888876,0,2070,,0,,,,,,,
dance_002,D02_P002_T01,4,120,180,4.0,6.0,12.879502,18.773045,-5.893543,0,2072,,0,,,,,,,
dance_001,D01_P008_T01,0,0,60,0.0,2.0,8.541891,14.435844,-5.893953,0,2073,,0,,,,,,,
dance_010,D10_P008_T01,12,360,420,12.0,14.0,11.747104,17.643839,-5.896735,0,2074,,0,,,,,,,
dance_004,D04_P010_T01,8,240,300,8.0,10.0,10.397235,16.304395,-5.90716,0,2075,,0,,,,,,,
dance_003,D03_P017_T01,9,270,330,9.0,11.0,8.324433,14.232737,-5.908304,0,2076,,0,,,,,,,
dance_004,D04_P003_T01,6,180,240,6.0,8.0,10.393362,16.304395,-5.911033,0,2077,,0,,,,,,,
dance_012,D12_P015_T01,5,150,210,5.0,7.0,8.391508,14.304425,-5.912917,0,2078,,0,,,,,,,
dance_002,D02_P012_T01,7,210,270,7.0,9.0,12.858305,18.773045,-5.91474,0,2079,,0,,,,,,,
dance_003,D03_P003_T01,2,60,120,2.0,4.0,8.314843,14.232737,-5.917894,0,2080,,0,,,,,,,
dance_011,D11_P008_T01,11,330,390,11.0,13.0,10.030111,15.951577,-5.921466,0,2081,,0,,,,,,,
dance_009,D09_P020_T01,3,90,150,3.0,5.0,13.620765,19.54512,-5.924355,0,2082,,0,,,,,,,
dance_004,D04_P012_T01,2,60,120,2.0,4.0,10.378806,16.304395,-5.925589,0,2083,,0,,,,,,,
dance_010,D10_P016_T01,3,90,150,3.0,5.0,11.71806,17.643839,-5.925779,0,2084,,0,,,,,,,
dance_006,D06_P006_T01,8,240,300,8.0,10.0,7.865452,13.794565,-5.929113,0,2085,,0,,,,,,,
dance_005,D05_P005_T01,1,30,90,1.0,3.0,7.861922,13.799158,-5.937236,0,2086,,0,,,,,,,
dance_011,D11_P009_T01,1,30,90,1.0,3.0,10.012149,15.951577,-5.939428,0,2087,,0,,,,,,,
dance_008,D08_P011_T01,0,0,60,0.0,2.0,9.355593,15.296403,-5.94081,0,2088,,0,,,,,,,
dance_012,D12_P013_T01,4,120,180,4.0,6.0,8.355046,14.304425,-5.949379,0,2089,,0,,,,,,,
dance_004,D04_P005_T01,5,150,210,5.0,7.0,10.35094,16.304395,-5.953455,0,2090,,0,,,,,,,
dance_004,D04_P006_T01,2,60,120,2.0,4.0,10.350393,16.304395,-5.954002,0,2091,,0,,,,,,,
dance_003,D03_P012_T01,10,300,360,10.0,12.0,8.276488,14.232737,-5.956249,0,2092,,0,,,,,,,
dance_005,D05_P015_T01,4,120,180,4.0,6.0,7.833093,13.799158,-5.966065,0,2093,,0,,,,,,,
dance_004,D04_P015_T01,5,150,210,5.0,7.0,10.337452,16.304395,-5.966943,0,2094,,0,,,,,,,
dance_004,D04_P003_T01,1,30,90,1.0,3.0,10.337335,16.304395,-5.96706,0,2095,,0,,,,,,,
dance_007,D07_P020_T01,8,240,300,8.0,10.0,6.50944,12.479667,-5.970227,0,2096,,0,,,,,,,
dance_008,D08_P010_T01,4,120,180,4.0,6.0,9.324022,15.296403,-5.972381,0,2097,,0,,,,,,,
dance_011,D11_P018_T01,2,60,120,2.0,4.0,9.978865,15.951577,-5.972712,0,2098,,0,,,,,,,
dance_004,D04_P019_T01,0,0,60,0.0,2.0,10.33109,16.304395,-5.973305,0,2099,,0,,,,,,,
dance_005,D05_P020_T01,5,150,210,5.0,7.0,7.825844,13.799158,-5.973314,0,2100,,0,,,,,,,
dance_012,D12_P003_T01,8,240,300,8.0,10.0,8.330114,14.304425,-5.974311,0,2101,,0,,,,,,,
dance_003,D03_P011_T01,8,240,300,8.0,10.0,8.255721,14.232737,-5.977016,0,2102,,0,,,,,,,
dance_011,D11_P009_T01,9,270,330,9.0,11.0,9.971364,15.951577,-5.980213,0,2103,,0,,,,,,,
dance_008,D08_P015_T01,15,450,510,15.0,17.0,9.31297,15.296403,-5.983433,0,2104,,0,,,,,,,
dance_009,D09_P017_T01,5,150,210,5.0,7.0,13.556176,19.54512,-5.988944,0,2105,,0,,,,,,,
dance_001,D01_P006_T01,1,30,90,1.0,3.0,8.441807,14.435844,-5.994037,0,2106,,0,,,,,,,
dance_002,D02_P017_T01,2,60,120,2.0,4.0,12.778859,18.773045,-5.994186,0,2107,,0,,,,,,,
dance_006,D06_P020_T01,6,180,240,6.0,8.0,7.794436,13.794565,-6.000129,0,2108,,0,,,,,,,
dance_004,D04_P008_T01,1,30,90,1.0,3.0,10.294582,16.304395,-6.009813,0,2110,,0,,,,,,,
dance_008,D08_P015_T01,18,540,600,18.0,20.0,9.272867,15.296403,-6.023536,0,2112,,0,,,,,,,
dance_011,D11_P009_T01,13,390,450,13.0,15.0,9.924403,15.951577,-6.027174,0,2114,,0,,,,,,,
dance_009,D09_P006_T01,4,120,180,4.0,6.0,13.510999,19.54512,-6.034121,0,2115,,0,,,,,,,
dance_011,D11_P008_T01,4,120,180,4.0,6.0,9.916525,15.951577,-6.035052,0,2116,,0,,,,,,,
dance_011,D11_P014_T01,0,0,60,0.0,2.0,9.899686,15.951577,-6.051891,0,2117,,0,,,,,,,
dance_008,D08_P015_T01,17,510,570,17.0,19.0,9.236919,15.296403,-6.059484,0,2118,,0,,,,,,,
dance_009,D09_P006_T01,6,180,240,6.0,8.0,13.4846,19.54512,-6.06052,0,2119,,0,,,,,,,
dance_005,D05_P012_T01,2,60,120,2.0,4.0,7.73599,13.799158,-6.063168,0,2120,,0,,,,,,,
dance_012,D12_P018_T01,1,30,90,1.0,3.0,8.237811,14.304425,-6.066614,0,2121,,0,,,,,,,
dance_005,D05_P014_T01,8,240,300,8.0,10.0,7.722741,13.799158,-6.076417,0,2122,,0,,,,,,,
dance_003,D03_P006_T01,3,90,150,3.0,5.0,8.15102,14.232737,-6.081717,0,2123,,0,,,,,,,
dance_008,D08_P017_T01,4,120,180,4.0,6.0,9.20743,15.296403,-6.088973,0,2124,,0,,,,,,,
dance_004,D04_P013_T01,4,120,180,4.0,6.0,10.21067,16.304395,-6.093725,0,2125,,0,,,,,,,
dance_003,D03_P003_T01,1,30,90,1.0,3.0,8.131758,14.232737,-6.100979,0,2126,,0,,,,,,,
dance_012,D12_P012_T01,10,300,360,10.0,12.0,8.200767,14.304425,-6.103658,0,2127,,0,,,,,,,
dance_006,D06_P005_T01,7,210,270,7.0,9.0,7.684594,13.794565,-6.109971,0,2128,,0,,,,,,,
dance_006,D06_P014_T01,10,300,360,10.0,12.0,7.684149,13.794565,-6.110416,0,2129,,0,,,,,,,
dance_005,D05_P009_T01,4,120,180,4.0,6.0,7.68831,13.799158,-6.110848,0,2130,,0,,,,,,,
dance_005,D05_P006_T01,2,60,120,2.0,4.0,7.685663,13.799158,-6.113495,0,2131,,0,,,,,,,
dance_012,D12_P015_T01,8,240,300,8.0,10.0,8.189597,14.304425,-6.114828,0,2132,,0,,,,,,,
dance_008,D08_P011_T01,5,150,210,5.0,7.0,9.175943,15.296403,-6.12046,0,2133,,0,,,,,,,
dance_007,D07_P019_T01,1,30,90,1.0,3.0,6.354724,12.479667,-6.124943,0,2134,,0,,,,,,,
dance_002,D02_P007_T01,3,90,150,3.0,5.0,12.644945,18.773045,-6.1281,0,2135,,0,,,,,,,
dance_002,D02_P003_T01,7,210,270,7.0,9.0,12.644569,18.773045,-6.128476,0,2136,,0,,,,,,,
dance_005,D05_P011_T01,0,0,60,0.0,2.0,7.669524,13.799158,-6.129634,0,2137,,0,,,,,,,
dance_006,D06_P014_T01,12,360,420,12.0,14.0,7.660205,13.794565,-6.13436,0,2138,,0,,,,,,,
dance_007,D07_P010_T01,7,210,270,7.0,9.0,6.342528,12.479667,-6.137139,0,2139,,0,,,,,,,
dance_009,D09_P016_T01,1,30,90,1.0,3.0,13.406666,19.54512,-6.138454,0,2140,,0,,,,,,,
dance_011,D11_P008_T01,12,360,420,12.0,14.0,9.795353,15.951577,-6.156224,0,2142,,0,,,,,,,
dance_008,D08_P011_T01,14,420,480,14.0,16.0,9.137474,15.296403,-6.158929,0,2143,,0,,,,,,,
dance_010,D10_P011_T01,5,150,210,5.0,7.0,11.484499,17.643839,-6.15934,0,2144,,0,,,,,,,
dance_004,D04_P003_T01,5,150,210,5.0,7.0,10.143249,16.304395,-6.161146,0,2145,,0,,,,,,,
dance_010,D10_P017_T01,3,90,150,3.0,5.0,11.477728,17.643839,-6.166111,0,2146,,0,,,,,,,
dance_011,D11_P007_T01,6,180,240,6.0,8.0,9.784487,15.951577,-6.16709,0,2147,,0,,,,,,,
dance_012,D12_P003_T01,10,300,360,10.0,12.0,8.13709,14.304425,-6.167335,0,2148,,0,,,,,,,
dance_007,D07_P017_T01,8,240,300,8.0,10.0,6.31138,12.479667,-6.168287,0,2149,,0,,,,,,,
dance_006,D06_P019_T01,7,210,270,7.0,9.0,7.624532,13.794565,-6.170033,0,2150,,0,,,,,,,
dance_008,D08_P013_T01,17,510,570,17.0,19.0,9.126301,15.296403,-6.170102,0,2151,,0,,,,,,,
dance_009,D09_P011_T01,0,0,60,0.0,2.0,13.3672,19.54512,-6.17792,0,2153,,0,,,,,,,
dance_003,D03_P004_T01,0,0,60,0.0,2.0,8.054728,14.232737,-6.178009,0,2154,,0,,,,,,,
dance_003,D03_P014_T01,4,120,180,4.0,6.0,8.051769,14.232737,-6.180968,0,2155,,0,,,,,,,
dance_011,D11_P017_T01,0,0,60,0.0,2.0,9.768215,15.951577,-6.183362,0,2156,,0,,,,,,,
dance_009,D09_P008_T01,8,240,300,8.0,10.0,13.361416,19.54512,-6.183704,0,2157,,0,,,,,,,
dance_010,D10_P004_T01,5,150,210,5.0,7.0,11.45345,17.643839,-6.190389,0,2158,,0,,,,,,,
dance_012,D12_P020_T01,9,270,330,9.0,11.0,8.113114,14.304425,-6.191311,0,2159,,0,,,,,,,
dance_011,D11_P011_T01,7,210,270,7.0,9.0,9.758385,15.951577,-6.193192,0,2160,,0,,,,,,,
dance_005,D05_P015_T01,3,90,150,3.0,5.0,7.605072,13.799158,-6.194086,0,2161,,0,,,,,,,
dance_002,D02_P006_T01,6,180,240,6.0,8.0,12.564066,18.773045,-6.208979,0,2163,,0,,,,,,,
dance_009,D09_P015_T01,2,60,120,2.0,4.0,13.335117,19.54512,-6.210003,0,2164,,0,,,,,,,
dance_010,D10_P003_T01,7,210,270,7.0,9.0,11.432482,17.643839,-6.211357,0,2165,,0,,,,,,,
dance_011,D11_P010_T01,6,180,240,6.0,8.0,9.739014,15.951577,-6.212563,0,2166,,0,,,,,,,
dance_001,D01_P017_T01,7,210,270,7.0,9.0,8.220128,14.435844,-6.215716,0,2167,,0,,,,,,,
dance_012,D12_P020_T01,3,90,150,3.0,5.0,8.083674,14.304425,-6.220751,0,2168,,0,,,,,,,
dance_002,D02_P008_T01,8,240,300,8.0,10.0,12.547486,18.773045,-6.225559,0,2169,,0,,,,,,,
dance_003,D03_P013_T01,10,300,360,10.0,12.0,8.005892,14.232737,-6.226845,0,2170,,0,,,,,,,
dance_011,D11_P017_T01,12,360,420,12.0,14.0,9.711772,15.951577,-6.239805,0,2171,,0,,,,,,,
dance_008,D08_P005_T01,7,210,270,7.0,9.0,9.053436,15.296403,-6.242967,0,2172,,0,,,,,,,
dance_006,D06_P004_T01,4,120,180,4.0,6.0,7.547982,13.794565,-6.246583,0,2173,,0,,,,,,,
dance_010,D10_P010_T01,10,300,360,10.0,12.0,11.39722,17.643839,-6.246619,0,2174,,0,,,,,,,
dance_004,D04_P003_T01,11,330,390,11.0,13.0,10.055945,16.304395,-6.24845,0,2175,,0,,,,,,,
dance_004,D04_P006_T01,7,210,270,7.0,9.0,10.055333,16.304395,-6.249062,0,2176,,0,,,,,,,
dance_011,D11_P020_T01,7,210,270,7.0,9.0,9.70212,15.951577,-6.249457,0,2177,,0,,,,,,,
dance_006,D06_P017_T01,9,270,330,9.0,11.0,7.54438,13.794565,-6.250185,0,2178,,0,,,,,,,
dance_008,D08_P015_T01,11,330,390,11.0,13.0,9.035824,15.296403,-6.260579,0,2179,,0,,,,,,,
dance_011,D11_P003_T01,1,30,90,1.0,3.0,9.689647,15.951577,-6.26193,0,2180,,0,,,,,,,
dance_011,D11_P006_T01,1,30,90,1.0,3.0,9.686778,15.951577,-6.264799,0,2181,,0,,,,,,,
dance_004,D04_P019_T01,8,240,300,8.0,10.0,10.038202,16.304395,-6.266193,0,2182,,0,,,,,,,
dance_010,D10_P019_T01,2,60,120,2.0,4.0,11.375811,17.643839,-6.268028,0,2183,,0,,,,,,,
dance_008,D08_P010_T01,5,150,210,5.0,7.0,9.028293,15.296403,-6.26811,0,2184,,0,,,,,,,
dance_008,D08_P017_T01,11,330,390,11.0,13.0,9.027434,15.296403,-6.268969,0,2185,,0,,,,,,,
dance_009,D09_P006_T01,3,90,150,3.0,5.0,13.274771,19.54512,-6.270349,0,2186,,0,,,,,,,
dance_009,D09_P010_T01,6,180,240,6.0,8.0,13.259868,19.54512,-6.285252,0,2187,,0,,,,,,,
dance_011,D11_P012_T01,5,150,210,5.0,7.0,9.662616,15.951577,-6.288961,0,2188,,0,,,,,,,
dance_002,D02_P011_T01,3,90,150,3.0,5.0,12.481139,18.773045,-6.291906,0,2189,,0,,,,,,,
dance_012,D12_P013_T01,7,210,270,7.0,9.0,8.012491,14.304425,-6.291934,0,2190,,0,,,,,,,
dance_009,D09_P011_T01,1,30,90,1.0,3.0,13.247765,19.54512,-6.297355,0,2191,,0,,,,,,,
dance_010,D10_P002_T01,10,300,360,10.0,12.0,11.315493,17.643839,-6.328346,0,2192,,0,,,,,,,
dance_007,D07_P003_T01,2,60,120,2.0,4.0,6.149858,12.479667,-6.329809,0,2193,,0,,,,,,,
dance_001,D01_P014_T01,0,0,60,0.0,2.0,8.105605,14.435844,-6.330239,0,2195,,0,,,,,,,
dance_012,D12_P006_T01,6,180,240,6.0,8.0,7.964129,14.304425,-6.340296,0,2196,,0,,,,,,,
dance_012,D12_P005_T01,6,180,240,6.0,8.0,7.961207,14.304425,-6.343218,0,2197,,0,,,,,,,
dance_007,D07_P020_T01,7,210,270,7.0,9.0,6.134594,12.479667,-6.345073,0,2198,,0,,,,,,,
dance_002,D02_P016_T01,9,270,330,9.0,11.0,12.420554,18.773045,-6.352491,0,2199,,0,,,,,,,
dance_003,D03_P019_T01,9,270,330,9.0,11.0,7.876663,14.232737,-6.356074,0,2200,,0,,,,,,,
dance_008,D08_P008_T01,18,540,600,18.0,20.0,8.936981,15.296403,-6.359422,0,2201,,0,,,,,,,
dance_002,D02_P009_T01,2,60,120,2.0,4.0,12.411424,18.773045,-6.361621,0,2203,,0,,,,,,,
dance_004,D04_P006_T01,5,150,210,5.0,7.0,9.941832,16.304395,-6.362563,0,2204,,0,,,,,,,
dance_001,D01_P005_T01,3,90,150,3.0,5.0,8.068497,14.435844,-6.367347,0,2205,,0,,,,,,,
dance_010,D10_P015_T01,10,300,360,10.0,12.0,11.27375,17.643839,-6.370089,0,2206,,0,,,,,,,
dance_008,D08_P006_T01,6,180,240,6.0,8.0,8.922397,15.296403,-6.374006,0,2207,,0,,,,,,,
dance_010,D10_P016_T01,4,120,180,4.0,6.0,11.261576,17.643839,-6.382263,0,2208,,0,,,,,,,
dance_007,D07_P008_T01,1,30,90,1.0,3.0,6.092531,12.479667,-6.387136,0,2209,,0,,,,,,,
dance_008,D08_P017_T01,12,360,420,12.0,14.0,8.899851,15.296403,-6.396552,0,2210,,0,,,,,,,
dance_011,D11_P010_T01,5,150,210,5.0,7.0,9.553215,15.951577,-6.398362,0,2211,,0,,,,,,,
dance_002,D02_P008_T01,0,0,60,0.0,2.0,12.374526,18.773045,-6.398519,0,2212,,0,,,,,,,
dance_012,D12_P013_T01,6,180,240,6.0,8.0,7.897073,14.304425,-6.407352,0,2213,,0,,,,,,,
dance_004,D04_P011_T01,1,30,90,1.0,3.0,9.879627,16.304395,-6.424768,0,2215,,0,,,,,,,
dance_002,D02_P009_T01,7,210,270,7.0,9.0,12.34396,18.773045,-6.429085,0,2216,,0,,,,,,,
dance_005,D05_P012_T01,5,150,210,5.0,7.0,7.36458,13.799158,-6.434578,0,2217,,0,,,,,,,
dance_006,D06_P004_T01,9,270,330,9.0,11.0,7.358474,13.794565,-6.436091,0,2219,,0,,,,,,,
dance_008,D08_P013_T01,5,150,210,5.0,7.0,8.857155,15.296403,-6.439248,0,2220,,0,,,,,,,
dance_005,D05_P004_T01,8,240,300,8.0,10.0,7.359213,13.799158,-6.439945,0,2221,,0,,,,,,,
dance_009,D09_P017_T01,0,0,60,0.0,2.0,13.105113,19.54512,-6.440007,0,2222,,0,,,,,,,
dance_002,D02_P002_T01,6,180,240,6.0,8.0,12.327226,18.773045,-6.445819,0,2223,,0,,,,,,,
dance_006,D06_P019_T01,8,240,300,8.0,10.0,7.347857,13.794565,-6.446708,0,2224,,0,,,,,,,
dance_010,D10_P014_T01,12,360,420,12.0,14.0,11.196637,17.643839,-6.447202,0,2225,,0,,,,,,,
dance_004,D04_P018_T01,3,90,150,3.0,5.0,9.853141,16.304395,-6.451254,0,2226,,0,,,,,,,
dance_009,D09_P016_T01,6,180,240,6.0,8.0,13.086758,19.54512,-6.458362,0,2228,,0,,,,,,,
dance_011,D11_P011_T01,0,0,60,0.0,2.0,9.488528,15.951577,-6.463049,0,2229,,0,,,,,,,
dance_010,D10_P009_T01,10,300,360,10.0,12.0,11.170708,17.643839,-6.473131,0,2230,,0,,,,,,,
dance_005,D05_P019_T01,5,150,210,5.0,7.0,7.315956,13.799158,-6.483202,0,2231,,0,,,,,,,
dance_004,D04_P007_T01,1,30,90,1.0,3.0,9.81762,16.304395,-6.486775,0,2232,,0,,,,,,,
dance_010,D10_P003_T01,8,240,300,8.0,10.0,11.143593,17.643839,-6.500246,0,2233,,0,,,,,,,
dance_011,D11_P006_T01,6,180,240,6.0,8.0,9.441437,15.951577,-6.51014,0,2234,,0,,,,,,,
dance_011,D11_P014_T01,1,30,90,1.0,3.0,9.439245,15.951577,-6.512332,0,2235,,0,,,,,,,
dance_008,D08_P015_T01,8,240,300,8.0,10.0,8.783703,15.296403,-6.5127,0,2236,,0,,,,,,,
dance_008,D08_P013_T01,16,480,540,16.0,18.0,8.781877,15.296403,-6.514526,0,2237,,0,,,,,,,
dance_002,D02_P005_T01,1,30,90,1.0,3.0,12.25748,18.773045,-6.515565,0,2238,,0,,,,,,,
dance_006,D06_P014_T01,5,150,210,5.0,7.0,7.272073,13.794565,-6.522492,0,2240,,0,,,,,,,
dance_007,D07_P004_T01,0,0,60,0.0,2.0,5.949921,12.479667,-6.529746,0,2241,,0,,,,,,,
dance_010,D10_P014_T01,8,240,300,8.0,10.0,11.107131,17.643839,-6.536708,0,2242,,0,,,,,,,
dance_009,D09_P014_T01,2,60,120,2.0,4.0,13.004102,19.54512,-6.541018,0,2243,,0,,,,,,,
dance_002,D02_P006_T01,7,210,270,7.0,9.0,12.228939,18.773045,-6.544106,0,2244,,0,,,,,,,
dance_008,D08_P014_T01,18,540,600,18.0,20.0,8.751316,15.296403,-6.545087,0,2245,,0,,,,,,,
dance_011,D11_P010_T01,10,300,360,10.0,12.0,9.40372,15.951577,-6.547857,0,2246,,0,,,,,,,
dance_007,D07_P005_T01,0,0,60,0.0,2.0,5.930101,12.479667,-6.549566,0,2247,,0,,,,,,,
dance_003,D03_P013_T01,4,120,180,4.0,6.0,7.681683,14.232737,-6.551054,0,2248,,0,,,,,,,
dance_011,D11_P020_T01,3,90,150,3.0,5.0,9.392287,15.951577,-6.55929,0,2249,,0,,,,,,,
dance_012,D12_P006_T01,4,120,180,4.0,6.0,7.739938,14.304425,-6.564487,0,2250,,0,,,,,,,
dance_006,D06_P005_T01,5,150,210,5.0,7.0,7.227171,13.794565,-6.567394,0,2251,,0,,,,,,,
dance_012,D12_P006_T01,3,90,150,3.0,5.0,7.730577,14.304425,-6.573848,0,2252,,0,,,,,,,
dance_011,D11_P019_T01,1,30,90,1.0,3.0,9.367668,15.951577,-6.583909,0,2253,,0,,,,,,,
dance_006,D06_P006_T01,6,180,240,6.0,8.0,7.200838,13.794565,-6.593727,0,2254,,0,,,,,,,
dance_008,D08_P018_T01,13,390,450,13.0,15.0,8.695948,15.296403,-6.600455,0,2255,,0,,,,,,,
dance_004,D04_P010_T01,3,90,150,3.0,5.0,9.700598,16.304395,-6.603797,0,2257,,0,,,,,,,
dance_010,D10_P017_T01,1,30,90,1.0,3.0,11.036696,17.643839,-6.607143,0,2258,,0,,,,,,,
dance_004,D04_P016_T01,0,0,60,0.0,2.0,9.693936,16.304395,-6.610459,0,2259,,0,,,,,,,
dance_012,D12_P015_T01,9,270,330,9.0,11.0,7.684262,14.304425,-6.620163,0,2261,,0,,,,,,,
dance_009,D09_P007_T01,1,30,90,1.0,3.0,12.922904,19.54512,-6.622216,0,2262,,0,,,,,,,
dance_011,D11_P014_T01,7,210,270,7.0,9.0,9.323931,15.951577,-6.627646,0,2263,,0,,,,,,,
dance_008,D08_P012_T01,13,390,450,13.0,15.0,8.657538,15.296403,-6.638865,0,2264,,0,,,,,,,
dance_011,D11_P010_T01,9,270,330,9.0,11.0,9.307661,15.951577,-6.643916,0,2265,,0,,,,,,,
dance_012,D12_P003_T01,4,120,180,4.0,6.0,7.655989,14.304425,-6.648436,0,2266,,0,,,,,,,
dance_002,D02_P020_T01,7,210,270,7.0,9.0,12.118273,18.773045,-6.654772,0,2267,,0,,,,,,,
dance_010,D10_P020_T01,3,90,150,3.0,5.0,10.982226,17.643839,-6.661613,0,2268,,0,,,,,,,
dance_009,D09_P015_T01,1,30,90,1.0,3.0,12.881591,19.54512,-6.663529,0,2269,,0,,,,,,,
dance_008,D08_P020_T01,16,480,540,16.0,18.0,8.628028,15.296403,-6.668375,0,2270,,0,,,,,,,
dance_008,D08_P020_T01,13,390,450,13.0,15.0,8.627931,15.296403,-6.668472,0,2271,,0,,,,,,,
dance_009,D09_P005_T01,5,150,210,5.0,7.0,12.876063,19.54512,-6.669057,0,2272,,0,,,,,,,
dance_001,D01_P019_T01,4,120,180,4.0,6.0,7.755871,14.435844,-6.679973,0,2273,,0,,,,,,,
dance_011,D11_P008_T01,0,0,60,0.0,2.0,9.270009,15.951577,-6.681568,0,2274,,0,,,,,,,
dance_009,D09_P016_T01,8,240,300,8.0,10.0,12.84814,19.54512,-6.69698,0,2275,,0,,,,,,,
dance_010,D10_P019_T01,0,0,60,0.0,2.0,10.940745,17.643839,-6.703094,0,2277,,0,,,,,,,
dance_002,D02_P004_T01,6,180,240,6.0,8.0,12.062404,18.773045,-6.710641,0,2279,,0,,,,,,,
dance_008,D08_P011_T01,6,180,240,6.0,8.0,8.584721,15.296403,-6.711682,0,2280,,0,,,,,,,
dance_003,D03_P006_T01,10,300,360,10.0,12.0,7.511935,14.232737,-6.720802,0,2281,,0,,,,,,,
dance_011,D11_P006_T01,11,330,390,11.0,13.0,9.229299,15.951577,-6.722278,0,2282,,0,,,,,,,
dance_009,D09_P020_T01,7,210,270,7.0,9.0,12.820337,19.54512,-6.724783,0,2283,,0,,,,,,,
dance_012,D12_P003_T01,5,150,210,5.0,7.0,7.570241,14.304425,-6.734184,0,2284,,0,,,,,,,
dance_011,D11_P009_T01,0,0,60,0.0,2.0,9.213719,15.951577,-6.737858,0,2285,,0,,,,,,,
dance_008,D08_P012_T01,6,180,240,6.0,8.0,8.557506,15.296403,-6.738897,0,2286,,0,,,,,,,
dance_008,D08_P016_T01,1,30,90,1.0,3.0,8.556192,15.296403,-6.740211,0,2287,,0,,,,,,,
dance_010,D10_P008_T01,9,270,330,9.0,11.0,10.902719,17.643839,-6.74112,0,2288,,0,,,,,,,
dance_002,D02_P020_T01,1,30,90,1.0,3.0,12.011243,18.773045,-6.761802,0,2290,,0,,,,,,,
dance_009,D09_P014_T01,0,0,60,0.0,2.0,12.780983,19.54512,-6.764137,0,2291,,0,,,,,,,
dance_001,D01_P006_T01,3,90,150,3.0,5.0,7.667253,14.435844,-6.768591,0,2293,,0,,,,,,,
dance_009,D09_P011_T01,4,120,180,4.0,6.0,12.766173,19.54512,-6.778947,0,2294,,0,,,,,,,
dance_004,D04_P009_T01,2,60,120,2.0,4.0,9.525441,16.304395,-6.778954,0,2295,,0,,,,,,,
dance_002,D02_P003_T01,6,180,240,6.0,8.0,11.991621,18.773045,-6.781424,0,2296,,0,,,,,,,
dance_009,D09_P017_T01,6,180,240,6.0,8.0,12.755573,19.54512,-6.789547,0,2297,,0,,,,,,,
dance_008,D08_P007_T01,12,360,420,12.0,14.0,8.506526,15.296403,-6.789877,0,2298,,0,,,,,,,
dance_010,D10_P012_T01,3,90,150,3.0,5.0,10.85353,17.643839,-6.790309,0,2299,,0,,,,,,,
dance_004,D04_P015_T01,2,60,120,2.0,4.0,9.508858,16.304395,-6.795537,0,2300,,0,,,,,,,
dance_006,D06_P011_T01,4,120,180,4.0,6.0,6.997342,13.794565,-6.797223,0,2301,,0,,,,,,,
dance_010,D10_P008_T01,10,300,360,10.0,12.0,10.844559,17.643839,-6.79928,0,2302,,0,,,,,,,
dance_008,D08_P014_T01,16,480,540,16.0,18.0,8.497049,15.296403,-6.799354,0,2303,,0,,,,,,,
dance_002,D02_P008_T01,9,270,330,9.0,11.0,11.970955,18.773045,-6.80209,0,2304,,0,,,,,,,
dance_009,D09_P003_T01,8,240,300,8.0,10.0,12.732603,19.54512,-6.812517,0,2305,,0,,,,,,,
dance_008,D08_P006_T01,16,480,540,16.0,18.0,8.478978,15.296403,-6.817425,0,2306,,0,,,,,,,
dance_012,D12_P014_T01,12,360,420,12.0,14.0,7.483824,14.304425,-6.820601,0,2307,,0,,,,,,,
dance_005,D05_P004_T01,2,60,120,2.0,4.0,6.970137,13.799158,-6.829021,0,2308,,0,,,,,,,
dance_010,D10_P009_T01,8,240,300,8.0,10.0,10.810406,17.643839,-6.833433,0,2309,,0,,,,,,,
dance_008,D08_P003_T01,10,300,360,10.0,12.0,8.460367,15.296403,-6.836036,0,2311,,0,,,,,,,
dance_011,D11_P017_T01,1,30,90,1.0,3.0,9.10576,15.951577,-6.845817,0,2312,,0,,,,,,,
dance_011,D11_P015_T01,8,240,300,8.0,10.0,9.105728,15.951577,-6.845849,0,2313,,0,,,,,,,
dance_001,D01_P006_T01,4,120,180,4.0,6.0,7.589821,14.435844,-6.846023,0,2314,,0,,,,,,,
dance_009,D09_P017_T01,3,90,150,3.0,5.0,12.697516,19.54512,-6.847604,0,2315,,0,,,,,,,
dance_011,D11_P014_T01,11,330,390,11.0,13.0,9.101963,15.951577,-6.849614,0,2316,,0,,,,,,,
dance_011,D11_P014_T01,10,300,360,10.0,12.0,9.098414,15.951577,-6.853163,0,2317,,0,,,,,,,
dance_002,D02_P015_T01,5,150,210,5.0,7.0,11.918337,18.773045,-6.854708,0,2318,,0,,,,,,,
dance_009,D09_P010_T01,1,30,90,1.0,3.0,12.684032,19.54512,-6.861088,0,2319,,0,,,,,,,
dance_007,D07_P018_T01,7,210,270,7.0,9.0,5.605079,12.479667,-6.874588,0,2321,,0,,,,,,,
dance_009,D09_P006_T01,9,270,330,9.0,11.0,12.648518,19.54512,-6.896602,0,2323,,0,,,,,,,
dance_012,D12_P020_T01,2,60,120,2.0,4.0,7.404815,14.304425,-6.89961,0,2324,,0,,,,,,,
dance_010,D10_P010_T01,1,30,90,1.0,3.0,10.736425,17.643839,-6.907414,0,2325,,0,,,,,,,
dance_008,D08_P019_T01,1,30,90,1.0,3.0,8.388365,15.296403,-6.908038,0,2326,,0,,,,,,,
dance_010,D10_P008_T01,3,90,150,3.0,5.0,10.729374,17.643839,-6.914465,0,2327,,0,,,,,,,
dance_008,D08_P011_T01,13,390,450,13.0,15.0,8.376457,15.296403,-6.919946,0,2328,,0,,,,,,,
dance_004,D04_P013_T01,2,60,120,2.0,4.0,9.376371,16.304395,-6.928024,0,2329,,0,,,,,,,
dance_011,D11_P010_T01,8,240,300,8.0,10.0,9.01713,15.951577,-6.934447,0,2330,,0,,,,,,,
dance_002,D02_P016_T01,2,60,120,2.0,4.0,11.830669,18.773045,-6.942376,0,2331,,0,,,,,,,
dance_008,D08_P004_T01,6,180,240,6.0,8.0,8.352649,15.296403,-6.943754,0,2332,,0,,,,,,,
dance_009,D09_P010_T01,8,240,300,8.0,10.0,12.599353,19.54512,-6.945767,0,2333,,0,,,,,,,
dance_009,D09_P017_T01,1,30,90,1.0,3.0,12.594262,19.54512,-6.950858,0,2335,,0,,,,,,,
dance_008,D08_P004_T01,1,30,90,1.0,3.0,8.334564,15.296403,-6.961839,0,2336,,0,,,,,,,
dance_004,D04_P015_T01,4,120,180,4.0,6.0,9.341865,16.304395,-6.96253,0,2337,,0,,,,,,,
dance_004,D04_P005_T01,1,30,90,1.0,3.0,9.332189,16.304395,-6.972206,0,2338,,0,,,,,,,
dance_010,D10_P016_T01,7,210,270,7.0,9.0,10.654645,17.643839,-6.989194,0,2339,,0,,,,,,,
dance_012,D12_P020_T01,4,120,180,4.0,6.0,7.313295,14.304425,-6.99113,0,2340,,0,,,,,,,
dance_011,D11_P015_T01,2,60,120,2.0,4.0,8.955186,15.951577,-6.996391,0,2342,,0,,,,,,,
dance_005,D05_P006_T01,5,150,210,5.0,7.0,6.795908,13.799158,-7.00325,0,2343,,0,,,,,,,
dance_009,D09_P009_T01,5,150,210,5.0,7.0,12.540814,19.54512,-7.004306,0,2344,,0,,,,,,,
dance_007,D07_P003_T01,0,0,60,0.0,2.0,5.469461,12.479667,-7.010206,0,2345,,0,,,,,,,
dance_004,D04_P018_T01,5,150,210,5.0,7.0,9.28644,16.304395,-7.017955,0,2346,,0,,,,,,,
dance_011,D11_P017_T01,4,120,180,4.0,6.0,8.931203,15.951577,-7.020374,0,2347,,0,,,,,,,
dance_011,D11_P013_T01,9,270,330,9.0,11.0,8.931191,15.951577,-7.020386,0,2348,,0,,,,,,,
dance_009,D09_P018_T01,8,240,300,8.0,10.0,12.520621,19.54512,-7.024499,0,2349,,0,,,,,,,
dance_009,D09_P005_T01,0,0,60,0.0,2.0,12.519799,19.54512,-7.025321,0,2350,,0,,,,,,,
dance_010,D10_P014_T01,11,330,390,11.0,13.0,10.615693,17.643839,-7.028146,0,2351,,0,,,,,,,
dance_004,D04_P011_T01,4,120,180,4.0,6.0,9.26802,16.304395,-7.036375,0,2353,,0,,,,,,,
dance_008,D08_P017_T01,1,30,90,1.0,3.0,8.259984,15.296403,-7.036419,0,2354,,0,,,,,,,
dance_002,D02_P017_T01,5,150,210,5.0,7.0,11.729001,18.773045,-7.044044,0,2355,,0,,,,,,,
dance_003,D03_P019_T01,10,300,360,10.0,12.0,7.17424,14.232737,-7.058497,0,2358,,0,,,,,,,
dance_008,D08_P011_T01,12,360,420,12.0,14.0,8.228441,15.296403,-7.067962,0,2359,,0,,,,,,,
dance_011,D11_P014_T01,8,240,300,8.0,10.0,8.877125,15.951577,-7.074452,0,2360,,0,,,,,,,
dance_008,D08_P019_T01,0,0,60,0.0,2.0,8.219003,15.296403,-7.0774,0,2361,,0,,,,,,,
dance_002,D02_P015_T01,7,210,270,7.0,9.0,11.676021,18.773045,-7.097024,0,2362,,0,,,,,,,
dance_002,D02_P004_T01,1,30,90,1.0,3.0,11.675224,18.773045,-7.097821,0,2363,,0,,,,,,,
dance_002,D02_P015_T01,9,270,330,9.0,11.0,11.661953,18.773045,-7.111092,0,2364,,0,,,,,,,
dance_006,D06_P019_T01,5,150,210,5.0,7.0,6.665152,13.794565,-7.129413,0,2365,,0,,,,,,,
dance_010,D10_P009_T01,5,150,210,5.0,7.0,10.511078,17.643839,-7.132761,0,2366,,0,,,,,,,
dance_011,D11_P014_T01,3,90,150,3.0,5.0,8.813477,15.951577,-7.1381,0,2367,,0,,,,,,,
dance_011,D11_P003_T01,8,240,300,8.0,10.0,8.807435,15.951577,-7.144142,0,2368,,0,,,,,,,
dance_005,D05_P008_T01,8,240,300,8.0,10.0,6.651075,13.799158,-7.148083,0,2369,,0,,,,,,,
dance_012,D12_P011_T01,3,90,150,3.0,5.0,7.153013,14.304425,-7.151412,0,2370,,0,,,,,,,
dance_012,D12_P015_T01,10,300,360,10.0,12.0,7.146904,14.304425,-7.157521,0,2371,,0,,,,,,,
dance_011,D11_P004_T01,3,90,150,3.0,5.0,8.788305,15.951577,-7.163272,0,2372,,0,,,,,,,
dance_010,D10_P008_T01,11,330,390,11.0,13.0,10.471944,17.643839,-7.171895,0,2373,,0,,,,,,,
dance_010,D10_P016_T01,5,150,210,5.0,7.0,10.455647,17.643839,-7.188192,0,2374,,0,,,,,,,
dance_008,D08_P011_T01,10,300,360,10.0,12.0,8.09493,15.296403,-7.201473,0,2375,,0,,,,,,,
dance_002,D02_P010_T01,4,120,180,4.0,6.0,11.568325,18.773045,-7.20472,0,2376,,0,,,,,,,
dance_010,D10_P018_T01,1,30,90,1.0,3.0,10.40167,17.643839,-7.242169,0,2379,,0,,,,,,,
dance_004,D04_P018_T01,2,60,120,2.0,4.0,9.04462,16.304395,-7.259775,0,2380,,0,,,,,,,
dance_011,D11_P006_T01,5,150,210,5.0,7.0,8.688728,15.951577,-7.262849,0,2382,,0,,,,,,,
dance_011,D11_P003_T01,4,120,180,4.0,6.0,8.687204,15.951577,-7.264373,0,2383,,0,,,,,,,
dance_011,D11_P006_T01,0,0,60,0.0,2.0,8.681773,15.951577,-7.269804,0,2384,,0,,,,,,,
dance_010,D10_P017_T01,5,150,210,5.0,7.0,10.372134,17.643839,-7.271705,0,2385,,0,,,,,,,
dance_008,D08_P013_T01,1,30,90,1.0,3.0,8.017632,15.296403,-7.278771,0,2386,,0,,,,,,,
dance_004,D04_P004_T01,2,60,120,2.0,4.0,9.011493,16.304395,-7.292902,0,2387,,0,,,,,,,
dance_009,D09_P010_T01,4,120,180,4.0,6.0,12.250667,19.54512,-7.294453,0,2388,,0,,,,,,,
dance_009,D09_P005_T01,3,90,150,3.0,5.0,12.249164,19.54512,-7.295956,0,2389,,0,,,,,,,
dance_008,D08_P010_T01,3,90,150,3.0,5.0,7.99372,15.296403,-7.302683,0,2390,,0,,,,,,,
dance_008,D08_P003_T01,12,360,420,12.0,14.0,7.991972,15.296403,-7.304431,0,2391,,0,,,,,,,
dance_009,D09_P018_T01,9,270,330,9.0,11.0,12.223514,19.54512,-7.321606,0,2395,,0,,,,,,,
dance_001,D01_P005_T01,0,0,60,0.0,2.0,7.103954,14.435844,-7.33189,0,2396,,0,,,,,,,
dance_002,D02_P018_T01,1,30,90,1.0,3.0,11.439629,18.773045,-7.333416,0,2397,,0,,,,,,,
dance_008,D08_P012_T01,4,120,180,4.0,6.0,7.95481,15.296403,-7.341593,0,2398,,0,,,,,,,
dance_011,D11_P007_T01,1,30,90,1.0,3.0,8.600131,15.951577,-7.351446,0,2400,,0,,,,,,,
dance_002,D02_P002_T01,3,90,150,3.0,5.0,11.407153,18.773045,-7.365892,0,2402,,0,,,,,,,
dance_010,D10_P014_T01,4,120,180,4.0,6.0,10.272142,17.643839,-7.371697,0,2403,,0,,,,,,,
dance_002,D02_P002_T01,5,150,210,5.0,7.0,11.389144,18.773045,-7.383901,0,2404,,0,,,,,,,
dance_004,D04_P016_T01,1,30,90,1.0,3.0,8.909761,16.304395,-7.394634,0,2405,,0,,,,,,,
dance_010,D10_P014_T01,10,300,360,10.0,12.0,10.192277,17.643839,-7.451562,0,2410,,0,,,,,,,
dance_011,D11_P014_T01,9,270,330,9.0,11.0,8.497761,15.951577,-7.453816,0,2411,,0,,,,,,,
dance_008,D08_P011_T01,2,60,120,2.0,4.0,7.840442,15.296403,-7.455961,0,2412,,0,,,,,,,
dance_009,D09_P014_T01,4,120,180,4.0,6.0,12.082771,19.54512,-7.462349,0,2413,,0,,,,,,,
dance_006,D06_P004_T01,6,180,240,6.0,8.0,6.329995,13.794565,-7.46457,0,2414,,0,,,,,,,
dance_010,D10_P020_T01,12,360,420,12.0,14.0,10.155639,17.643839,-7.4882,0,2416,,0,,,,,,,
dance_002,D02_P008_T01,6,180,240,6.0,8.0,11.272105,18.773045,-7.50094,0,2417,,0,,,,,,,
dance_010,D10_P011_T01,9,270,330,9.0,11.0,10.118762,17.643839,-7.525077,0,2418,,0,,,,,,,
dance_010,D10_P016_T01,2,60,120,2.0,4.0,10.116081,17.643839,-7.527758,0,2419,,0,,,,,,,
dance_004,D04_P013_T01,5,150,210,5.0,7.0,8.775903,16.304395,-7.528492,0,2420,,0,,,,,,,
dance_011,D11_P007_T01,5,150,210,5.0,7.0,8.416564,15.951577,-7.535013,0,2421,,0,,,,,,,
dance_008,D08_P004_T01,2,60,120,2.0,4.0,7.757014,15.296403,-7.539389,0,2422,,0,,,,,,,
dance_004,D04_P005_T01,2,60,120,2.0,4.0,8.762363,16.304395,-7.542032,0,2423,,0,,,,,,,
dance_009,D09_P010_T01,7,210,270,7.0,9.0,11.99602,19.54512,-7.5491,0,2424,,0,,,,,,,
dance_009,D09_P004_T01,0,0,60,0.0,2.0,11.994819,19.54512,-7.550301,0,2425,,0,,,,,,,
dance_009,D09_P004_T01,7,210,270,7.0,9.0,11.985271,19.54512,-7.559849,0,2426,,0,,,,,,,
dance_011,D11_P011_T01,6,180,240,6.0,8.0,8.389145,15.951577,-7.562432,0,2427,,0,,,,,,,
dance_011,D11_P013_T01,2,60,120,2.0,4.0,8.379258,15.951577,-7.572319,0,2428,,0,,,,,,,
dance_011,D11_P010_T01,0,0,60,0.0,2.0,8.364236,15.951577,-7.587341,0,2430,,0,,,,,,,
dance_009,D09_P005_T01,6,180,240,6.0,8.0,11.952513,19.54512,-7.592607,0,2431,,0,,,,,,,
dance_009,D09_P017_T01,2,60,120,2.0,4.0,11.944362,19.54512,-7.600758,0,2433,,0,,,,,,,
dance_005,D05_P006_T01,8,240,300,8.0,10.0,6.192721,13.799158,-7.606437,0,2434,,0,,,,,,,
dance_004,D04_P016_T01,2,60,120,2.0,4.0,8.694368,16.304395,-7.610027,0,2435,,0,,,,,,,
dance_009,D09_P005_T01,1,30,90,1.0,3.0,11.931903,19.54512,-7.613217,0,2436,,0,,,,,,,
dance_011,D11_P006_T01,9,270,330,9.0,11.0,8.33181,15.951577,-7.619767,0,2438,,0,,,,,,,
dance_005,D05_P019_T01,8,240,300,8.0,10.0,6.178007,13.799158,-7.621151,0,2439,,0,,,,,,,
dance_009,D09_P008_T01,3,90,150,3.0,5.0,11.92174,19.54512,-7.62338,0,2440,,0,,,,,,,
dance_011,D11_P011_T01,5,150,210,5.0,7.0,8.327413,15.951577,-7.624164,0,2441,,0,,,,,,,
dance_009,D09_P020_T01,4,120,180,4.0,6.0,11.918981,19.54512,-7.626139,0,2442,,0,,,,,,,
dance_002,D02_P007_T01,1,30,90,1.0,3.0,11.142848,18.773045,-7.630197,0,2443,,0,,,,,,,
dance_011,D11_P017_T01,6,180,240,6.0,8.0,8.316179,15.951577,-7.635398,0,2444,,0,,,,,,,
dance_010,D10_P016_T01,0,0,60,0.0,2.0,10.00223,17.643839,-7.641609,0,2445,,0,,,,,,,
dance_009,D09_P008_T01,9,270,330,9.0,11.0,11.898779,19.54512,-7.646341,0,2446,,0,,,,,,,
dance_010,D10_P009_T01,4,120,180,4.0,6.0,9.992736,17.643839,-7.651103,0,2447,,0,,,,,,,
dance_011,D11_P004_T01,2,60,120,2.0,4.0,8.294908,15.951577,-7.656669,0,2448,,0,,,,,,,
dance_011,D11_P008_T01,2,60,120,2.0,4.0,8.278254,15.951577,-7.673323,0,2449,,0,,,,,,,
dance_009,D09_P016_T01,3,90,150,3.0,5.0,11.864601,19.54512,-7.680519,0,2450,,0,,,,,,,
dance_002,D02_P015_T01,1,30,90,1.0,3.0,11.068461,18.773045,-7.704584,0,2453,,0,,,,,,,
dance_004,D04_P011_T01,3,90,150,3.0,5.0,8.59455,16.304395,-7.709845,0,2454,,0,,,,,,,
dance_011,D11_P011_T01,11,330,390,11.0,13.0,8.236505,15.951577,-7.715072,0,2455,,0,,,,,,,
dance_010,D10_P009_T01,7,210,270,7.0,9.0,9.923151,17.643839,-7.720688,0,2456,,0,,,,,,,
dance_007,D07_P020_T01,0,0,60,0.0,2.0,4.746786,12.479667,-7.732881,0,2457,,0,,,,,,,
dance_002,D02_P006_T01,9,270,330,9.0,11.0,11.000628,18.773045,-7.772417,0,2458,,0,,,,,,,
dance_010,D10_P014_T01,0,0,60,0.0,2.0,9.859861,17.643839,-7.783978,0,2459,,0,,,,,,,
dance_008,D08_P009_T01,4,120,180,4.0,6.0,7.497268,15.296403,-7.799135,0,2460,,0,,,,,,,
dance_008,D08_P016_T01,0,0,60,0.0,2.0,7.491939,15.296403,-7.804464,0,2461,,0,,,,,,,
dance_011,D11_P013_T01,3,90,150,3.0,5.0,8.14454,15.951577,-7.807037,0,2462,,0,,,,,,,
dance_010,D10_P017_T01,8,240,300,8.0,10.0,9.827289,17.643839,-7.81655,0,2463,,0,,,,,,,
dance_009,D09_P016_T01,10,300,360,10.0,12.0,11.711146,19.54512,-7.833974,0,2465,,0,,,,,,,
dance_008,D08_P004_T01,3,90,150,3.0,5.0,7.461067,15.296403,-7.835336,0,2466,,0,,,,,,,
dance_010,D10_P019_T01,1,30,90,1.0,3.0,9.80752,17.643839,-7.836319,0,2467,,0,,,,,,,
dance_002,D02_P019_T01,1,30,90,1.0,3.0,10.926025,18.773045,-7.84702,0,2468,,0,,,,,,,
dance_009,D09_P013_T01,5,150,210,5.0,7.0,11.671587,19.54512,-7.873533,0,2469,,0,,,,,,,
dance_010,D10_P005_T01,5,150,210,5.0,7.0,9.738614,17.643839,-7.905225,0,2470,,0,,,,,,,
dance_008,D08_P014_T01,13,390,450,13.0,15.0,7.387759,15.296403,-7.908644,0,2471,,0,,,,,,,
dance_011,D11_P017_T01,2,60,120,2.0,4.0,8.015992,15.951577,-7.935585,0,2472,,0,,,,,,,
dance_010,D10_P008_T01,8,240,300,8.0,10.0,9.707843,17.643839,-7.935996,0,2473,,0,,,,,,,
dance_011,D11_P013_T01,8,240,300,8.0,10.0,8.014913,15.951577,-7.936664,0,2474,,0,,,,,,,
dance_010,D10_P018_T01,9,270,330,9.0,11.0,9.685161,17.643839,-7.958678,0,2475,,0,,,,,,,
dance_004,D04_P010_T01,2,60,120,2.0,4.0,8.337003,16.304395,-7.967392,0,2476,,0,,,,,,,
dance_002,D02_P013_T01,9,270,330,9.0,11.0,10.781408,18.773045,-7.991637,0,2477,,0,,,,,,,
dance_009,D09_P014_T01,8,240,300,8.0,10.0,11.551738,19.54512,-7.993382,0,2478,,0,,,,,,,
dance_011,D11_P011_T01,8,240,300,8.0,10.0,7.95182,15.951577,-7.999757,0,2479,,0,,,,,,,
dance_011,D11_P011_T01,1,30,90,1.0,3.0,7.94723,15.951577,-8.004347,0,2480,,0,,,,,,,
dance_011,D11_P011_T01,4,120,180,4.0,6.0,7.929467,15.951577,-8.02211,0,2481,,0,,,,,,,
dance_011,D11_P011_T01,12,360,420,12.0,14.0,7.919887,15.951577,-8.03169,0,2482,,0,,,,,,,
dance_009,D09_P005_T01,2,60,120,2.0,4.0,11.50168,19.54512,-8.04344,0,2484,,0,,,,,,,
dance_009,D09_P018_T01,6,180,240,6.0,8.0,11.481449,19.54512,-8.063671,0,2485,,0,,,,,,,
dance_010,D10_P010_T01,3,90,150,3.0,5.0,9.576147,17.643839,-8.067692,0,2486,,0,,,,,,,
dance_010,D10_P008_T01,6,180,240,6.0,8.0,9.556832,17.643839,-8.087007,0,2487,,0,,,,,,,
dance_011,D11_P003_T01,12,360,420,12.0,14.0,7.860862,15.951577,-8.090715,0,2488,,0,,,,,,,
dance_004,D04_P002_T01,1,30,90,1.0,3.0,8.204863,16.304395,-8.099532,0,2489,,0,,,,,,,
dance_011,D11_P009_T01,3,90,150,3.0,5.0,7.844144,15.951577,-8.107433,0,2490,,0,,,,,,,
dance_011,D11_P011_T01,10,300,360,10.0,12.0,7.838326,15.951577,-8.113251,0,2491,,0,,,,,,,
dance_004,D04_P018_T01,1,30,90,1.0,3.0,8.188162,16.304395,-8.116233,0,2492,,0,,,,,,,
dance_009,D09_P010_T01,2,60,120,2.0,4.0,11.418581,19.54512,-8.126539,0,2493,,0,,,,,,,
dance_010,D10_P011_T01,7,210,270,7.0,9.0,9.515395,17.643839,-8.128444,0,2494,,0,,,,,,,
dance_010,D10_P015_T01,3,90,150,3.0,5.0,9.481473,17.643839,-8.162366,0,2495,,0,,,,,,,
dance_010,D10_P014_T01,5,150,210,5.0,7.0,9.479574,17.643839,-8.164265,0,2496,,0,,,,,,,
dance_010,D10_P018_T01,6,180,240,6.0,8.0,9.478743,17.643839,-8.165096,0,2497,,0,,,,,,,
dance_010,D10_P010_T01,5,150,210,5.0,7.0,9.412906,17.643839,-8.230933,0,2498,,0,,,,,,,
dance_006,D06_P004_T01,5,150,210,5.0,7.0,5.562674,13.794565,-8.231891,0,2499,,0,,,,,,,
dance_010,D10_P002_T01,4,120,180,4.0,6.0,9.384913,17.643839,-8.258926,0,2500,,0,,,,,,,
dance_002,D02_P006_T01,3,90,150,3.0,5.0,10.50209,18.773045,-8.270955,0,2501,,0,,,,,,,
dance_011,D11_P017_T01,5,150,210,5.0,7.0,7.657906,15.951577,-8.293671,0,2502,,0,,,,,,,
dance_011,D11_P011_T01,9,270,330,9.0,11.0,7.61879,15.951577,-8.332787,0,2503,,0,,,,,,,
dance_009,D09_P005_T01,4,120,180,4.0,6.0,11.19074,19.54512,-8.35438,0,2504,,0,,,,,,,
dance_010,D10_P006_T01,0,0,60,0.0,2.0,9.286521,17.643839,-8.357318,0,2505,,0,,,,,,,
dance_002,D02_P002_T01,1,30,90,1.0,3.0,10.385765,18.773045,-8.38728,0,2506,,0,,,,,,,
dance_009,D09_P009_T01,4,120,180,4.0,6.0,11.156668,19.54512,-8.388452,0,2507,,0,,,,,,,
dance_002,D02_P005_T01,4,120,180,4.0,6.0,10.379886,18.773045,-8.393159,0,2508,,0,,,,,,,
dance_010,D10_P010_T01,9,270,330,9.0,11.0,9.235913,17.643839,-8.407926,0,2509,,0,,,,,,,
dance_010,D10_P018_T01,10,300,360,10.0,12.0,9.204228,17.643839,-8.439611,0,2510,,0,,,,,,,
dance_010,D10_P008_T01,2,60,120,2.0,4.0,9.202747,17.643839,-8.441092,0,2511,,0,,,,,,,
dance_010,D10_P006_T01,12,360,420,12.0,14.0,9.20002,17.643839,-8.443819,0,2512,,0,,,,,,,
dance_005,D05_P018_T01,8,240,300,8.0,10.0,5.345798,13.799158,-8.45336,0,2514,,0,,,,,,,
dance_002,D02_P014_T01,3,90,150,3.0,5.0,10.315853,18.773045,-8.457192,0,2515,,0,,,,,,,
dance_010,D10_P008_T01,0,0,60,0.0,2.0,9.17836,17.643839,-8.465479,0,2516,,0,,,,,,,
dance_002,D02_P020_T01,4,120,180,4.0,6.0,10.292366,18.773045,-8.480679,0,2517,,0,,,,,,,
dance_010,D10_P010_T01,7,210,270,7.0,9.0,9.158626,17.643839,-8.485213,0,2518,,0,,,,,,,
dance_008,D08_P010_T01,7,210,270,7.0,9.0,6.806423,15.296403,-8.48998,0,2519,,0,,,,,,,
dance_002,D02_P003_T01,3,90,150,3.0,5.0,10.277828,18.773045,-8.495217,0,2520,,0,,,,,,,
dance_009,D09_P004_T01,1,30,90,1.0,3.0,11.042812,19.54512,-8.502308,0,2521,,0,,,,,,,
dance_010,D10_P017_T01,6,180,240,6.0,8.0,9.137114,17.643839,-8.506725,0,2522,,0,,,,,,,
dance_009,D09_P013_T01,11,330,390,11.0,13.0,11.024313,19.54512,-8.520807,0,2523,,0,,,,,,,
dance_009,D09_P009_T01,8,240,300,8.0,10.0,10.996983,19.54512,-8.548137,0,2524,,0,,,,,,,
dance_008,D08_P007_T01,2,60,120,2.0,4.0,6.747476,15.296403,-8.548927,0,2525,,0,,,,,,,
dance_010,D10_P003_T01,2,60,120,2.0,4.0,9.07163,17.643839,-8.572209,0,2526,,0,,,,,,,
dance_011,D11_P004_T01,1,30,90,1.0,3.0,7.378069,15.951577,-8.573508,0,2527,,0,,,,,,,
dance_009,D09_P015_T01,3,90,150,3.0,5.0,10.970743,19.54512,-8.574377,0,2528,,0,,,,,,,
dance_009,D09_P008_T01,11,330,390,11.0,13.0,10.936978,19.54512,-8.608142,0,2529,,0,,,,,,,
dance_002,D02_P002_T01,7,210,270,7.0,9.0,10.157903,18.773045,-8.615142,0,2530,,0,,,,,,,
dance_011,D11_P020_T01,4,120,180,4.0,6.0,7.334838,15.951577,-8.616739,0,2531,,0,,,,,,,
dance_002,D02_P010_T01,5,150,210,5.0,7.0,10.125036,18.773045,-8.648009,0,2533,,0,,,,,,,
dance_002,D02_P008_T01,2,60,120,2.0,4.0,10.095812,18.773045,-8.677233,0,2534,,0,,,,,,,
dance_010,D10_P019_T01,4,120,180,4.0,6.0,8.958101,17.643839,-8.685738,0,2535,,0,,,,,,,
dance_009,D09_P009_T01,3,90,150,3.0,5.0,10.846145,19.54512,-8.698975,0,2536,,0,,,,,,,
dance_009,D09_P018_T01,1,30,90,1.0,3.0,10.838651,19.54512,-8.706469,0,2537,,0,,,,,,,
dance_011,D11_P014_T01,15,450,510,15.0,17.0,7.20857,15.951577,-8.743007,0,2539,,0,,,,,,,
dance_009,D09_P006_T01,5,150,210,5.0,7.0,10.789839,19.54512,-8.755281,0,2540,,0,,,,,,,
dance_002,D02_P012_T01,2,60,120,2.0,4.0,10.017194,18.773045,-8.755851,0,2541,,0,,,,,,,
dance_011,D11_P008_T01,3,90,150,3.0,5.0,7.175797,15.951577,-8.77578,0,2542,,0,,,,,,,
dance_010,D10_P003_T01,5,150,210,5.0,7.0,8.866423,17.643839,-8.777416,0,2543,,0,,,,,,,
dance_010,D10_P009_T01,3,90,150,3.0,5.0,8.839181,17.643839,-8.804658,0,2544,,0,,,,,,,
dance_010,D10_P003_T01,3,90,150,3.0,5.0,8.823314,17.643839,-8.820525,0,2545,,0,,,,,,,
dance_009,D09_P017_T01,7,210,270,7.0,9.0,10.722045,19.54512,-8.823075,0,2546,,0,,,,,,,
dance_009,D09_P018_T01,5,150,210,5.0,7.0,10.669237,19.54512,-8.875883,0,2547,,0,,,,,,,
dance_011,D11_P013_T01,15,450,510,15.0,17.0,7.069541,15.951577,-8.882036,0,2548,,0,,,,,,,
dance_009,D09_P009_T01,10,300,360,10.0,12.0,10.656677,19.54512,-8.888443,0,2549,,0,,,,,,,
dance_011,D11_P017_T01,3,90,150,3.0,5.0,7.06076,15.951577,-8.890817,0,2550,,0,,,,,,,
dance_002,D02_P009_T01,6,180,240,6.0,8.0,9.862414,18.773045,-8.910631,0,2551,,0,,,,,,,
dance_008,D08_P010_T01,8,240,300,8.0,10.0,6.356789,15.296403,-8.939614,0,2552,,0,,,,,,,
dance_002,D02_P015_T01,4,120,180,4.0,6.0,9.830489,18.773045,-8.942556,0,2553,,0,,,,,,,
dance_011,D11_P015_T01,1,30,90,1.0,3.0,6.990048,15.951577,-8.961529,0,2554,,0,,,,,,,
dance_010,D10_P008_T01,7,210,270,7.0,9.0,8.664604,17.643839,-8.979235,0,2555,,0,,,,,,,
dance_002,D02_P009_T01,9,270,330,9.0,11.0,9.776549,18.773045,-8.996496,0,2556,,0,,,,,,,
dance_010,D10_P016_T01,6,180,240,6.0,8.0,8.631492,17.643839,-9.012347,0,2557,,0,,,,,,,
dance_009,D09_P013_T01,9,270,330,9.0,11.0,10.529936,19.54512,-9.015184,0,2558,,0,,,,,,,
dance_008,D08_P011_T01,3,90,150,3.0,5.0,6.273294,15.296403,-9.023109,0,2559,,0,,,,,,,
dance_008,D08_P010_T01,6,180,240,6.0,8.0,6.241887,15.296403,-9.054516,0,2560,,0,,,,,,,
dance_010,D10_P006_T01,1,30,90,1.0,3.0,8.570004,17.643839,-9.073835,0,2561,,0,,,,,,,
dance_011,D11_P003_T01,3,90,150,3.0,5.0,6.851271,15.951577,-9.100306,0,2562,,0,,,,,,,
dance_002,D02_P014_T01,1,30,90,1.0,3.0,9.625279,18.773045,-9.147766,0,2563,,0,,,,,,,
dance_002,D02_P010_T01,2,60,120,2.0,4.0,9.609513,18.773045,-9.163532,0,2564,,0,,,,,,,
dance_009,D09_P018_T01,11,330,390,11.0,13.0,10.347064,19.54512,-9.198056,0,2565,,0,,,,,,,
dance_008,D08_P007_T01,1,30,90,1.0,3.0,6.059175,15.296403,-9.237228,0,2566,,0,,,,,,,
dance_002,D02_P006_T01,1,30,90,1.0,3.0,9.510653,18.773045,-9.262392,0,2567,,0,,,,,,,
dance_009,D09_P016_T01,4,120,180,4.0,6.0,10.282404,19.54512,-9.262716,0,2568,,0,,,,,,,
dance_010,D10_P011_T01,6,180,240,6.0,8.0,8.378606,17.643839,-9.265233,0,2569,,0,,,,,,,
dance_010,D10_P003_T01,4,120,180,4.0,6.0,8.366009,17.643839,-9.27783,0,2570,,0,,,,,,,
dance_009,D09_P016_T01,5,150,210,5.0,7.0,10.212263,19.54512,-9.332857,0,2571,,0,,,,,,,
dance_009,D09_P009_T01,1,30,90,1.0,3.0,10.203402,19.54512,-9.341718,0,2572,,0,,,,,,,
dance_002,D02_P005_T01,3,90,150,3.0,5.0,9.360368,18.773045,-9.412677,0,2574,,0,,,,,,,
dance_010,D10_P013_T01,11,330,390,11.0,13.0,8.212481,17.643839,-9.431358,0,2575,,0,,,,,,,
dance_002,D02_P010_T01,6,180,240,6.0,8.0,9.326746,18.773045,-9.446299,0,2576,,0,,,,,,,
dance_011,D11_P010_T01,2,60,120,2.0,4.0,6.499722,15.951577,-9.451855,0,2577,,0,,,,,,,
dance_009,D09_P014_T01,9,270,330,9.0,11.0,10.042955,19.54512,-9.502165,0,2579,,0,,,,,,,
dance_011,D11_P011_T01,3,90,150,3.0,5.0,6.423553,15.951577,-9.528024,0,2580,,0,,,,,,,
dance_002,D02_P015_T01,3,90,150,3.0,5.0,9.110171,18.773045,-9.662874,0,2581,,0,,,,,,,
dance_002,D02_P013_T01,2,60,120,2.0,4.0,9.056604,18.773045,-9.716441,0,2582,,0,,,,,,,
dance_009,D09_P020_T01,8,240,300,8.0,10.0,9.809795,19.54512,-9.735325,0,2584,,0,,,,,,,
dance_010,D10_P010_T01,2,60,120,2.0,4.0,7.884335,17.643839,-9.759504,0,2585,,0,,,,,,,
dance_009,D09_P018_T01,3,90,150,3.0,5.0,9.781477,19.54512,-9.763643,0,2586,,0,,,,,,,
dance_009,D09_P009_T01,9,270,330,9.0,11.0,9.768747,19.54512,-9.776373,0,2587,,0,,,,,,,
dance_009,D09_P004_T01,2,60,120,2.0,4.0,9.733382,19.54512,-9.811738,0,2588,,0,,,,,,,
dance_009,D09_P019_T01,9,270,330,9.0,11.0,9.696279,19.54512,-9.848841,0,2589,,0,,,,,,,
dance_008,D08_P011_T01,8,240,300,8.0,10.0,5.439421,15.296403,-9.856982,0,2590,,0,,,,,,,
dance_009,D09_P015_T01,5,150,210,5.0,7.0,9.674047,19.54512,-9.871073,0,2591,,0,,,,,,,
dance_010,D10_P018_T01,4,120,180,4.0,6.0,7.757826,17.643839,-9.886013,0,2592,,0,,,,,,,
dance_010,D10_P003_T01,0,0,60,0.0,2.0,7.743276,17.643839,-9.900563,0,2593,,0,,,,,,,
dance_010,D10_P018_T01,5,150,210,5.0,7.0,7.730376,17.643839,-9.913463,0,2594,,0,,,,,,,
dance_010,D10_P010_T01,6,180,240,6.0,8.0,7.627005,17.643839,-10.016834,0,2595,,0,,,,,,,
dance_010,D10_P010_T01,0,0,60,0.0,2.0,7.621184,17.643839,-10.022655,0,2596,,0,,,,,,,
dance_009,D09_P015_T01,8,240,300,8.0,10.0,9.501667,19.54512,-10.043453,0,2597,,0,,,,,,,
dance_010,D10_P018_T01,11,330,390,11.0,13.0,7.587886,17.643839,-10.055953,0,2598,,0,,,,,,,
dance_010,D10_P011_T01,3,90,150,3.0,5.0,7.561235,17.643839,-10.082604,0,2599,,0,,,,,,,
dance_009,D09_P018_T01,4,120,180,4.0,6.0,9.389825,19.54512,-10.155295,0,2600,,0,,,,,,,
dance_011,D11_P011_T01,2,60,120,2.0,4.0,5.784312,15.951577,-10.167265,0,2601,,0,,,,,,,
dance_009,D09_P017_T01,4,120,180,4.0,6.0,9.37315,19.54512,-10.17197,0,2602,,0,,,,,,,
dance_010,D10_P011_T01,4,120,180,4.0,6.0,7.464758,17.643839,-10.179081,0,2603,,0,,,,,,,
dance_009,D09_P015_T01,4,120,180,4.0,6.0,9.16221,19.54512,-10.38291,0,2604,,0,,,,,,,
dance_009,D09_P014_T01,3,90,150,3.0,5.0,9.118257,19.54512,-10.426863,0,2605,,0,,,,,,,
dance_010,D10_P011_T01,0,0,60,0.0,2.0,7.210353,17.643839,-10.433486,0,2606,,0,,,,,,,
dance_010,D10_P003_T01,1,30,90,1.0,3.0,7.189063,17.643839,-10.454776,0,2608,,0,,,,,,,
dance_009,D09_P016_T01,9,270,330,9.0,11.0,9.011403,19.54512,-10.533717,0,2609,,0,,,,,,,
dance_009,D09_P015_T01,9,270,330,9.0,11.0,8.998245,19.54512,-10.546875,0,2610,,0,,,,,,,
dance_009,D09_P016_T01,11,330,390,11.0,13.0,8.971062,19.54512,-10.574058,0,2611,,0,,,,,,,
dance_010,D10_P018_T01,2,60,120,2.0,4.0,7.047263,17.643839,-10.596576,0,2612,,0,,,,,,,
dance_002,D02_P005_T01,2,60,120,2.0,4.0,8.174329,18.773045,-10.598716,0,2613,,0,,,,,,,
dance_009,D09_P004_T01,4,120,180,4.0,6.0,8.890816,19.54512,-10.654304,0,2614,,0,,,,,,,
dance_002,D02_P011_T01,9,270,330,9.0,11.0,8.104552,18.773045,-10.668493,0,2615,,0,,,,,,,
dance_002,D02_P014_T01,9,270,330,9.0,11.0,8.026642,18.773045,-10.746403,0,2616,,0,,,,,,,
dance_010,D10_P011_T01,2,60,120,2.0,4.0,6.889459,17.643839,-10.75438,0,2617,,0,,,,,,,
dance_002,D02_P007_T01,2,60,120,2.0,4.0,7.848014,18.773045,-10.925031,0,2618,,0,,,,,,,
dance_010,D10_P011_T01,1,30,90,1.0,3.0,6.525128,17.643839,-11.118711,0,2619,,0,,,,,,,
dance_010,D10_P010_T01,4,120,180,4.0,6.0,6.502242,17.643839,-11.141597,0,2620,,0,,,,,,,
dance_002,D02_P004_T01,2,60,120,2.0,4.0,7.549859,18.773045,-11.223186,0,2621,,0,,,,,,,
dance_002,D02_P019_T01,2,60,120,2.0,4.0,7.54647,18.773045,-11.226575,0,2622,,0,,,,,,,
dance_002,D02_P002_T01,2,60,120,2.0,4.0,7.530493,18.773045,-11.242552,0,2623,,0,,,,,,,
dance_002,D02_P015_T01,2,60,120,2.0,4.0,7.498097,18.773045,-11.274948,0,2624,,0,,,,,,,
dance_002,D02_P019_T01,9,270,330,9.0,11.0,7.456447,18.773045,-11.316598,0,2625,,0,,,,,,,
dance_002,D02_P011_T01,2,60,120,2.0,4.0,7.364367,18.773045,-11.408678,0,2626,,0,,,,,,,
dance_002,D02_P014_T01,2,60,120,2.0,4.0,6.274153,18.773045,-12.498892,0,2627,,0,,,,,,,
dance_002,D02_P018_T01,2,60,120,2.0,4.0,6.10633,18.773045,-12.666715,0,2629,,0,,,,,,,
dance_002,D02_P006_T01,2,60,120,2.0,4.0,5.743858,18.773045,-13.029187,0,2630,,0,,,,,,,
dance_001,D01_P003_T01,1,30,90,1.0,3.0,0.0,14.435844,-14.435844,0,2631,,0,,,,,,,
dance_001,D01_P003_T01,2,60,120,2.0,4.0,0.0,14.435844,-14.435844,0,2631,,0,,,,,,,
dance_001,D01_P003_T01,3,90,150,3.0,5.0,0.0,14.435844,-14.435844,0,2631,,0,,,,,,,
dance_001,D01_P003_T01,4,120,180,4.0,6.0,0.0,14.435844,-14.435844,0,2631,,0,,,,,,,
dance_001,D01_P003_T01,5,150,210,5.0,7.0,0.0,14.435844,-14.435844,0,2631,,0,,,,,,,
dance_001,D01_P003_T01,6,180,240,6.0,8.0,0.0,14.435844,-14.435844,0,2631,,0,,,,,,,
dance_001,D01_P003_T01,7,210,270,7.0,9.0,0.0,14.435844,-14.435844,0,2631,,0,,,,,,,
dance_001,D01_P003_T01,8,240,300,8.0,10.0,0.0,14.435844,-14.435844,0,2631,,0,,,,,,,
