dance_id,video_id,window_id,start_frame,end_frame,start_time,end_time,dtw_distance_windowed,threshold,excess,flag,rank
dance_012,D12_P008_T01,10,300,360,10.0,12.0,28.135859,14.304425,13.831434,⚠️ nghi ngờ có lỗi,1
dance_012,D12_P008_T01,4,120,180,4.0,6.0,27.401047,14.304425,13.096622,⚠️ nghi ngờ có lỗi,2
dance_012,D12_P008_T01,5,150,210,5.0,7.0,26.530377,14.304425,12.225952,⚠️ nghi ngờ có lỗi,3
dance_008,D08_P014_T01,3,90,150,3.0,5.0,25.638366,15.296403,10.341963,⚠️ nghi ngờ có lỗi,4
dance_008,D08_P014_T01,2,60,120,2.0,4.0,25.581555,15.296403,10.285152,⚠️ nghi ngờ có lỗi,5
dance_012,D12_P008_T01,6,180,240,6.0,8.0,24.277737,14.304425,9.973312,⚠️ nghi ngờ có lỗi,6
dance_012,D12_P008_T01,3,90,150,3.0,5.0,23.9322,14.304425,9.627775,⚠️ nghi ngờ có lỗi,7
dance_009,D09_P012_T01,11,330,390,11.0,13.0,27.566041,19.54512,8.020921,⚠️ nghi ngờ có lỗi,8
dance_003,D03_P002_T01,6,180,240,6.0,8.0,22.144158,14.232737,7.911421,⚠️ nghi ngờ có lỗi,9
dance_009,D09_P012_T01,0,0,60,0.0,2.0,27.215759,19.54512,7.670639,⚠️ nghi ngờ có lỗi,10
dance_004,D04_P013_T01,0,0,60,0.0,2.0,23.831986,16.304395,7.527591,⚠️ nghi ngờ có lỗi,11
dance_012,D12_P008_T01,11,330,390,11.0,13.0,21.441866,14.304425,7.137441,⚠️ nghi ngờ có lỗi,12
dance_011,D11_P002_T01,15,450,510,15.0,17.0,22.235901,15.951577,6.284324,⚠️ nghi ngờ có lỗi,13
dance_009,D09_P007_T01,0,0,60,0.0,2.0,25.44465,19.54512,5.89953,⚠️ nghi ngờ có lỗi,14
dance_007,D07_P007_T01,7,210,270,7.0,9.0,18.3495,12.479667,5.869833,⚠️ nghi ngờ có lỗi,15
dance_002,D02_P012_T01,5,150,210,5.0,7.0,24.379268,18.773045,5.606223,⚠️ nghi ngờ có lỗi,16
dance_006,D06_P002_T01,0,0,60,0.0,2.0,19.152659,13.794565,5.358094,⚠️ nghi ngờ có lỗi,17
dance_001,D01_P012_T01,1,30,90,1.0,3.0,19.626511,14.435844,5.190667,⚠️ nghi ngờ có lỗi,18
dance_011,D11_P007_T01,14,420,480,14.0,16.0,21.087264,15.951577,5.135687,⚠️ nghi ngờ có lỗi,19
dance_004,D04_P003_T01,3,90,150,3.0,5.0,21.331086,16.304395,5.026691,⚠️ nghi ngờ có lỗi,20
dance_008,D08_P002_T01,7,210,270,7.0,9.0,20.310443,15.296403,5.01404,⚠️ nghi ngờ có lỗi,21
dance_005,D05_P008_T01,0,0,60,0.0,2.0,18.776939,13.799158,4.977781,⚠️ nghi ngờ có lỗi,22
dance_007,D07_P013_T01,8,240,300,8.0,10.0,17.430342,12.479667,4.950675,⚠️ nghi ngờ có lỗi,23
dance_011,D11_P002_T01,11,330,390,11.0,13.0,20.868932,15.951577,4.917355,⚠️ nghi ngờ có lỗi,24
dance_003,D03_P007_T01,5,150,210,5.0,7.0,19.136897,14.232737,4.90416,⚠️ nghi ngờ có lỗi,25
dance_010,D10_P007_T01,6,180,240,6.0,8.0,22.391365,17.643839,4.747526,⚠️ nghi ngờ có lỗi,26
dance_004,D04_P019_T01,10,300,360,10.0,12.0,20.999214,16.304395,4.694819,⚠️ nghi ngờ có lỗi,27
dance_003,D03_P009_T01,0,0,60,0.0,2.0,18.887846,14.232737,4.655109,⚠️ nghi ngờ có lỗi,28
dance_005,D05_P007_T01,6,180,240,6.0,8.0,18.443719,13.799158,4.644561,⚠️ nghi ngờ có lỗi,29
dance_012,D12_P008_T01,9,270,330,9.0,11.0,18.943733,14.304425,4.639308,⚠️ nghi ngờ có lỗi,30
dance_002,D02_P017_T01,0,0,60,0.0,2.0,23.371988,18.773045,4.598943,⚠️ nghi ngờ có lỗi,31
dance_011,D11_P008_T01,15,450,510,15.0,17.0,20.515785,15.951577,4.564208,⚠️ nghi ngờ có lỗi,32
dance_001,D01_P007_T01,8,240,300,8.0,10.0,18.892492,14.435844,4.456648,⚠️ nghi ngờ có lỗi,33
dance_008,D08_P002_T01,8,240,300,8.0,10.0,19.725478,15.296403,4.429075,⚠️ nghi ngờ có lỗi,34
dance_009,D09_P012_T01,7,210,270,7.0,9.0,23.909016,19.54512,4.363896,⚠️ nghi ngờ có lỗi,35
dance_011,D11_P004_T01,9,270,330,9.0,11.0,20.188584,15.951577,4.237007,⚠️ nghi ngờ có lỗi,36
dance_009,D09_P012_T01,8,240,300,8.0,10.0,23.774996,19.54512,4.229876,⚠️ nghi ngờ có lỗi,37
dance_003,D03_P007_T01,6,180,240,6.0,8.0,18.394238,14.232737,4.161501,⚠️ nghi ngờ có lỗi,38
dance_005,D05_P007_T01,7,210,270,7.0,9.0,17.917432,13.799158,4.118274,⚠️ nghi ngờ có lỗi,39
dance_010,D10_P007_T01,9,270,330,9.0,11.0,21.717367,17.643839,4.073528,⚠️ nghi ngờ có lỗi,40
dance_009,D09_P012_T01,2,60,120,2.0,4.0,23.591995,19.54512,4.046875,⚠️ nghi ngờ có lỗi,41
dance_003,D03_P007_T01,4,120,180,4.0,6.0,18.27955,14.232737,4.046813,⚠️ nghi ngờ có lỗi,42
dance_002,D02_P012_T01,4,120,180,4.0,6.0,22.814478,18.773045,4.041433,⚠️ nghi ngờ có lỗi,43
dance_004,D04_P017_T01,3,90,150,3.0,5.0,20.342969,16.304395,4.038574,⚠️ nghi ngờ có lỗi,44
dance_004,D04_P007_T01,4,120,180,4.0,6.0,20.325163,16.304395,4.020768,⚠️ nghi ngờ có lỗi,45
dance_004,D04_P017_T01,2,60,120,2.0,4.0,20.211531,16.304395,3.907136,⚠️ nghi ngờ có lỗi,46
dance_011,D11_P007_T01,12,360,420,12.0,14.0,19.855715,15.951577,3.904138,⚠️ nghi ngờ có lỗi,47
dance_006,D06_P012_T01,0,0,60,0.0,2.0,17.689812,13.794565,3.895247,⚠️ nghi ngờ có lỗi,48
dance_010,D10_P007_T01,5,150,210,5.0,7.0,21.515959,17.643839,3.87212,⚠️ nghi ngờ có lỗi,49
dance_009,D09_P002_T01,2,60,120,2.0,4.0,23.297772,19.54512,3.752652,⚠️ nghi ngờ có lỗi,50
dance_006,D06_P007_T01,0,0,60,0.0,2.0,17.543871,13.794565,3.749306,⚠️ nghi ngờ có lỗi,51
dance_001,D01_P012_T01,8,240,300,8.0,10.0,18.180259,14.435844,3.744415,⚠️ nghi ngờ có lỗi,52
dance_007,D07_P013_T01,9,270,330,9.0,11.0,16.221462,12.479667,3.741795,⚠️ nghi ngờ có lỗi,53
dance_005,D05_P010_T01,5,150,210,5.0,7.0,17.505878,13.799158,3.70672,⚠️ nghi ngờ có lỗi,54
dance_010,D10_P004_T01,7,210,270,7.0,9.0,21.278794,17.643839,3.634955,⚠️ nghi ngờ có lỗi,55
dance_001,D01_P007_T01,1,30,90,1.0,3.0,18.036696,14.435844,3.600852,⚠️ nghi ngờ có lỗi,56
dance_011,D11_P002_T01,3,90,150,3.0,5.0,19.518443,15.951577,3.566866,⚠️ nghi ngờ có lỗi,57
dance_006,D06_P002_T01,1,30,90,1.0,3.0,17.301022,13.794565,3.506457,⚠️ nghi ngờ có lỗi,58
dance_002,D02_P018_T01,4,120,180,4.0,6.0,22.25136,18.773045,3.478315,⚠️ nghi ngờ có lỗi,59
dance_008,D08_P007_T01,5,150,210,5.0,7.0,18.753704,15.296403,3.457301,⚠️ nghi ngờ có lỗi,60
dance_004,D04_P007_T01,3,90,150,3.0,5.0,19.742784,16.304395,3.438389,⚠️ nghi ngờ có lỗi,61
dance_005,D05_P002_T01,7,210,270,7.0,9.0,17.235241,13.799158,3.436083,⚠️ nghi ngờ có lỗi,62
dance_012,D12_P007_T01,0,0,60,0.0,2.0,17.678429,14.304425,3.374004,⚠️ nghi ngờ có lỗi,63
dance_002,D02_P007_T01,8,240,300,8.0,10.0,22.097468,18.773045,3.324423,⚠️ nghi ngờ có lỗi,64
dance_012,D12_P008_T01,0,0,60,0.0,2.0,17.594322,14.304425,3.289897,⚠️ nghi ngờ có lỗi,65
dance_001,D01_P012_T01,0,0,60,0.0,2.0,17.687879,14.435844,3.252035,⚠️ nghi ngờ có lỗi,66
dance_003,D03_P004_T01,5,150,210,5.0,7.0,17.474275,14.232737,3.241538,⚠️ nghi ngờ có lỗi,67
dance_010,D10_P012_T01,6,180,240,6.0,8.0,20.806588,17.643839,3.162749,⚠️ nghi ngờ có lỗi,68
dance_001,D01_P017_T01,0,0,60,0.0,2.0,17.546304,14.435844,3.11046,⚠️ nghi ngờ có lỗi,69
dance_006,D06_P007_T01,1,30,90,1.0,3.0,16.888644,13.794565,3.094079,⚠️ nghi ngờ có lỗi,70
dance_009,D09_P013_T01,7,210,270,7.0,9.0,22.628455,19.54512,3.083335,⚠️ nghi ngờ có lỗi,71
dance_001,D01_P012_T01,6,180,240,6.0,8.0,17.477107,14.435844,3.041263,⚠️ nghi ngờ có lỗi,72
dance_007,D07_P007_T01,6,180,240,6.0,8.0,15.506506,12.479667,3.026839,⚠️ nghi ngờ có lỗi,73
dance_008,D08_P020_T01,2,60,120,2.0,4.0,18.307281,15.296403,3.010878,⚠️ nghi ngờ có lỗi,74
dance_002,D02_P004_T01,4,120,180,4.0,6.0,21.761835,18.773045,2.98879,⚠️ nghi ngờ có lỗi,75
dance_008,D08_P009_T01,7,210,270,7.0,9.0,18.282156,15.296403,2.985753,⚠️ nghi ngờ có lỗi,76
dance_009,D09_P012_T01,10,300,360,10.0,12.0,22.418571,19.54512,2.873451,⚠️ nghi ngờ có lỗi,77
dance_006,D06_P019_T01,0,0,60,0.0,2.0,16.665387,13.794565,2.870822,⚠️ nghi ngờ có lỗi,78
dance_002,D02_P018_T01,0,0,60,0.0,2.0,21.573007,18.773045,2.799962,⚠️ nghi ngờ có lỗi,79
dance_011,D11_P007_T01,13,390,450,13.0,15.0,18.717576,15.951577,2.765999,⚠️ nghi ngờ có lỗi,80
dance_008,D08_P006_T01,4,120,180,4.0,6.0,18.021182,15.296403,2.724779,⚠️ nghi ngờ có lỗi,81
dance_012,D12_P002_T01,3,90,150,3.0,5.0,16.952226,14.304425,2.647801,⚠️ nghi ngờ có lỗi,82
dance_008,D08_P006_T01,11,330,390,11.0,13.0,17.899321,15.296403,2.602918,⚠️ nghi ngờ có lỗi,83
dance_005,D05_P008_T01,1,30,90,1.0,3.0,16.376935,13.799158,2.577777,⚠️ nghi ngờ có lỗi,84
dance_003,D03_P002_T01,1,30,90,1.0,3.0,16.778642,14.232737,2.545905,⚠️ nghi ngờ có lỗi,85
dance_003,D03_P008_T01,9,270,330,9.0,11.0,16.773831,14.232737,2.541094,⚠️ nghi ngờ có lỗi,86
dance_006,D06_P012_T01,1,30,90,1.0,3.0,16.329202,13.794565,2.534637,⚠️ nghi ngờ có lỗi,87
dance_009,D09_P006_T01,10,300,360,10.0,12.0,22.052379,19.54512,2.507259,⚠️ nghi ngờ có lỗi,88
dance_011,D11_P012_T01,10,300,360,10.0,12.0,18.451905,15.951577,2.500328,⚠️ nghi ngờ có lỗi,89
dance_012,D12_P007_T01,3,90,150,3.0,5.0,16.792747,14.304425,2.488322,⚠️ nghi ngờ có lỗi,90
dance_008,D08_P008_T01,12,360,420,12.0,14.0,17.778682,15.296403,2.482279,⚠️ nghi ngờ có lỗi,91
dance_011,D11_P008_T01,6,180,240,6.0,8.0,18.407433,15.951577,2.455856,⚠️ nghi ngờ có lỗi,92
dance_003,D03_P007_T01,9,270,330,9.0,11.0,16.678427,14.232737,2.44569,⚠️ nghi ngờ có lỗi,93
dance_008,D08_P007_T01,6,180,240,6.0,8.0,17.7162,15.296403,2.419797,⚠️ nghi ngờ có lỗi,94
dance_003,D03_P002_T01,0,0,60,0.0,2.0,16.649802,14.232737,2.417065,⚠️ nghi ngờ có lỗi,95
dance_002,D02_P008_T01,5,150,210,5.0,7.0,21.150923,18.773045,2.377878,⚠️ nghi ngờ có lỗi,96
dance_012,D12_P002_T01,4,120,180,4.0,6.0,16.678594,14.304425,2.374169,⚠️ nghi ngờ có lỗi,97
dance_006,D06_P017_T01,1,30,90,1.0,3.0,16.154637,13.794565,2.360072,⚠️ nghi ngờ có lỗi,98
dance_010,D10_P002_T01,6,180,240,6.0,8.0,19.978079,17.643839,2.33424,⚠️ nghi ngờ có lỗi,99
dance_004,D04_P017_T01,1,30,90,1.0,3.0,18.633676,16.304395,2.329281,⚠️ nghi ngờ có lỗi,100
dance_003,D03_P002_T01,5,150,210,5.0,7.0,16.535494,14.232737,2.302757,⚠️ nghi ngờ có lỗi,101
dance_011,D11_P002_T01,12,360,420,12.0,14.0,18.252888,15.951577,2.301311,⚠️ nghi ngờ có lỗi,102
dance_003,D03_P002_T01,7,210,270,7.0,9.0,16.467666,14.232737,2.234929,⚠️ nghi ngờ có lỗi,103
dance_008,D08_P008_T01,0,0,60,0.0,2.0,17.477658,15.296403,2.181255,⚠️ nghi ngờ có lỗi,104
dance_010,D10_P007_T01,8,240,300,8.0,10.0,19.786459,17.643839,2.14262,⚠️ nghi ngờ có lỗi,105
dance_003,D03_P007_T01,8,240,300,8.0,10.0,16.366547,14.232737,2.13381,⚠️ nghi ngờ có lỗi,106
dance_002,D02_P019_T01,4,120,180,4.0,6.0,20.8926,18.773045,2.119555,⚠️ nghi ngờ có lỗi,107
dance_011,D11_P013_T01,0,0,60,0.0,2.0,18.063716,15.951577,2.112139,⚠️ nghi ngờ có lỗi,108
dance_002,D02_P007_T01,9,270,330,9.0,11.0,20.881974,18.773045,2.108929,⚠️ nghi ngờ có lỗi,109
dance_005,D05_P007_T01,0,0,60,0.0,2.0,15.84304,13.799158,2.043882,⚠️ nghi ngờ có lỗi,110
dance_007,D07_P017_T01,5,150,210,5.0,7.0,14.517706,12.479667,2.038039,⚠️ nghi ngờ có lỗi,111
dance_005,D05_P008_T01,6,180,240,6.0,8.0,15.830551,13.799158,2.031393,⚠️ nghi ngờ có lỗi,112
dance_001,D01_P007_T01,2,60,120,2.0,4.0,16.461204,14.435844,2.02536,⚠️ nghi ngờ có lỗi,113
dance_008,D08_P010_T01,1,30,90,1.0,3.0,17.307153,15.296403,2.01075,⚠️ nghi ngờ có lỗi,114
dance_003,D03_P002_T01,4,120,180,4.0,6.0,16.242349,14.232737,2.009612,⚠️ nghi ngờ có lỗi,115
dance_006,D06_P008_T01,0,0,60,0.0,2.0,15.797304,13.794565,2.002739,⚠️ nghi ngờ có lỗi,116
dance_011,D11_P008_T01,13,390,450,13.0,15.0,17.937347,15.951577,1.98577,⚠️ nghi ngờ có lỗi,117
dance_004,D04_P007_T01,0,0,60,0.0,2.0,18.253878,16.304395,1.949483,⚠️ nghi ngờ có lỗi,118
dance_008,D08_P006_T01,2,60,120,2.0,4.0,17.24223,15.296403,1.945827,⚠️ nghi ngờ có lỗi,119
dance_005,D05_P016_T01,8,240,300,8.0,10.0,15.744883,13.799158,1.945725,⚠️ nghi ngờ có lỗi,120
dance_007,D07_P008_T01,7,210,270,7.0,9.0,14.42272,12.479667,1.943053,⚠️ nghi ngờ có lỗi,121
dance_008,D08_P006_T01,12,360,420,12.0,14.0,17.233448,15.296403,1.937045,⚠️ nghi ngờ có lỗi,122
dance_002,D02_P012_T01,0,0,60,0.0,2.0,20.701403,18.773045,1.928358,⚠️ nghi ngờ có lỗi,123
dance_012,D12_P008_T01,7,210,270,7.0,9.0,16.229054,14.304425,1.924629,⚠️ nghi ngờ có lỗi,124
dance_009,D09_P006_T01,11,330,390,11.0,13.0,21.412609,19.54512,1.867489,⚠️ nghi ngờ có lỗi,125
dance_009,D09_P019_T01,7,210,270,7.0,9.0,21.407364,19.54512,1.862244,⚠️ nghi ngờ có lỗi,126
dance_012,D12_P002_T01,8,240,300,8.0,10.0,16.144473,14.304425,1.840048,⚠️ nghi ngờ có lỗi,127
dance_006,D06_P008_T01,12,360,420,12.0,14.0,15.624422,13.794565,1.829857,⚠️ nghi ngờ có lỗi,128
dance_004,D04_P012_T01,4,120,180,4.0,6.0,18.128331,16.304395,1.823936,⚠️ nghi ngờ có lỗi,129
dance_002,D02_P008_T01,4,120,180,4.0,6.0,20.579311,18.773045,1.806266,⚠️ nghi ngờ có lỗi,130
dance_002,D02_P020_T01,9,270,330,9.0,11.0,20.55052,18.773045,1.777475,⚠️ nghi ngờ có lỗi,131
dance_001,D01_P007_T01,7,210,270,7.0,9.0,16.169951,14.435844,1.734107,⚠️ nghi ngờ có lỗi,132
dance_004,D04_P020_T01,4,120,180,4.0,6.0,18.011608,16.304395,1.707213,⚠️ nghi ngờ có lỗi,133
dance_001,D01_P001_T01,7,210,270,7.0,9.0,16.122516,14.435844,1.686672,⚠️ nghi ngờ có lỗi,134
dance_005,D05_P010_T01,4,120,180,4.0,6.0,15.482773,13.799158,1.683615,⚠️ nghi ngờ có lỗi,135
dance_010,D10_P007_T01,10,300,360,10.0,12.0,19.322485,17.643839,1.678646,⚠️ nghi ngờ có lỗi,136
dance_010,D10_P012_T01,7,210,270,7.0,9.0,19.291254,17.643839,1.647415,⚠️ nghi ngờ có lỗi,137
dance_006,D06_P009_T01,12,360,420,12.0,14.0,15.392311,13.794565,1.597746,⚠️ nghi ngờ có lỗi,138
dance_010,D10_P020_T01,5,150,210,5.0,7.0,19.240048,17.643839,1.596209,⚠️ nghi ngờ có lỗi,139
dance_001,D01_P012_T01,2,60,120,2.0,4.0,16.001226,14.435844,1.565382,⚠️ nghi ngờ có lỗi,140
dance_012,D12_P014_T01,0,0,60,0.0,2.0,15.797548,14.304425,1.493123,⚠️ nghi ngờ có lỗi,141
dance_009,D09_P013_T01,0,0,60,0.0,2.0,20.999761,19.54512,1.454641,⚠️ nghi ngờ có lỗi,142
dance_003,D03_P007_T01,1,30,90,1.0,3.0,15.68557,14.232737,1.452833,⚠️ nghi ngờ có lỗi,143
dance_006,D06_P002_T01,2,60,120,2.0,4.0,15.239369,13.794565,1.444804,⚠️ nghi ngờ có lỗi,144
dance_008,D08_P020_T01,3,90,150,3.0,5.0,16.677207,15.296403,1.380804,⚠️ nghi ngờ có lỗi,145
dance_001,D01_P017_T01,6,180,240,6.0,8.0,15.805453,14.435844,1.369609,⚠️ nghi ngờ có lỗi,146
dance_001,D01_P007_T01,6,180,240,6.0,8.0,15.769506,14.435844,1.333662,⚠️ nghi ngờ có lỗi,147
dance_007,D07_P016_T01,9,270,330,9.0,11.0,13.808385,12.479667,1.328718,⚠️ nghi ngờ có lỗi,148
dance_007,D07_P013_T01,10,300,360,10.0,12.0,13.796623,12.479667,1.316956,⚠️ nghi ngờ có lỗi,149
dance_011,D11_P016_T01,14,420,480,14.0,16.0,17.246034,15.951577,1.294457,⚠️ nghi ngờ có lỗi,150
dance_011,D11_P002_T01,2,60,120,2.0,4.0,17.237953,15.951577,1.286376,⚠️ nghi ngờ có lỗi,151
dance_001,D01_P020_T01,0,0,60,0.0,2.0,15.687256,14.435844,1.251412,⚠️ nghi ngờ có lỗi,152
dance_011,D11_P007_T01,15,450,510,15.0,17.0,17.196931,15.951577,1.245354,⚠️ nghi ngờ có lỗi,153
dance_008,D08_P008_T01,2,60,120,2.0,4.0,16.536345,15.296403,1.239942,⚠️ nghi ngờ có lỗi,154
dance_006,D06_P013_T01,12,360,420,12.0,14.0,15.029366,13.794565,1.234801,⚠️ nghi ngờ có lỗi,155
dance_011,D11_P007_T01,11,330,390,11.0,13.0,17.181635,15.951577,1.230058,⚠️ nghi ngờ có lỗi,156
dance_003,D03_P010_T01,7,210,270,7.0,9.0,15.446566,14.232737,1.213829,⚠️ nghi ngờ có lỗi,157
dance_006,D06_P007_T01,7,210,270,7.0,9.0,14.984131,13.794565,1.189566,⚠️ nghi ngờ có lỗi,158
dance_008,D08_P009_T01,1,30,90,1.0,3.0,16.46288,15.296403,1.166477,⚠️ nghi ngờ có lỗi,159
dance_003,D03_P007_T01,12,360,420,12.0,14.0,15.366118,14.232737,1.133381,⚠️ nghi ngờ có lỗi,160
dance_010,D10_P007_T01,4,120,180,4.0,6.0,18.773564,17.643839,1.129725,⚠️ nghi ngờ có lỗi,161
dance_001,D01_P001_T01,8,240,300,8.0,10.0,15.558452,14.435844,1.122608,⚠️ nghi ngờ có lỗi,162
dance_008,D08_P007_T01,7,210,270,7.0,9.0,16.413269,15.296403,1.116866,⚠️ nghi ngờ có lỗi,163
dance_007,D07_P007_T01,0,0,60,0.0,2.0,13.591098,12.479667,1.111431,⚠️ nghi ngờ có lỗi,164
dance_004,D04_P015_T01,0,0,60,0.0,2.0,17.411012,16.304395,1.106617,⚠️ nghi ngờ có lỗi,165
dance_008,D08_P018_T01,2,60,120,2.0,4.0,16.390826,15.296403,1.094423,⚠️ nghi ngờ có lỗi,166
dance_002,D02_P002_T01,9,270,330,9.0,11.0,19.817477,18.773045,1.044432,⚠️ nghi ngờ có lỗi,167
dance_005,D05_P017_T01,2,60,120,2.0,4.0,14.827959,13.799158,1.028801,⚠️ nghi ngờ có lỗi,168
dance_008,D08_P009_T01,12,360,420,12.0,14.0,16.319857,15.296403,1.023454,⚠️ nghi ngờ có lỗi,169
dance_006,D06_P002_T01,11,330,390,11.0,13.0,14.816579,13.794565,1.022014,⚠️ nghi ngờ có lỗi,170
dance_012,D12_P016_T01,11,330,390,11.0,13.0,15.30546,14.304425,1.001035,⚠️ nghi ngờ có lỗi,171
dance_008,D08_P008_T01,3,90,150,3.0,5.0,16.293181,15.296403,0.996778,⚠️ nghi ngờ có lỗi,172
dance_007,D07_P002_T01,0,0,60,0.0,2.0,13.443783,12.479667,0.964116,⚠️ nghi ngờ có lỗi,173
dance_007,D07_P008_T01,8,240,300,8.0,10.0,13.443404,12.479667,0.963737,⚠️ nghi ngờ có lỗi,174
dance_002,D02_P014_T01,4,120,180,4.0,6.0,19.735518,18.773045,0.962473,⚠️ nghi ngờ có lỗi,175
dance_008,D08_P002_T01,15,450,510,15.0,17.0,16.2586,15.296403,0.962197,⚠️ nghi ngờ có lỗi,176
dance_005,D05_P008_T01,2,60,120,2.0,4.0,14.759243,13.799158,0.960085,⚠️ nghi ngờ có lỗi,177
dance_003,D03_P002_T01,2,60,120,2.0,4.0,15.192396,14.232737,0.959659,⚠️ nghi ngờ có lỗi,178
dance_010,D10_P019_T01,8,240,300,8.0,10.0,18.594881,17.643839,0.951042,⚠️ nghi ngờ có lỗi,179
dance_009,D09_P019_T01,6,180,240,6.0,8.0,20.485854,19.54512,0.940734,⚠️ nghi ngờ có lỗi,180
dance_012,D12_P012_T01,8,240,300,8.0,10.0,15.212979,14.304425,0.908554,⚠️ nghi ngờ có lỗi,181
dance_005,D05_P016_T01,6,180,240,6.0,8.0,14.707283,13.799158,0.908125,⚠️ nghi ngờ có lỗi,182
dance_007,D07_P015_T01,2,60,120,2.0,4.0,13.365728,12.479667,0.886061,⚠️ nghi ngờ có lỗi,183
dance_012,D12_P008_T01,2,60,120,2.0,4.0,15.167004,14.304425,0.862579,⚠️ nghi ngờ có lỗi,184
dance_009,D09_P002_T01,3,90,150,3.0,5.0,20.405637,19.54512,0.860517,⚠️ nghi ngờ có lỗi,185
dance_011,D11_P008_T01,7,210,270,7.0,9.0,16.809857,15.951577,0.85828,⚠️ nghi ngờ có lỗi,186
dance_012,D12_P017_T01,0,0,60,0.0,2.0,15.160758,14.304425,0.856333,⚠️ nghi ngờ có lỗi,187
dance_001,D01_P016_T01,0,0,60,0.0,2.0,15.288801,14.435844,0.852957,⚠️ nghi ngờ có lỗi,188
dance_007,D07_P012_T01,2,60,120,2.0,4.0,13.306512,12.479667,0.826845,⚠️ nghi ngờ có lỗi,189
dance_005,D05_P017_T01,3,90,150,3.0,5.0,14.624617,13.799158,0.825459,⚠️ nghi ngờ có lỗi,190
dance_009,D09_P012_T01,1,30,90,1.0,3.0,20.355491,19.54512,0.810371,⚠️ nghi ngờ có lỗi,191
dance_004,D04_P017_T01,4,120,180,4.0,6.0,17.099703,16.304395,0.795308,⚠️ nghi ngờ có lỗi,192
dance_005,D05_P008_T01,7,210,270,7.0,9.0,14.587928,13.799158,0.78877,⚠️ nghi ngờ có lỗi,193
dance_010,D10_P006_T01,9,270,330,9.0,11.0,18.411641,17.643839,0.767802,⚠️ nghi ngờ có lỗi,194
dance_012,D12_P020_T01,0,0,60,0.0,2.0,15.059914,14.304425,0.755489,⚠️ nghi ngờ có lỗi,195
dance_005,D05_P019_T01,0,0,60,0.0,2.0,14.551199,13.799158,0.752041,⚠️ nghi ngờ có lỗi,196
dance_011,D11_P012_T01,12,360,420,12.0,14.0,16.70256,15.951577,0.750983,⚠️ nghi ngờ có lỗi,197
dance_006,D06_P012_T01,3,90,150,3.0,5.0,14.53639,13.794565,0.741825,⚠️ nghi ngờ có lỗi,198
dance_006,D06_P003_T01,6,180,240,6.0,8.0,14.51785,13.794565,0.723285,⚠️ nghi ngờ có lỗi,199
dance_006,D06_P009_T01,1,30,90,1.0,3.0,14.517353,13.794565,0.722788,⚠️ nghi ngờ có lỗi,200
dance_004,D04_P009_T01,3,90,150,3.0,5.0,17.014332,16.304395,0.709937,⚠️ nghi ngờ có lỗi,201
dance_010,D10_P006_T01,8,240,300,8.0,10.0,18.35288,17.643839,0.709041,⚠️ nghi ngờ có lỗi,202
dance_004,D04_P015_T01,1,30,90,1.0,3.0,16.98871,16.304395,0.684315,⚠️ nghi ngờ có lỗi,203
dance_010,D10_P006_T01,10,300,360,10.0,12.0,18.322695,17.643839,0.678856,⚠️ nghi ngờ có lỗi,204
dance_007,D07_P002_T01,8,240,300,8.0,10.0,13.146105,12.479667,0.666438,⚠️ nghi ngờ có lỗi,205
dance_008,D08_P020_T01,9,270,330,9.0,11.0,15.957982,15.296403,0.661579,⚠️ nghi ngờ có lỗi,206
dance_010,D10_P011_T01,10,300,360,10.0,12.0,18.304485,17.643839,0.660646,⚠️ nghi ngờ có lỗi,207
dance_010,D10_P007_T01,1,30,90,1.0,3.0,18.280278,17.643839,0.636439,⚠️ nghi ngờ có lỗi,208
dance_006,D06_P008_T01,8,240,300,8.0,10.0,14.422486,13.794565,0.627921,⚠️ nghi ngờ có lỗi,209
dance_009,D09_P003_T01,3,90,150,3.0,5.0,20.169529,19.54512,0.624409,⚠️ nghi ngờ có lỗi,210
dance_004,D04_P008_T01,10,300,360,10.0,12.0,16.906452,16.304395,0.602057,⚠️ nghi ngờ có lỗi,211
dance_010,D10_P012_T01,5,150,210,5.0,7.0,18.242524,17.643839,0.598685,⚠️ nghi ngờ có lỗi,212
dance_007,D07_P013_T01,4,120,180,4.0,6.0,13.064474,12.479667,0.584807,⚠️ nghi ngờ có lỗi,213
dance_006,D06_P013_T01,1,30,90,1.0,3.0,14.371697,13.794565,0.577132,⚠️ nghi ngờ có lỗi,214
dance_008,D08_P002_T01,5,150,210,5.0,7.0,15.841024,15.296403,0.544621,⚠️ nghi ngờ có lỗi,215
dance_009,D09_P003_T01,4,120,180,4.0,6.0,20.089115,19.54512,0.543995,⚠️ nghi ngờ có lỗi,216
dance_004,D04_P007_T01,9,270,330,9.0,11.0,16.813093,16.304395,0.508698,⚠️ nghi ngờ có lỗi,217
dance_004,D04_P002_T01,4,120,180,4.0,6.0,16.782659,16.304395,0.478264,⚠️ nghi ngờ có lỗi,218
dance_009,D09_P013_T01,1,30,90,1.0,3.0,20.010383,19.54512,0.465263,⚠️ nghi ngờ có lỗi,219
dance_007,D07_P002_T01,5,150,210,5.0,7.0,12.928527,12.479667,0.44886,⚠️ nghi ngờ có lỗi,220
dance_011,D11_P008_T01,14,420,480,14.0,16.0,16.389228,15.951577,0.437651,⚠️ nghi ngờ có lỗi,221
dance_011,D11_P002_T01,10,300,360,10.0,12.0,16.37846,15.951577,0.426883,⚠️ nghi ngờ có lỗi,222
dance_002,D02_P015_T01,0,0,60,0.0,2.0,19.196173,18.773045,0.423128,⚠️ nghi ngờ có lỗi,223
dance_002,D02_P020_T01,0,0,60,0.0,2.0,19.189763,18.773045,0.416718,⚠️ nghi ngờ có lỗi,224
dance_012,D12_P004_T01,0,0,60,0.0,2.0,14.709715,14.304425,0.40529,⚠️ nghi ngờ có lỗi,225
dance_008,D08_P002_T01,12,360,420,12.0,14.0,15.700613,15.296403,0.40421,⚠️ nghi ngờ có lỗi,226
dance_002,D02_P007_T01,5,150,210,5.0,7.0,19.140386,18.773045,0.367341,⚠️ nghi ngờ có lỗi,227
dance_001,D01_P019_T01,1,30,90,1.0,3.0,14.78019,14.435844,0.344346,⚠️ nghi ngờ có lỗi,228
dance_003,D03_P007_T01,7,210,270,7.0,9.0,14.575648,14.232737,0.342911,⚠️ nghi ngờ có lỗi,229
dance_011,D11_P006_T01,14,420,480,14.0,16.0,16.29279,15.951577,0.341213,⚠️ nghi ngờ có lỗi,230
dance_007,D07_P011_T01,5,150,210,5.0,7.0,12.817076,12.479667,0.337409,⚠️ nghi ngờ có lỗi,231
dance_008,D08_P013_T01,7,210,270,7.0,9.0,15.623462,15.296403,0.327059,⚠️ nghi ngờ có lỗi,232
dance_006,D06_P003_T01,5,150,210,5.0,7.0,14.11557,13.794565,0.321005,⚠️ nghi ngờ có lỗi,233
dance_003,D03_P020_T01,8,240,300,8.0,10.0,14.540663,14.232737,0.307926,⚠️ nghi ngờ có lỗi,234
dance_008,D08_P012_T01,0,0,60,0.0,2.0,15.587433,15.296403,0.29103,⚠️ nghi ngờ có lỗi,235
dance_004,D04_P003_T01,2,60,120,2.0,4.0,16.591859,16.304395,0.287464,⚠️ nghi ngờ có lỗi,236
dance_007,D07_P008_T01,9,270,330,9.0,11.0,12.750117,12.479667,0.27045,⚠️ nghi ngờ có lỗi,237
dance_007,D07_P013_T01,5,150,210,5.0,7.0,12.748681,12.479667,0.269014,⚠️ nghi ngờ có lỗi,238
dance_012,D12_P016_T01,10,300,360,10.0,12.0,14.573253,14.304425,0.268828,⚠️ nghi ngờ có lỗi,239
dance_011,D11_P015_T01,13,390,450,13.0,15.0,16.214091,15.951577,0.262514,⚠️ nghi ngờ có lỗi,240
dance_010,D10_P007_T01,2,60,120,2.0,4.0,17.904668,17.643839,0.260829,⚠️ nghi ngờ có lỗi,241
dance_003,D03_P009_T01,9,270,330,9.0,11.0,14.492123,14.232737,0.259386,⚠️ nghi ngờ có lỗi,242
dance_008,D08_P009_T01,13,390,450,13.0,15.0,15.550204,15.296403,0.253801,⚠️ nghi ngờ có lỗi,243
dance_008,D08_P002_T01,9,270,330,9.0,11.0,15.535875,15.296403,0.239472,⚠️ nghi ngờ có lỗi,244
dance_007,D07_P019_T01,4,120,180,4.0,6.0,12.717264,12.479667,0.237597,⚠️ nghi ngờ có lỗi,245
dance_003,D03_P008_T01,7,210,270,7.0,9.0,14.458147,14.232737,0.22541,⚠️ nghi ngờ có lỗi,246
dance_011,D11_P013_T01,6,180,240,6.0,8.0,16.173758,15.951577,0.222181,⚠️ nghi ngờ có lỗi,247
dance_004,D04_P008_T01,4,120,180,4.0,6.0,16.503121,16.304395,0.198726,⚠️ nghi ngờ có lỗi,248
dance_006,D06_P003_T01,10,300,360,10.0,12.0,13.968979,13.794565,0.174414,⚠️ nghi ngờ có lỗi,249
dance_010,D10_P013_T01,12,360,420,12.0,14.0,17.798594,17.643839,0.154755,⚠️ nghi ngờ có lỗi,250
dance_003,D03_P008_T01,3,90,150,3.0,5.0,14.369002,14.232737,0.136265,⚠️ nghi ngờ có lỗi,251
dance_010,D10_P004_T01,6,180,240,6.0,8.0,17.77674,17.643839,0.132901,⚠️ nghi ngờ có lỗi,252
dance_001,D01_P001_T01,6,180,240,6.0,8.0,14.532834,14.435844,0.09699,⚠️ nghi ngờ có lỗi,253
dance_009,D09_P019_T01,1,30,90,1.0,3.0,19.639142,19.54512,0.094022,⚠️ nghi ngờ có lỗi,254
dance_008,D08_P002_T01,2,60,120,2.0,4.0,15.380404,15.296403,0.084001,⚠️ nghi ngờ có lỗi,255
dance_011,D11_P002_T01,5,150,210,5.0,7.0,16.016937,15.951577,0.06536,⚠️ nghi ngờ có lỗi,256
dance_012,D12_P002_T01,5,150,210,5.0,7.0,14.368768,14.304425,0.064343,⚠️ nghi ngờ có lỗi,257
dance_006,D06_P019_T01,3,90,150,3.0,5.0,13.846643,13.794565,0.052078,⚠️ nghi ngờ có lỗi,258
dance_011,D11_P002_T01,7,210,270,7.0,9.0,16.001752,15.951577,0.050175,⚠️ nghi ngờ có lỗi,259
dance_010,D10_P002_T01,5,150,210,5.0,7.0,17.68808,17.643839,0.044241,⚠️ nghi ngờ có lỗi,260
dance_011,D11_P004_T01,10,300,360,10.0,12.0,15.986056,15.951577,0.034479,⚠️ nghi ngờ có lỗi,261
dance_008,D08_P009_T01,11,330,390,11.0,13.0,15.323253,15.296403,0.02685,⚠️ nghi ngờ có lỗi,262
dance_002,D02_P013_T01,7,210,270,7.0,9.0,18.796367,18.773045,0.023322,⚠️ nghi ngờ có lỗi,263
dance_007,D07_P012_T01,10,300,360,10.0,12.0,12.500807,12.479667,0.02114,⚠️ nghi ngờ có lỗi,264
dance_003,D03_P016_T01,1,30,90,1.0,3.0,14.253053,14.232737,0.020316,⚠️ nghi ngờ có lỗi,265
dance_010,D10_P004_T01,8,240,300,8.0,10.0,17.661779,17.643839,0.01794,⚠️ nghi ngờ có lỗi,266
dance_006,D06_P013_T01,11,330,390,11.0,13.0,13.796915,13.794565,0.00235,⚠️ nghi ngờ có lỗi,267
dance_005,D05_P002_T01,5,150,210,5.0,7.0,13.799709,13.799158,0.000551,⚠️ nghi ngờ có lỗi,268
dance_005,D05_P016_T01,5,150,210,5.0,7.0,13.798608,13.799158,-0.00055,,269
dance_010,D10_P014_T01,9,270,330,9.0,11.0,17.641846,17.643839,-0.001993,,270
dance_006,D06_P013_T01,8,240,300,8.0,10.0,13.789082,13.794565,-0.005483,,271
dance_002,D02_P007_T01,4,120,180,4.0,6.0,18.76305,18.773045,-0.009995,,272
dance_009,D09_P002_T01,4,120,180,4.0,6.0,19.534673,19.54512,-0.010447,,273
dance_003,D03_P016_T01,7,210,270,7.0,9.0,14.212421,14.232737,-0.020316,,274
dance_006,D06_P019_T01,12,360,420,12.0,14.0,13.769867,13.794565,-0.024698,,275
dance_012,D12_P006_T01,0,0,60,0.0,2.0,14.276849,14.304425,-0.027576,,276
dance_012,D12_P019_T01,0,0,60,0.0,2.0,14.275047,14.304425,-0.029378,,277
dance_003,D03_P012_T01,1,30,90,1.0,3.0,14.197145,14.232737,-0.035592,,278
dance_007,D07_P016_T01,6,180,240,6.0,8.0,12.43034,12.479667,-0.049327,,279
dance_004,D04_P013_T01,1,30,90,1.0,3.0,16.254714,16.304395,-0.049681,,280
dance_011,D11_P013_T01,1,30,90,1.0,3.0,15.899859,15.951577,-0.051718,,281
dance_008,D08_P012_T01,2,60,120,2.0,4.0,15.233753,15.296403,-0.06265,,282
dance_005,D05_P002_T01,0,0,60,0.0,2.0,13.734667,13.799158,-0.064491,,283
dance_007,D07_P002_T01,1,30,90,1.0,3.0,12.411237,12.479667,-0.06843,,284
dance_012,D12_P002_T01,9,270,330,9.0,11.0,14.227337,14.304425,-0.077088,,285
dance_007,D07_P016_T01,5,150,210,5.0,7.0,12.402521,12.479667,-0.077146,,286
dance_002,D02_P016_T01,4,120,180,4.0,6.0,18.695409,18.773045,-0.077636,,287
dance_007,D07_P007_T01,8,240,300,8.0,10.0,12.389425,12.479667,-0.090242,,288
dance_006,D06_P017_T01,2,60,120,2.0,4.0,13.686991,13.794565,-0.107574,,289
dance_002,D02_P020_T01,6,180,240,6.0,8.0,18.664089,18.773045,-0.108956,,290
dance_007,D07_P012_T01,1,30,90,1.0,3.0,12.366789,12.479667,-0.112878,,291
dance_012,D12_P007_T01,1,30,90,1.0,3.0,14.182833,14.304425,-0.121592,,292
dance_011,D11_P002_T01,4,120,180,4.0,6.0,15.822078,15.951577,-0.129499,,293
dance_001,D01_P011_T01,1,30,90,1.0,3.0,14.290359,14.435844,-0.145485,,294
dance_005,D05_P017_T01,8,240,300,8.0,10.0,13.649471,13.799158,-0.149687,,295
dance_002,D02_P019_T01,5,150,210,5.0,7.0,18.619827,18.773045,-0.153218,,296
dance_008,D08_P016_T01,9,270,330,9.0,11.0,15.142307,15.296403,-0.154096,,297
dance_011,D11_P009_T01,11,330,390,11.0,13.0,15.795569,15.951577,-0.156008,,298
dance_007,D07_P007_T01,4,120,180,4.0,6.0,12.321046,12.479667,-0.158621,,299
dance_011,D11_P003_T01,10,300,360,10.0,12.0,15.792759,15.951577,-0.158818,,300
dance_007,D07_P017_T01,1,30,90,1.0,3.0,12.319778,12.479667,-0.159889,,301
dance_006,D06_P012_T01,2,60,120,2.0,4.0,13.621175,13.794565,-0.17339,,302
dance_006,D06_P002_T01,4,120,180,4.0,6.0,13.620205,13.794565,-0.17436,,303
dance_009,D09_P014_T01,7,210,270,7.0,9.0,19.353225,19.54512,-0.191895,,304
dance_012,D12_P002_T01,0,0,60,0.0,2.0,14.103522,14.304425,-0.200903,,305
dance_002,D02_P013_T01,4,120,180,4.0,6.0,18.567743,18.773045,-0.205302,,306
dance_008,D08_P007_T01,8,240,300,8.0,10.0,15.090456,15.296403,-0.205947,,307
dance_010,D10_P004_T01,2,60,120,2.0,4.0,17.431369,17.643839,-0.21247,,308
dance_009,D09_P019_T01,5,150,210,5.0,7.0,19.330185,19.54512,-0.214935,,309
dance_005,D05_P013_T01,3,90,150,3.0,5.0,13.580289,13.799158,-0.218869,,310
dance_006,D06_P002_T01,5,150,210,5.0,7.0,13.55957,13.794565,-0.234995,,311
dance_012,D12_P014_T01,10,300,360,10.0,12.0,14.06575,14.304425,-0.238675,,312
dance_005,D05_P003_T01,0,0,60,0.0,2.0,13.556332,13.799158,-0.242826,,313
dance_003,D03_P005_T01,3,90,150,3.0,5.0,13.98322,14.232737,-0.249517,,314
dance_008,D08_P008_T01,11,330,390,11.0,13.0,15.046445,15.296403,-0.249958,,315
dance_006,D06_P016_T01,8,240,300,8.0,10.0,13.528987,13.794565,-0.265578,,316
dance_008,D08_P006_T01,10,300,360,10.0,12.0,15.02495,15.296403,-0.271453,,317
dance_003,D03_P010_T01,6,180,240,6.0,8.0,13.957014,14.232737,-0.275723,,318
dance_006,D06_P013_T01,0,0,60,0.0,2.0,13.508823,13.794565,-0.285742,,319
dance_006,D06_P002_T01,12,360,420,12.0,14.0,13.502516,13.794565,-0.292049,,320
dance_005,D05_P007_T01,1,30,90,1.0,3.0,13.502002,13.799158,-0.297156,,321
dance_006,D06_P016_T01,6,180,240,6.0,8.0,13.49619,13.794565,-0.298375,,322
dance_006,D06_P007_T01,8,240,300,8.0,10.0,13.488191,13.794565,-0.306374,,323
dance_006,D06_P007_T01,2,60,120,2.0,4.0,13.486487,13.794565,-0.308078,,324
dance_006,D06_P005_T01,0,0,60,0.0,2.0,13.469725,13.794565,-0.32484,,325
dance_003,D03_P002_T01,8,240,300,8.0,10.0,13.907558,14.232737,-0.325179,,326
dance_005,D05_P012_T01,6,180,240,6.0,8.0,13.471307,13.799158,-0.327851,,327
dance_007,D07_P012_T01,3,90,150,3.0,5.0,12.143628,12.479667,-0.336039,,328
dance_012,D12_P007_T01,12,360,420,12.0,14.0,13.968329,14.304425,-0.336096,,329
dance_007,D07_P003_T01,3,90,150,3.0,5.0,12.141719,12.479667,-0.337948,,330
dance_004,D04_P007_T01,10,300,360,10.0,12.0,15.964592,16.304395,-0.339803,,331
dance_010,D10_P012_T01,10,300,360,10.0,12.0,17.300564,17.643839,-0.343275,,332
dance_007,D07_P004_T01,5,150,210,5.0,7.0,12.13065,12.479667,-0.349017,,333
dance_001,D01_P011_T01,0,0,60,0.0,2.0,14.077688,14.435844,-0.358156,,334
dance_012,D12_P016_T01,8,240,300,8.0,10.0,13.93127,14.304425,-0.373155,,335
dance_008,D08_P002_T01,11,330,390,11.0,13.0,14.92106,15.296403,-0.375343,,336
dance_007,D07_P008_T01,5,150,210,5.0,7.0,12.098724,12.479667,-0.380943,,337
dance_005,D05_P010_T01,1,30,90,1.0,3.0,13.408524,13.799158,-0.390634,,338
dance_006,D06_P008_T01,1,30,90,1.0,3.0,13.395445,13.794565,-0.39912,,339
dance_003,D03_P003_T01,12,360,420,12.0,14.0,13.822398,14.232737,-0.410339,,340
dance_010,D10_P009_T01,9,270,330,9.0,11.0,17.230865,17.643839,-0.412974,,341
dance_008,D08_P014_T01,8,240,300,8.0,10.0,14.880719,15.296403,-0.415684,,342
dance_004,D04_P008_T01,0,0,60,0.0,2.0,15.888106,16.304395,-0.416289,,343
dance_002,D02_P003_T01,8,240,300,8.0,10.0,18.348125,18.773045,-0.42492,,344
dance_008,D08_P002_T01,10,300,360,10.0,12.0,14.865767,15.296403,-0.430636,,345
dance_007,D07_P017_T01,3,90,150,3.0,5.0,12.044796,12.479667,-0.434871,,346
dance_003,D03_P014_T01,8,240,300,8.0,10.0,13.785986,14.232737,-0.446751,,347
dance_004,D04_P017_T01,0,0,60,0.0,2.0,15.850636,16.304395,-0.453759,,348
dance_011,D11_P016_T01,0,0,60,0.0,2.0,15.494657,15.951577,-0.45692,,349
dance_012,D12_P007_T01,2,60,120,2.0,4.0,13.841752,14.304425,-0.462673,,350
dance_003,D03_P008_T01,4,120,180,4.0,6.0,13.764772,14.232737,-0.467965,,351
dance_006,D06_P016_T01,0,0,60,0.0,2.0,13.316651,13.794565,-0.477914,,352
dance_001,D01_P018_T01,6,180,240,6.0,8.0,13.95482,14.435844,-0.481024,,353
dance_012,D12_P012_T01,0,0,60,0.0,2.0,13.820142,14.304425,-0.484283,,354
dance_004,D04_P006_T01,4,120,180,4.0,6.0,15.812638,16.304395,-0.491757,,355
dance_011,D11_P005_T01,7,210,270,7.0,9.0,15.459182,15.951577,-0.492395,,356
dance_010,D10_P013_T01,5,150,210,5.0,7.0,17.143841,17.643839,-0.499998,,357
dance_009,D09_P006_T01,1,30,90,1.0,3.0,19.035005,19.54512,-0.510115,,358
dance_008,D08_P020_T01,7,210,270,7.0,9.0,14.785862,15.296403,-0.510541,,359
dance_009,D09_P007_T01,2,60,120,2.0,4.0,19.03365,19.54512,-0.51147,,360
dance_012,D12_P013_T01,0,0,60,0.0,2.0,13.790155,14.304425,-0.51427,,361
dance_008,D08_P009_T01,10,300,360,10.0,12.0,14.781997,15.296403,-0.514406,,362
dance_001,D01_P010_T01,8,240,300,8.0,10.0,13.908482,14.435844,-0.527362,,363
dance_007,D07_P014_T01,7,210,270,7.0,9.0,11.946605,12.479667,-0.533062,,364
dance_011,D11_P012_T01,14,420,480,14.0,16.0,15.40588,15.951577,-0.545697,,365
dance_008,D08_P002_T01,14,420,480,14.0,16.0,14.745328,15.296403,-0.551075,,366
dance_007,D07_P016_T01,8,240,300,8.0,10.0,11.918572,12.479667,-0.561095,,367
dance_002,D02_P009_T01,0,0,60,0.0,2.0,18.208819,18.773045,-0.564226,,368
dance_004,D04_P017_T01,5,150,210,5.0,7.0,15.729115,16.304395,-0.57528,,369
dance_003,D03_P004_T01,7,210,270,7.0,9.0,13.62346,14.232737,-0.609277,,370
dance_001,D01_P011_T01,8,240,300,8.0,10.0,13.826099,14.435844,-0.609745,,371
dance_011,D11_P002_T01,8,240,300,8.0,10.0,15.336554,15.951577,-0.615023,,372
dance_012,D12_P016_T01,12,360,420,12.0,14.0,13.687782,14.304425,-0.616643,,373
dance_007,D07_P013_T01,7,210,270,7.0,9.0,11.846782,12.479667,-0.632885,,374
dance_007,D07_P017_T01,0,0,60,0.0,2.0,11.843851,12.479667,-0.635816,,375
dance_007,D07_P011_T01,4,120,180,4.0,6.0,11.841912,12.479667,-0.637755,,376
dance_008,D08_P009_T01,3,90,150,3.0,5.0,14.651697,15.296403,-0.644706,,377
dance_011,D11_P017_T01,11,330,390,11.0,13.0,15.304678,15.951577,-0.646899,,378
dance_007,D07_P017_T01,4,120,180,4.0,6.0,11.821158,12.479667,-0.658509,,379
dance_008,D08_P008_T01,7,210,270,7.0,9.0,14.621268,15.296403,-0.675135,,380
dance_003,D03_P004_T01,1,30,90,1.0,3.0,13.550711,14.232737,-0.682026,,381
dance_003,D03_P010_T01,10,300,360,10.0,12.0,13.549562,14.232737,-0.683175,,382
dance_009,D09_P018_T01,0,0,60,0.0,2.0,18.858928,19.54512,-0.686192,,383
dance_008,D08_P013_T01,3,90,150,3.0,5.0,14.604574,15.296403,-0.691829,,384
dance_004,D04_P010_T01,0,0,60,0.0,2.0,15.60983,16.304395,-0.694565,,385
dance_012,D12_P016_T01,5,150,210,5.0,7.0,13.606323,14.304425,-0.698102,,386
dance_002,D02_P013_T01,0,0,60,0.0,2.0,18.074844,18.773045,-0.698201,,387
dance_008,D08_P018_T01,0,0,60,0.0,2.0,14.595438,15.296403,-0.700965,,388
dance_003,D03_P015_T01,12,360,420,12.0,14.0,13.523419,14.232737,-0.709318,,389
dance_008,D08_P008_T01,13,390,450,13.0,15.0,14.576356,15.296403,-0.720047,,390
dance_012,D12_P010_T01,3,90,150,3.0,5.0,13.578999,14.304425,-0.725426,,391
dance_006,D06_P002_T01,3,90,150,3.0,5.0,13.065127,13.794565,-0.729438,,392
dance_006,D06_P007_T01,6,180,240,6.0,8.0,13.035397,13.794565,-0.759168,,393
dance_011,D11_P007_T01,10,300,360,10.0,12.0,15.190444,15.951577,-0.761133,,394
dance_012,D12_P007_T01,9,270,330,9.0,11.0,13.527337,14.304425,-0.777088,,395
dance_010,D10_P004_T01,4,120,180,4.0,6.0,16.865272,17.643839,-0.778567,,396
dance_001,D01_P013_T01,8,240,300,8.0,10.0,13.654463,14.435844,-0.781381,,397
dance_011,D11_P016_T01,1,30,90,1.0,3.0,15.136997,15.951577,-0.81458,,398
dance_003,D03_P008_T01,2,60,120,2.0,4.0,13.408658,14.232737,-0.824079,,399
dance_007,D07_P017_T01,2,60,120,2.0,4.0,11.646463,12.479667,-0.833204,,400
dance_007,D07_P007_T01,5,150,210,5.0,7.0,11.644898,12.479667,-0.834769,,401
dance_012,D12_P015_T01,0,0,60,0.0,2.0,13.459394,14.304425,-0.845031,,402
dance_004,D04_P020_T01,10,300,360,10.0,12.0,15.45892,16.304395,-0.845475,,403
dance_011,D11_P018_T01,11,330,390,11.0,13.0,15.102661,15.951577,-0.848916,,404
dance_012,D12_P010_T01,4,120,180,4.0,6.0,13.445797,14.304425,-0.858628,,405
dance_004,D04_P003_T01,4,120,180,4.0,6.0,15.43788,16.304395,-0.866515,,406
dance_011,D11_P017_T01,10,300,360,10.0,12.0,15.082723,15.951577,-0.868854,,407
dance_001,D01_P007_T01,0,0,60,0.0,2.0,13.562973,14.435844,-0.872871,,408
dance_003,D03_P004_T01,6,180,240,6.0,8.0,13.3593,14.232737,-0.873437,,409
dance_008,D08_P018_T01,1,30,90,1.0,3.0,14.42295,15.296403,-0.873453,,410
dance_007,D07_P002_T01,2,60,120,2.0,4.0,11.606157,12.479667,-0.87351,,411
dance_012,D12_P002_T01,12,360,420,12.0,14.0,13.424651,14.304425,-0.879774,,412
dance_008,D08_P016_T01,2,60,120,2.0,4.0,14.413137,15.296403,-0.883266,,413
dance_010,D10_P002_T01,1,30,90,1.0,3.0,16.759428,17.643839,-0.884411,,414
dance_007,D07_P014_T01,5,150,210,5.0,7.0,11.586971,12.479667,-0.892696,,415
dance_003,D03_P018_T01,6,180,240,6.0,8.0,13.339072,14.232737,-0.893665,,416
dance_004,D04_P002_T01,3,90,150,3.0,5.0,15.409518,16.304395,-0.894877,,417
dance_007,D07_P016_T01,3,90,150,3.0,5.0,11.570755,12.479667,-0.908912,,418
dance_001,D01_P002_T01,1,30,90,1.0,3.0,13.524952,14.435844,-0.910892,,419
dance_001,D01_P004_T01,1,30,90,1.0,3.0,13.524952,14.435844,-0.910892,,419
dance_005,D05_P014_T01,5,150,210,5.0,7.0,12.883742,13.799158,-0.915416,,421
dance_010,D10_P012_T01,12,360,420,12.0,14.0,16.727613,17.643839,-0.916226,,422
dance_002,D02_P011_T01,7,210,270,7.0,9.0,17.834384,18.773045,-0.938661,,423
dance_010,D10_P004_T01,12,360,420,12.0,14.0,16.698171,17.643839,-0.945668,,424
dance_012,D12_P012_T01,3,90,150,3.0,5.0,13.355602,14.304425,-0.948823,,425
dance_003,D03_P016_T01,6,180,240,6.0,8.0,13.280179,14.232737,-0.952558,,426
dance_012,D12_P002_T01,11,330,390,11.0,13.0,13.347353,14.304425,-0.957072,,427
dance_008,D08_P003_T01,3,90,150,3.0,5.0,14.337521,15.296403,-0.958882,,428
dance_011,D11_P016_T01,13,390,450,13.0,15.0,14.974415,15.951577,-0.977162,,429
dance_008,D08_P016_T01,11,330,390,11.0,13.0,14.31521,15.296403,-0.981193,,430
dance_012,D12_P008_T01,8,240,300,8.0,10.0,13.317403,14.304425,-0.987022,,431
dance_012,D12_P016_T01,0,0,60,0.0,2.0,13.314611,14.304425,-0.989814,,432
dance_010,D10_P015_T01,5,150,210,5.0,7.0,16.65207,17.643839,-0.991769,,433
dance_012,D12_P012_T01,7,210,270,7.0,9.0,13.311438,14.304425,-0.992987,,434
dance_006,D06_P011_T01,10,300,360,10.0,12.0,12.789858,13.794565,-1.004707,,435
dance_006,D06_P016_T01,10,300,360,10.0,12.0,12.789718,13.794565,-1.004847,,436
dance_010,D10_P006_T01,4,120,180,4.0,6.0,16.63311,17.643839,-1.010729,,437
dance_008,D08_P017_T01,14,420,480,14.0,16.0,14.276968,15.296403,-1.019435,,438
dance_003,D03_P012_T01,7,210,270,7.0,9.0,13.210117,14.232737,-1.02262,,439
dance_003,D03_P002_T01,12,360,420,12.0,14.0,13.20095,14.232737,-1.031787,,440
dance_011,D11_P012_T01,9,270,330,9.0,11.0,14.919526,15.951577,-1.032051,,441
dance_006,D06_P009_T01,11,330,390,11.0,13.0,12.736817,13.794565,-1.057748,,442
dance_005,D05_P017_T01,0,0,60,0.0,2.0,12.740227,13.799158,-1.058931,,443
dance_010,D10_P017_T01,10,300,360,10.0,12.0,16.584885,17.643839,-1.058954,,444
dance_003,D03_P004_T01,10,300,360,10.0,12.0,13.172636,14.232737,-1.060101,,445
dance_002,D02_P016_T01,6,180,240,6.0,8.0,17.712477,18.773045,-1.060568,,446
dance_006,D06_P013_T01,9,270,330,9.0,11.0,12.730426,13.794565,-1.064139,,447
dance_011,D11_P002_T01,6,180,240,6.0,8.0,14.88202,15.951577,-1.069557,,448
dance_008,D08_P016_T01,13,390,450,13.0,15.0,14.22012,15.296403,-1.076283,,449
dance_004,D04_P017_T01,7,210,270,7.0,9.0,15.227481,16.304395,-1.076914,,450
dance_012,D12_P014_T01,8,240,300,8.0,10.0,13.222789,14.304425,-1.081636,,451
dance_011,D11_P004_T01,0,0,60,0.0,2.0,14.859948,15.951577,-1.091629,,452
dance_006,D06_P011_T01,0,0,60,0.0,2.0,12.695904,13.794565,-1.098661,,453
dance_002,D02_P009_T01,3,90,150,3.0,5.0,17.661139,18.773045,-1.111906,,454
dance_001,D01_P018_T01,8,240,300,8.0,10.0,13.320106,14.435844,-1.115738,,455
dance_008,D08_P007_T01,3,90,150,3.0,5.0,14.177282,15.296403,-1.119121,,456
dance_007,D07_P002_T01,7,210,270,7.0,9.0,11.343782,12.479667,-1.135885,,457
dance_006,D06_P009_T01,0,0,60,0.0,2.0,12.647801,13.794565,-1.146764,,458
dance_005,D05_P008_T01,5,150,210,5.0,7.0,12.645938,13.799158,-1.15322,,459
dance_004,D04_P008_T01,9,270,330,9.0,11.0,15.139982,16.304395,-1.164413,,460
dance_006,D06_P009_T01,3,90,150,3.0,5.0,12.624634,13.794565,-1.169931,,461
dance_007,D07_P012_T01,8,240,300,8.0,10.0,11.309098,12.479667,-1.170569,,462
dance_011,D11_P005_T01,3,90,150,3.0,5.0,14.771137,15.951577,-1.18044,,463
dance_005,D05_P014_T01,4,120,180,4.0,6.0,12.605044,13.799158,-1.194114,,464
dance_004,D04_P019_T01,1,30,90,1.0,3.0,15.108115,16.304395,-1.19628,,465
dance_008,D08_P003_T01,6,180,240,6.0,8.0,14.091806,15.296403,-1.204597,,466
dance_006,D06_P020_T01,1,30,90,1.0,3.0,12.589002,13.794565,-1.205563,,467
dance_002,D02_P003_T01,9,270,330,9.0,11.0,17.564323,18.773045,-1.208722,,468
dance_001,D01_P016_T01,1,30,90,1.0,3.0,13.222899,14.435844,-1.212945,,469
dance_010,D10_P007_T01,11,330,390,11.0,13.0,16.425439,17.643839,-1.2184,,470
dance_011,D11_P007_T01,9,270,330,9.0,11.0,14.724921,15.951577,-1.226656,,471
dance_001,D01_P018_T01,0,0,60,0.0,2.0,13.204614,14.435844,-1.23123,,472
dance_008,D08_P009_T01,8,240,300,8.0,10.0,14.047512,15.296403,-1.248891,,473
dance_007,D07_P007_T01,10,300,360,10.0,12.0,11.224699,12.479667,-1.254968,,474
dance_008,D08_P003_T01,9,270,330,9.0,11.0,14.033953,15.296403,-1.26245,,475
dance_007,D07_P007_T01,3,90,150,3.0,5.0,11.209421,12.479667,-1.270246,,476
dance_003,D03_P016_T01,8,240,300,8.0,10.0,12.959066,14.232737,-1.273671,,477
dance_002,D02_P015_T01,8,240,300,8.0,10.0,17.495479,18.773045,-1.277566,,478
dance_007,D07_P012_T01,5,150,210,5.0,7.0,11.20057,12.479667,-1.279097,,479
dance_008,D08_P020_T01,12,360,420,12.0,14.0,14.01345,15.296403,-1.282953,,480
dance_006,D06_P010_T01,1,30,90,1.0,3.0,12.506289,13.794565,-1.288276,,481
dance_008,D08_P008_T01,10,300,360,10.0,12.0,14.006988,15.296403,-1.289415,,482
dance_001,D01_P016_T01,2,60,120,2.0,4.0,13.138424,14.435844,-1.29742,,483
dance_002,D02_P012_T01,6,180,240,6.0,8.0,17.466494,18.773045,-1.306551,,484
dance_011,D11_P002_T01,14,420,480,14.0,16.0,14.642497,15.951577,-1.30908,,485
dance_006,D06_P012_T01,8,240,300,8.0,10.0,12.480537,13.794565,-1.314028,,486
dance_004,D04_P012_T01,3,90,150,3.0,5.0,14.990295,16.304395,-1.3141,,487
dance_004,D04_P014_T01,9,270,330,9.0,11.0,14.989835,16.304395,-1.31456,,488
dance_010,D10_P007_T01,7,210,270,7.0,9.0,16.326924,17.643839,-1.316915,,489
dance_008,D08_P012_T01,8,240,300,8.0,10.0,13.971038,15.296403,-1.325365,,490
dance_001,D01_P017_T01,5,150,210,5.0,7.0,13.107666,14.435844,-1.328178,,491
dance_007,D07_P011_T01,9,270,330,9.0,11.0,11.149276,12.479667,-1.330391,,492
dance_008,D08_P013_T01,2,60,120,2.0,4.0,13.958139,15.296403,-1.338264,,493
dance_012,D12_P006_T01,1,30,90,1.0,3.0,12.965454,14.304425,-1.338971,,494
dance_009,D09_P012_T01,9,270,330,9.0,11.0,18.201992,19.54512,-1.343128,,495
dance_006,D06_P009_T01,4,120,180,4.0,6.0,12.4452,13.794565,-1.349365,,496
dance_006,D06_P008_T01,11,330,390,11.0,13.0,12.422848,13.794565,-1.371717,,497
dance_006,D06_P017_T01,3,90,150,3.0,5.0,12.420825,13.794565,-1.37374,,498
dance_003,D03_P017_T01,8,240,300,8.0,10.0,12.858746,14.232737,-1.373991,,499
dance_012,D12_P007_T01,8,240,300,8.0,10.0,12.925624,14.304425,-1.378801,,500
dance_012,D12_P016_T01,1,30,90,1.0,3.0,12.920225,14.304425,-1.3842,,501
dance_001,D01_P002_T01,6,180,240,6.0,8.0,13.044008,14.435844,-1.391836,,502
dance_001,D01_P004_T01,6,180,240,6.0,8.0,13.044008,14.435844,-1.391836,,502
dance_007,D07_P002_T01,6,180,240,6.0,8.0,11.08637,12.479667,-1.393297,,504
dance_001,D01_P005_T01,5,150,210,5.0,7.0,13.017701,14.435844,-1.418143,,505
dance_011,D11_P016_T01,8,240,300,8.0,10.0,14.526537,15.951577,-1.42504,,506
dance_006,D06_P011_T01,5,150,210,5.0,7.0,12.355254,13.794565,-1.439311,,507
dance_011,D11_P002_T01,13,390,450,13.0,15.0,14.510434,15.951577,-1.441143,,508
dance_007,D07_P015_T01,3,90,150,3.0,5.0,11.036207,12.479667,-1.44346,,509
dance_007,D07_P014_T01,0,0,60,0.0,2.0,11.034725,12.479667,-1.444942,,510
dance_002,D02_P010_T01,0,0,60,0.0,2.0,17.325867,18.773045,-1.447178,,511
dance_008,D08_P005_T01,3,90,150,3.0,5.0,13.849049,15.296403,-1.447354,,512
dance_005,D05_P018_T01,0,0,60,0.0,2.0,12.348262,13.799158,-1.450896,,513
dance_007,D07_P009_T01,10,300,360,10.0,12.0,11.017519,12.479667,-1.462148,,514
dance_006,D06_P009_T01,2,60,120,2.0,4.0,12.327274,13.794565,-1.467291,,515
dance_010,D10_P013_T01,4,120,180,4.0,6.0,16.173073,17.643839,-1.470766,,516
dance_007,D07_P016_T01,4,120,180,4.0,6.0,11.008709,12.479667,-1.470958,,517
dance_007,D07_P016_T01,10,300,360,10.0,12.0,11.00024,12.479667,-1.479427,,518
dance_006,D06_P003_T01,8,240,300,8.0,10.0,12.311108,13.794565,-1.483457,,519
dance_001,D01_P001_T01,5,150,210,5.0,7.0,12.951663,14.435844,-1.484181,,520
dance_007,D07_P015_T01,4,120,180,4.0,6.0,10.993273,12.479667,-1.486394,,521
dance_003,D03_P020_T01,3,90,150,3.0,5.0,12.745037,14.232737,-1.4877,,522
dance_011,D11_P016_T01,3,90,150,3.0,5.0,14.463806,15.951577,-1.487771,,523
dance_003,D03_P008_T01,0,0,60,0.0,2.0,12.74427,14.232737,-1.488467,,524
dance_011,D11_P019_T01,6,180,240,6.0,8.0,14.461886,15.951577,-1.489691,,525
dance_006,D06_P018_T01,0,0,60,0.0,2.0,12.300239,13.794565,-1.494326,,526
dance_011,D11_P013_T01,10,300,360,10.0,12.0,14.453253,15.951577,-1.498324,,527
dance_003,D03_P009_T01,7,210,270,7.0,9.0,12.72349,14.232737,-1.509247,,528
dance_012,D12_P010_T01,8,240,300,8.0,10.0,12.79077,14.304425,-1.513655,,529
dance_012,D12_P009_T01,8,240,300,8.0,10.0,12.788771,14.304425,-1.515654,,530
dance_007,D07_P002_T01,10,300,360,10.0,12.0,10.957508,12.479667,-1.522159,,531
dance_006,D06_P015_T01,9,270,330,9.0,11.0,12.271641,13.794565,-1.522924,,532
dance_003,D03_P020_T01,6,180,240,6.0,8.0,12.706304,14.232737,-1.526433,,533
dance_005,D05_P016_T01,7,210,270,7.0,9.0,12.262214,13.799158,-1.536944,,534
dance_001,D01_P010_T01,6,180,240,6.0,8.0,12.885673,14.435844,-1.550171,,535
dance_003,D03_P013_T01,6,180,240,6.0,8.0,12.673733,14.232737,-1.559004,,536
dance_010,D10_P012_T01,9,270,330,9.0,11.0,16.083989,17.643839,-1.55985,,537
dance_006,D06_P008_T01,2,60,120,2.0,4.0,12.227344,13.794565,-1.567221,,538
dance_004,D04_P015_T01,8,240,300,8.0,10.0,14.736127,16.304395,-1.568268,,539
dance_006,D06_P011_T01,1,30,90,1.0,3.0,12.218053,13.794565,-1.576512,,540
dance_005,D05_P012_T01,0,0,60,0.0,2.0,12.21934,13.799158,-1.579818,,541
dance_002,D02_P003_T01,5,150,210,5.0,7.0,17.192579,18.773045,-1.580466,,542
dance_005,D05_P012_T01,1,30,90,1.0,3.0,12.217607,13.799158,-1.581551,,543
dance_008,D08_P019_T01,7,210,270,7.0,9.0,13.706593,15.296403,-1.58981,,544
dance_007,D07_P017_T01,6,180,240,6.0,8.0,10.883696,12.479667,-1.595971,,545
dance_012,D12_P016_T01,2,60,120,2.0,4.0,12.699308,14.304425,-1.605117,,546
dance_006,D06_P008_T01,4,120,180,4.0,6.0,12.183061,13.794565,-1.611504,,547
dance_001,D01_P002_T01,0,0,60,0.0,2.0,12.820792,14.435844,-1.615052,,548
dance_001,D01_P004_T01,0,0,60,0.0,2.0,12.820792,14.435844,-1.615052,,548
dance_002,D02_P013_T01,8,240,300,8.0,10.0,17.15636,18.773045,-1.616685,,550
dance_008,D08_P013_T01,14,420,480,14.0,16.0,13.67925,15.296403,-1.617153,,551
dance_005,D05_P010_T01,7,210,270,7.0,9.0,12.167399,13.799158,-1.631759,,552
dance_010,D10_P002_T01,0,0,60,0.0,2.0,16.003485,17.643839,-1.640354,,553
dance_002,D02_P003_T01,0,0,60,0.0,2.0,17.124512,18.773045,-1.648533,,554
dance_002,D02_P018_T01,6,180,240,6.0,8.0,17.124467,18.773045,-1.648578,,555
dance_007,D07_P013_T01,6,180,240,6.0,8.0,10.824419,12.479667,-1.655248,,556
dance_008,D08_P014_T01,12,360,420,12.0,14.0,13.634007,15.296403,-1.662396,,557
dance_009,D09_P019_T01,0,0,60,0.0,2.0,17.880834,19.54512,-1.664286,,558
dance_002,D02_P013_T01,6,180,240,6.0,8.0,17.105642,18.773045,-1.667403,,559
dance_007,D07_P018_T01,4,120,180,4.0,6.0,10.806898,12.479667,-1.672769,,560
dance_006,D06_P018_T01,1,30,90,1.0,3.0,12.11742,13.794565,-1.677145,,561
dance_012,D12_P013_T01,10,300,360,10.0,12.0,12.613306,14.304425,-1.691119,,562
dance_008,D08_P004_T01,11,330,390,11.0,13.0,13.605006,15.296403,-1.691397,,563
dance_002,D02_P011_T01,4,120,180,4.0,6.0,17.078802,18.773045,-1.694243,,564
dance_003,D03_P005_T01,0,0,60,0.0,2.0,12.531657,14.232737,-1.70108,,565
dance_011,D11_P020_T01,11,330,390,11.0,13.0,14.245167,15.951577,-1.70641,,566
dance_007,D07_P006_T01,4,120,180,4.0,6.0,10.771944,12.479667,-1.707723,,567
dance_011,D11_P013_T01,12,360,420,12.0,14.0,14.243449,15.951577,-1.708128,,568
dance_009,D09_P014_T01,6,180,240,6.0,8.0,17.832347,19.54512,-1.712773,,569
dance_010,D10_P002_T01,2,60,120,2.0,4.0,15.918706,17.643839,-1.725133,,570
dance_011,D11_P015_T01,11,330,390,11.0,13.0,14.22495,15.951577,-1.726627,,571
dance_007,D07_P019_T01,5,150,210,5.0,7.0,10.752873,12.479667,-1.726794,,572
dance_006,D06_P007_T01,12,360,420,12.0,14.0,12.062302,13.794565,-1.732263,,573
dance_009,D09_P014_T01,10,300,360,10.0,12.0,17.812662,19.54512,-1.732458,,574
dance_006,D06_P003_T01,7,210,270,7.0,9.0,12.059774,13.794565,-1.734791,,575
dance_010,D10_P015_T01,9,270,330,9.0,11.0,15.908644,17.643839,-1.735195,,576
dance_001,D01_P020_T01,1,30,90,1.0,3.0,12.686868,14.435844,-1.748976,,577
dance_008,D08_P017_T01,17,510,570,17.0,19.0,13.547385,15.296403,-1.749018,,578
dance_010,D10_P020_T01,11,330,390,11.0,13.0,15.893341,17.643839,-1.750498,,579
dance_011,D11_P015_T01,15,450,510,15.0,17.0,14.200615,15.951577,-1.750962,,580
dance_008,D08_P016_T01,14,420,480,14.0,16.0,13.536156,15.296403,-1.760247,,581
dance_003,D03_P015_T01,8,240,300,8.0,10.0,12.471145,14.232737,-1.761592,,582
dance_012,D12_P018_T01,2,60,120,2.0,4.0,12.541297,14.304425,-1.763128,,583
dance_007,D07_P018_T01,3,90,150,3.0,5.0,10.7151,12.479667,-1.764567,,584
dance_008,D08_P004_T01,18,540,600,18.0,20.0,13.531291,15.296403,-1.765112,,585
dance_008,D08_P002_T01,16,480,540,16.0,18.0,13.530163,15.296403,-1.76624,,586
dance_008,D08_P017_T01,9,270,330,9.0,11.0,13.530012,15.296403,-1.766391,,587
dance_001,D01_P007_T01,5,150,210,5.0,7.0,12.668183,14.435844,-1.767661,,588
dance_004,D04_P020_T01,3,90,150,3.0,5.0,14.534039,16.304395,-1.770356,,589
dance_008,D08_P003_T01,8,240,300,8.0,10.0,13.523377,15.296403,-1.773026,,590
dance_010,D10_P003_T01,10,300,360,10.0,12.0,15.870445,17.643839,-1.773394,,591
dance_004,D04_P019_T01,9,270,330,9.0,11.0,14.527976,16.304395,-1.776419,,592
dance_007,D07_P011_T01,2,60,120,2.0,4.0,10.703044,12.479667,-1.776623,,593
dance_006,D06_P006_T01,3,90,150,3.0,5.0,12.014915,13.794565,-1.77965,,594
dance_011,D11_P018_T01,14,420,480,14.0,16.0,14.161282,15.951577,-1.790295,,595
dance_006,D06_P002_T01,10,300,360,10.0,12.0,11.999473,13.794565,-1.795092,,596
dance_012,D12_P008_T01,1,30,90,1.0,3.0,12.502272,14.304425,-1.802153,,597
dance_005,D05_P013_T01,7,210,270,7.0,9.0,11.99677,13.799158,-1.802388,,598
dance_005,D05_P010_T01,0,0,60,0.0,2.0,11.994111,13.799158,-1.805047,,599
dance_001,D01_P006_T01,8,240,300,8.0,10.0,12.623868,14.435844,-1.811976,,600
dance_005,D05_P017_T01,1,30,90,1.0,3.0,11.985096,13.799158,-1.814062,,601
dance_006,D06_P007_T01,3,90,150,3.0,5.0,11.980466,13.794565,-1.814099,,602
dance_001,D01_P012_T01,7,210,270,7.0,9.0,12.620104,14.435844,-1.81574,,603
dance_003,D03_P009_T01,1,30,90,1.0,3.0,12.41112,14.232737,-1.821617,,604
dance_003,D03_P016_T01,9,270,330,9.0,11.0,12.410196,14.232737,-1.822541,,605
dance_012,D12_P016_T01,3,90,150,3.0,5.0,12.479361,14.304425,-1.825064,,606
dance_003,D03_P016_T01,0,0,60,0.0,2.0,12.404974,14.232737,-1.827763,,607
dance_009,D09_P011_T01,3,90,150,3.0,5.0,17.717334,19.54512,-1.827786,,608
dance_005,D05_P002_T01,4,120,180,4.0,6.0,11.969882,13.799158,-1.829276,,609
dance_004,D04_P020_T01,2,60,120,2.0,4.0,14.470306,16.304395,-1.834089,,610
dance_008,D08_P008_T01,14,420,480,14.0,16.0,13.462148,15.296403,-1.834255,,611
dance_003,D03_P003_T01,6,180,240,6.0,8.0,12.396772,14.232737,-1.835965,,612
dance_008,D08_P016_T01,12,360,420,12.0,14.0,13.459298,15.296403,-1.837105,,613
dance_005,D05_P007_T01,3,90,150,3.0,5.0,11.952017,13.799158,-1.847141,,614
dance_011,D11_P016_T01,15,450,510,15.0,17.0,14.103772,15.951577,-1.847805,,615
dance_006,D06_P005_T01,2,60,120,2.0,4.0,11.943213,13.794565,-1.851352,,616
dance_005,D05_P010_T01,3,90,150,3.0,5.0,11.943358,13.799158,-1.8558,,617
dance_007,D07_P013_T01,0,0,60,0.0,2.0,10.618562,12.479667,-1.861105,,618
dance_003,D03_P007_T01,11,330,390,11.0,13.0,12.368518,14.232737,-1.864219,,619
dance_003,D03_P008_T01,12,360,420,12.0,14.0,12.367073,14.232737,-1.865664,,620
dance_004,D04_P014_T01,8,240,300,8.0,10.0,14.434032,16.304395,-1.870363,,621
dance_006,D06_P012_T01,7,210,270,7.0,9.0,11.922576,13.794565,-1.871989,,622
dance_007,D07_P020_T01,4,120,180,4.0,6.0,10.606431,12.479667,-1.873236,,623
dance_007,D07_P018_T01,5,150,210,5.0,7.0,10.605025,12.479667,-1.874642,,624
dance_012,D12_P016_T01,9,270,330,9.0,11.0,12.429306,14.304425,-1.875119,,625
dance_007,D07_P014_T01,6,180,240,6.0,8.0,10.601498,12.479667,-1.878169,,626
dance_010,D10_P013_T01,7,210,270,7.0,9.0,15.764006,17.643839,-1.879833,,627
dance_003,D03_P006_T01,6,180,240,6.0,8.0,12.349719,14.232737,-1.883018,,628
dance_003,D03_P020_T01,7,210,270,7.0,9.0,12.34308,14.232737,-1.889657,,629
dance_010,D10_P019_T01,3,90,150,3.0,5.0,15.748567,17.643839,-1.895272,,630
dance_009,D09_P014_T01,1,30,90,1.0,3.0,17.64032,19.54512,-1.9048,,631
dance_003,D03_P017_T01,6,180,240,6.0,8.0,12.324515,14.232737,-1.908222,,632
dance_008,D08_P016_T01,5,150,210,5.0,7.0,13.386631,15.296403,-1.909772,,633
dance_010,D10_P018_T01,0,0,60,0.0,2.0,15.733639,17.643839,-1.9102,,634
dance_008,D08_P007_T01,9,270,330,9.0,11.0,13.385085,15.296403,-1.911318,,635
dance_006,D06_P016_T01,12,360,420,12.0,14.0,11.882225,13.794565,-1.91234,,636
dance_008,D08_P015_T01,0,0,60,0.0,2.0,13.377761,15.296403,-1.918642,,637
dance_002,D02_P007_T01,0,0,60,0.0,2.0,16.853842,18.773045,-1.919203,,638
dance_008,D08_P005_T01,4,120,180,4.0,6.0,13.374731,15.296403,-1.921672,,639
dance_010,D10_P013_T01,1,30,90,1.0,3.0,15.721513,17.643839,-1.922326,,640
dance_007,D07_P005_T01,2,60,120,2.0,4.0,10.556137,12.479667,-1.92353,,641
dance_012,D12_P002_T01,6,180,240,6.0,8.0,12.378296,14.304425,-1.926129,,642
dance_001,D01_P001_T01,0,0,60,0.0,2.0,12.502949,14.435844,-1.932895,,643
dance_005,D05_P004_T01,6,180,240,6.0,8.0,11.861472,13.799158,-1.937686,,644
dance_002,D02_P006_T01,5,150,210,5.0,7.0,16.833921,18.773045,-1.939124,,645
dance_012,D12_P007_T01,11,330,390,11.0,13.0,12.362687,14.304425,-1.941738,,646
dance_008,D08_P002_T01,4,120,180,4.0,6.0,13.353143,15.296403,-1.94326,,647
dance_005,D05_P015_T01,0,0,60,0.0,2.0,11.848605,13.799158,-1.950553,,648
dance_011,D11_P018_T01,9,270,330,9.0,11.0,14.000027,15.951577,-1.95155,,649
dance_009,D09_P010_T01,0,0,60,0.0,2.0,17.590876,19.54512,-1.954244,,650
dance_001,D01_P018_T01,7,210,270,7.0,9.0,12.474513,14.435844,-1.961331,,651
dance_004,D04_P014_T01,6,180,240,6.0,8.0,14.330262,16.304395,-1.974133,,652
dance_003,D03_P020_T01,9,270,330,9.0,11.0,12.254958,14.232737,-1.977779,,653
dance_003,D03_P002_T01,9,270,330,9.0,11.0,12.253524,14.232737,-1.979213,,654
dance_009,D09_P012_T01,4,120,180,4.0,6.0,17.561946,19.54512,-1.983174,,655
dance_012,D12_P009_T01,7,210,270,7.0,9.0,12.316542,14.304425,-1.987883,,656
dance_012,D12_P008_T01,12,360,420,12.0,14.0,12.31643,14.304425,-1.987995,,657
dance_008,D08_P005_T01,5,150,210,5.0,7.0,13.305848,15.296403,-1.990555,,658
dance_008,D08_P004_T01,9,270,330,9.0,11.0,13.302072,15.296403,-1.994331,,659
dance_012,D12_P007_T01,10,300,360,10.0,12.0,12.306034,14.304425,-1.998391,,660
dance_006,D06_P002_T01,8,240,300,8.0,10.0,11.790614,13.794565,-2.003951,,661
dance_005,D05_P011_T01,2,60,120,2.0,4.0,11.794309,13.799158,-2.004849,,662
dance_010,D10_P013_T01,6,180,240,6.0,8.0,15.638699,17.643839,-2.00514,,663
dance_012,D12_P016_T01,7,210,270,7.0,9.0,12.290069,14.304425,-2.014356,,664
dance_008,D08_P020_T01,8,240,300,8.0,10.0,13.279438,15.296403,-2.016965,,665
dance_008,D08_P014_T01,11,330,390,11.0,13.0,13.278192,15.296403,-2.018211,,666
dance_003,D03_P003_T01,11,330,390,11.0,13.0,12.207378,14.232737,-2.025359,,667
dance_011,D11_P009_T01,4,120,180,4.0,6.0,13.920276,15.951577,-2.031301,,668
dance_007,D07_P004_T01,6,180,240,6.0,8.0,10.430528,12.479667,-2.049139,,669
dance_007,D07_P004_T01,1,30,90,1.0,3.0,10.428539,12.479667,-2.051128,,670
dance_010,D10_P004_T01,1,30,90,1.0,3.0,15.592336,17.643839,-2.051503,,671
dance_008,D08_P012_T01,10,300,360,10.0,12.0,13.241828,15.296403,-2.054575,,672
dance_007,D07_P016_T01,7,210,270,7.0,9.0,10.421183,12.479667,-2.058484,,673
dance_007,D07_P004_T01,2,60,120,2.0,4.0,10.417822,12.479667,-2.061845,,674
dance_010,D10_P013_T01,9,270,330,9.0,11.0,15.581752,17.643839,-2.062087,,675
dance_004,D04_P016_T01,3,90,150,3.0,5.0,14.234181,16.304395,-2.070214,,676
dance_004,D04_P011_T01,7,210,270,7.0,9.0,14.233979,16.304395,-2.070416,,677
dance_010,D10_P004_T01,11,330,390,11.0,13.0,15.571485,17.643839,-2.072354,,678
dance_005,D05_P014_T01,3,90,150,3.0,5.0,11.72532,13.799158,-2.073838,,679
dance_001,D01_P013_T01,5,150,210,5.0,7.0,12.354676,14.435844,-2.081168,,680
dance_004,D04_P014_T01,4,120,180,4.0,6.0,14.221481,16.304395,-2.082914,,681
dance_012,D12_P003_T01,0,0,60,0.0,2.0,12.218099,14.304425,-2.086326,,682
dance_008,D08_P016_T01,10,300,360,10.0,12.0,13.209004,15.296403,-2.087399,,683
dance_005,D05_P013_T01,0,0,60,0.0,2.0,11.69324,13.799158,-2.105918,,684
dance_007,D07_P011_T01,3,90,150,3.0,5.0,10.372812,12.479667,-2.106855,,685
dance_012,D12_P016_T01,4,120,180,4.0,6.0,12.196137,14.304425,-2.108288,,686
dance_010,D10_P015_T01,1,30,90,1.0,3.0,15.534495,17.643839,-2.109344,,687
dance_003,D03_P012_T01,12,360,420,12.0,14.0,12.122097,14.232737,-2.11064,,688
dance_003,D03_P007_T01,2,60,120,2.0,4.0,12.118393,14.232737,-2.114344,,689
dance_008,D08_P016_T01,17,510,570,17.0,19.0,13.181836,15.296403,-2.114567,,690
dance_006,D06_P015_T01,3,90,150,3.0,5.0,11.679112,13.794565,-2.115453,,691
dance_003,D03_P011_T01,5,150,210,5.0,7.0,12.110996,14.232737,-2.121741,,692
dance_004,D04_P020_T01,9,270,330,9.0,11.0,14.176457,16.304395,-2.127938,,693
dance_003,D03_P018_T01,12,360,420,12.0,14.0,12.102109,14.232737,-2.130628,,694
dance_011,D11_P017_T01,9,270,330,9.0,11.0,13.819384,15.951577,-2.132193,,695
dance_010,D10_P012_T01,4,120,180,4.0,6.0,15.51066,17.643839,-2.133179,,696
dance_008,D08_P020_T01,5,150,210,5.0,7.0,13.161888,15.296403,-2.134515,,697
dance_001,D01_P014_T01,5,150,210,5.0,7.0,12.294315,14.435844,-2.141529,,698
dance_007,D07_P007_T01,2,60,120,2.0,4.0,10.335876,12.479667,-2.143791,,699
dance_006,D06_P002_T01,6,180,240,6.0,8.0,11.647349,13.794565,-2.147216,,700
dance_004,D04_P008_T01,2,60,120,2.0,4.0,14.150102,16.304395,-2.154293,,701
dance_010,D10_P014_T01,3,90,150,3.0,5.0,15.483877,17.643839,-2.159962,,702
dance_005,D05_P012_T01,7,210,270,7.0,9.0,11.638911,13.799158,-2.160247,,703
dance_004,D04_P016_T01,10,300,360,10.0,12.0,14.143204,16.304395,-2.161191,,704
dance_006,D06_P017_T01,7,210,270,7.0,9.0,11.631592,13.794565,-2.162973,,705
dance_005,D05_P018_T01,7,210,270,7.0,9.0,11.636003,13.799158,-2.163155,,706
dance_011,D11_P007_T01,8,240,300,8.0,10.0,13.787287,15.951577,-2.16429,,707
dance_008,D08_P013_T01,0,0,60,0.0,2.0,13.129142,15.296403,-2.167261,,708
dance_007,D07_P006_T01,0,0,60,0.0,2.0,10.310946,12.479667,-2.168721,,709
dance_004,D04_P012_T01,6,180,240,6.0,8.0,14.112879,16.304395,-2.191516,,710
dance_002,D02_P011_T01,0,0,60,0.0,2.0,16.578092,18.773045,-2.194953,,711
dance_003,D03_P008_T01,1,30,90,1.0,3.0,12.024949,14.232737,-2.207788,,712
dance_007,D07_P010_T01,9,270,330,9.0,11.0,10.261929,12.479667,-2.217738,,713
dance_005,D05_P010_T01,2,60,120,2.0,4.0,11.581002,13.799158,-2.218156,,714
dance_006,D06_P018_T01,4,120,180,4.0,6.0,11.569468,13.794565,-2.225097,,715
dance_008,D08_P012_T01,12,360,420,12.0,14.0,13.063588,15.296403,-2.232815,,716
dance_010,D10_P012_T01,0,0,60,0.0,2.0,15.408218,17.643839,-2.235621,,717
dance_003,D03_P002_T01,11,330,390,11.0,13.0,11.994284,14.232737,-2.238453,,718
dance_012,D12_P010_T01,2,60,120,2.0,4.0,12.063576,14.304425,-2.240849,,719
dance_009,D09_P003_T01,2,60,120,2.0,4.0,17.299633,19.54512,-2.245487,,720
dance_003,D03_P019_T01,8,240,300,8.0,10.0,11.986571,14.232737,-2.246166,,721
dance_012,D12_P004_T01,7,210,270,7.0,9.0,12.056401,14.304425,-2.248024,,722
dance_004,D04_P007_T01,5,150,210,5.0,7.0,14.055176,16.304395,-2.249219,,723
dance_003,D03_P005_T01,5,150,210,5.0,7.0,11.983401,14.232737,-2.249336,,724
dance_007,D07_P008_T01,6,180,240,6.0,8.0,10.222151,12.479667,-2.257516,,725
dance_010,D10_P015_T01,6,180,240,6.0,8.0,15.380896,17.643839,-2.262943,,726
dance_001,D01_P012_T01,3,90,150,3.0,5.0,12.172279,14.435844,-2.263565,,727
dance_004,D04_P002_T01,10,300,360,10.0,12.0,14.038031,16.304395,-2.266364,,728
dance_003,D03_P019_T01,12,360,420,12.0,14.0,11.961512,14.232737,-2.271225,,729
dance_001,D01_P015_T01,2,60,120,2.0,4.0,12.162946,14.435844,-2.272898,,730
dance_010,D10_P020_T01,8,240,300,8.0,10.0,15.367785,17.643839,-2.276054,,731
dance_008,D08_P017_T01,8,240,300,8.0,10.0,13.019589,15.296403,-2.276814,,732
dance_008,D08_P006_T01,15,450,510,15.0,17.0,13.019178,15.296403,-2.277225,,733
dance_008,D08_P009_T01,16,480,540,16.0,18.0,13.006801,15.296403,-2.289602,,734
dance_004,D04_P017_T01,8,240,300,8.0,10.0,14.013897,16.304395,-2.290498,,735
dance_006,D06_P016_T01,4,120,180,4.0,6.0,11.497835,13.794565,-2.29673,,736
dance_007,D07_P011_T01,8,240,300,8.0,10.0,10.180809,12.479667,-2.298858,,737
dance_004,D04_P014_T01,10,300,360,10.0,12.0,14.000591,16.304395,-2.303804,,738
dance_004,D04_P002_T01,9,270,330,9.0,11.0,13.990957,16.304395,-2.313438,,739
dance_001,D01_P018_T01,1,30,90,1.0,3.0,12.122341,14.435844,-2.313503,,740
dance_006,D06_P002_T01,7,210,270,7.0,9.0,11.478991,13.794565,-2.315574,,741
dance_011,D11_P006_T01,4,120,180,4.0,6.0,13.633958,15.951577,-2.317619,,742
dance_006,D06_P016_T01,3,90,150,3.0,5.0,11.47589,13.794565,-2.318675,,743
dance_008,D08_P019_T01,6,180,240,6.0,8.0,12.976733,15.296403,-2.31967,,744
dance_006,D06_P010_T01,4,120,180,4.0,6.0,11.473715,13.794565,-2.32085,,745
dance_004,D04_P015_T01,9,270,330,9.0,11.0,13.97657,16.304395,-2.327825,,746
dance_002,D02_P007_T01,6,180,240,6.0,8.0,16.443325,18.773045,-2.32972,,747
dance_003,D03_P009_T01,11,330,390,11.0,13.0,11.902773,14.232737,-2.329964,,748
dance_008,D08_P014_T01,15,450,510,15.0,17.0,12.966032,15.296403,-2.330371,,749
dance_008,D08_P007_T01,0,0,60,0.0,2.0,12.964704,15.296403,-2.331699,,750
dance_012,D12_P010_T01,5,150,210,5.0,7.0,11.971015,14.304425,-2.33341,,751
dance_003,D03_P009_T01,6,180,240,6.0,8.0,11.898909,14.232737,-2.333828,,752
dance_003,D03_P009_T01,12,360,420,12.0,14.0,11.896131,14.232737,-2.336606,,753
dance_011,D11_P003_T01,0,0,60,0.0,2.0,13.606626,15.951577,-2.344951,,754
dance_005,D05_P019_T01,6,180,240,6.0,8.0,11.45398,13.799158,-2.345178,,755
dance_008,D08_P003_T01,0,0,60,0.0,2.0,12.947297,15.296403,-2.349106,,756
dance_001,D01_P013_T01,0,0,60,0.0,2.0,12.082464,14.435844,-2.35338,,757
dance_003,D03_P014_T01,12,360,420,12.0,14.0,11.878446,14.232737,-2.354291,,758
dance_005,D05_P014_T01,2,60,120,2.0,4.0,11.441719,13.799158,-2.357439,,759
dance_001,D01_P001_T01,2,60,120,2.0,4.0,12.075679,14.435844,-2.360165,,760
dance_004,D04_P019_T01,6,180,240,6.0,8.0,13.936849,16.304395,-2.367546,,761
dance_003,D03_P019_T01,0,0,60,0.0,2.0,11.862203,14.232737,-2.370534,,762
dance_008,D08_P014_T01,5,150,210,5.0,7.0,12.921944,15.296403,-2.374459,,763
dance_006,D06_P015_T01,12,360,420,12.0,14.0,11.41859,13.794565,-2.375975,,764
dance_012,D12_P011_T01,8,240,300,8.0,10.0,11.927787,14.304425,-2.376638,,765
dance_011,D11_P018_T01,10,300,360,10.0,12.0,13.565016,15.951577,-2.386561,,766
dance_003,D03_P013_T01,12,360,420,12.0,14.0,11.845943,14.232737,-2.386794,,767
dance_008,D08_P009_T01,0,0,60,0.0,2.0,12.905959,15.296403,-2.390444,,768
dance_010,D10_P007_T01,0,0,60,0.0,2.0,15.251674,17.643839,-2.392165,,769
dance_002,D02_P010_T01,1,30,90,1.0,3.0,16.375375,18.773045,-2.39767,,770
dance_010,D10_P005_T01,3,90,150,3.0,5.0,15.244422,17.643839,-2.399417,,771
dance_012,D12_P004_T01,5,150,210,5.0,7.0,11.90359,14.304425,-2.400835,,772
dance_002,D02_P016_T01,8,240,300,8.0,10.0,16.358841,18.773045,-2.414204,,773
dance_006,D06_P002_T01,9,270,330,9.0,11.0,11.373794,13.794565,-2.420771,,774
dance_005,D05_P004_T01,0,0,60,0.0,2.0,11.373496,13.799158,-2.425662,,775
dance_006,D06_P010_T01,8,240,300,8.0,10.0,11.360742,13.794565,-2.433823,,776
dance_001,D01_P002_T01,7,210,270,7.0,9.0,11.998969,14.435844,-2.436875,,777
dance_001,D01_P004_T01,7,210,270,7.0,9.0,11.998969,14.435844,-2.436875,,777
dance_007,D07_P004_T01,10,300,360,10.0,12.0,10.036549,12.479667,-2.443118,,779
dance_007,D07_P013_T01,3,90,150,3.0,5.0,10.023555,12.479667,-2.456112,,780
dance_002,D02_P003_T01,4,120,180,4.0,6.0,16.316176,18.773045,-2.456869,,781
dance_006,D06_P014_T01,3,90,150,3.0,5.0,11.3311,13.794565,-2.463465,,782
dance_006,D06_P013_T01,10,300,360,10.0,12.0,11.33058,13.794565,-2.463985,,783
dance_005,D05_P005_T01,3,90,150,3.0,5.0,11.33313,13.799158,-2.466028,,784
dance_006,D06_P020_T01,8,240,300,8.0,10.0,11.32781,13.794565,-2.466755,,785
dance_010,D10_P004_T01,10,300,360,10.0,12.0,15.173119,17.643839,-2.47072,,786
dance_005,D05_P016_T01,4,120,180,4.0,6.0,11.323004,13.799158,-2.476154,,787
dance_012,D12_P006_T01,10,300,360,10.0,12.0,11.827849,14.304425,-2.476576,,788
dance_003,D03_P012_T01,6,180,240,6.0,8.0,11.751528,14.232737,-2.481209,,789
dance_003,D03_P006_T01,0,0,60,0.0,2.0,11.744793,14.232737,-2.487944,,790
dance_005,D05_P008_T01,3,90,150,3.0,5.0,11.296164,13.799158,-2.502994,,791
dance_012,D12_P002_T01,1,30,90,1.0,3.0,11.800859,14.304425,-2.503566,,792
dance_011,D11_P020_T01,12,360,420,12.0,14.0,13.447666,15.951577,-2.503911,,793
dance_012,D12_P013_T01,3,90,150,3.0,5.0,11.798093,14.304425,-2.506332,,794
dance_012,D12_P017_T01,10,300,360,10.0,12.0,11.797364,14.304425,-2.507061,,795
dance_004,D04_P009_T01,9,270,330,9.0,11.0,13.794376,16.304395,-2.510019,,796
dance_005,D05_P003_T01,1,30,90,1.0,3.0,11.286722,13.799158,-2.512436,,797
dance_005,D05_P009_T01,0,0,60,0.0,2.0,11.281617,13.799158,-2.517541,,798
dance_007,D07_P006_T01,8,240,300,8.0,10.0,9.959946,12.479667,-2.519721,,799
dance_003,D03_P006_T01,8,240,300,8.0,10.0,11.710796,14.232737,-2.521941,,800
dance_006,D06_P014_T01,0,0,60,0.0,2.0,11.261189,13.794565,-2.533376,,801
dance_007,D07_P004_T01,3,90,150,3.0,5.0,9.945355,12.479667,-2.534312,,802
dance_003,D03_P004_T01,9,270,330,9.0,11.0,11.69824,14.232737,-2.534497,,803
dance_008,D08_P009_T01,9,270,330,9.0,11.0,12.760366,15.296403,-2.536037,,804
dance_007,D07_P006_T01,3,90,150,3.0,5.0,9.942076,12.479667,-2.537591,,805
dance_009,D09_P002_T01,5,150,210,5.0,7.0,16.999872,19.54512,-2.545248,,806
dance_003,D03_P019_T01,1,30,90,1.0,3.0,11.684168,14.232737,-2.548569,,807
dance_001,D01_P009_T01,5,150,210,5.0,7.0,11.884241,14.435844,-2.551603,,808
dance_007,D07_P018_T01,0,0,60,0.0,2.0,9.923807,12.479667,-2.55586,,809
dance_004,D04_P011_T01,6,180,240,6.0,8.0,13.740515,16.304395,-2.56388,,810
dance_008,D08_P008_T01,15,450,510,15.0,17.0,12.725571,15.296403,-2.570832,,811
dance_003,D03_P005_T01,6,180,240,6.0,8.0,11.655451,14.232737,-2.577286,,812
dance_009,D09_P007_T01,4,120,180,4.0,6.0,16.965941,19.54512,-2.579179,,813
dance_007,D07_P003_T01,4,120,180,4.0,6.0,9.894627,12.479667,-2.58504,,814
dance_005,D05_P004_T01,7,210,270,7.0,9.0,11.213302,13.799158,-2.585856,,815
dance_009,D09_P015_T01,10,300,360,10.0,12.0,16.956378,19.54512,-2.588742,,816
dance_001,D01_P020_T01,8,240,300,8.0,10.0,11.845583,14.435844,-2.590261,,817
dance_010,D10_P007_T01,12,360,420,12.0,14.0,15.051283,17.643839,-2.592556,,818
dance_001,D01_P019_T01,6,180,240,6.0,8.0,11.842739,14.435844,-2.593105,,819
dance_010,D10_P002_T01,3,90,150,3.0,5.0,15.04394,17.643839,-2.599899,,820
dance_003,D03_P017_T01,2,60,120,2.0,4.0,11.625127,14.232737,-2.60761,,821
dance_006,D06_P010_T01,3,90,150,3.0,5.0,11.185856,13.794565,-2.608709,,822
dance_010,D10_P017_T01,7,210,270,7.0,9.0,15.034841,17.643839,-2.608998,,823
dance_002,D02_P014_T01,5,150,210,5.0,7.0,16.160377,18.773045,-2.612668,,824
dance_009,D09_P008_T01,1,30,90,1.0,3.0,16.929179,19.54512,-2.615941,,825
dance_004,D04_P018_T01,8,240,300,8.0,10.0,13.679783,16.304395,-2.624612,,826
dance_012,D12_P006_T01,11,330,390,11.0,13.0,11.676967,14.304425,-2.627458,,827
dance_007,D07_P005_T01,6,180,240,6.0,8.0,9.840666,12.479667,-2.639001,,828
dance_006,D06_P013_T01,2,60,120,2.0,4.0,11.155441,13.794565,-2.639124,,829
dance_003,D03_P015_T01,11,330,390,11.0,13.0,11.593303,14.232737,-2.639434,,830
dance_007,D07_P009_T01,2,60,120,2.0,4.0,9.837386,12.479667,-2.642281,,831
dance_003,D03_P009_T01,8,240,300,8.0,10.0,11.589536,14.232737,-2.643201,,832
dance_006,D06_P018_T01,8,240,300,8.0,10.0,11.149821,13.794565,-2.644744,,833
dance_003,D03_P019_T01,6,180,240,6.0,8.0,11.580096,14.232737,-2.652641,,834
dance_003,D03_P008_T01,6,180,240,6.0,8.0,11.578364,14.232737,-2.654373,,835
dance_008,D08_P016_T01,3,90,150,3.0,5.0,12.638742,15.296403,-2.657661,,836
dance_005,D05_P020_T01,7,210,270,7.0,9.0,11.141475,13.799158,-2.657683,,837
dance_008,D08_P009_T01,2,60,120,2.0,4.0,12.634763,15.296403,-2.66164,,838
dance_011,D11_P008_T01,8,240,300,8.0,10.0,13.287967,15.951577,-2.66361,,839
dance_008,D08_P007_T01,4,120,180,4.0,6.0,12.630992,15.296403,-2.665411,,840
dance_008,D08_P012_T01,7,210,270,7.0,9.0,12.628093,15.296403,-2.66831,,841
dance_006,D06_P008_T01,10,300,360,10.0,12.0,11.120714,13.794565,-2.673851,,842
dance_004,D04_P019_T01,4,120,180,4.0,6.0,13.628277,16.304395,-2.676118,,843
dance_008,D08_P016_T01,15,450,510,15.0,17.0,12.619926,15.296403,-2.676477,,844
dance_007,D07_P008_T01,3,90,150,3.0,5.0,9.802917,12.479667,-2.67675,,845
dance_003,D03_P018_T01,11,330,390,11.0,13.0,11.548748,14.232737,-2.683989,,846
dance_003,D03_P007_T01,3,90,150,3.0,5.0,11.544633,14.232737,-2.688104,,847
dance_005,D05_P016_T01,1,30,90,1.0,3.0,11.109054,13.799158,-2.690104,,848
dance_011,D11_P016_T01,2,60,120,2.0,4.0,13.2515,15.951577,-2.700077,,849
dance_008,D08_P020_T01,11,330,390,11.0,13.0,12.587578,15.296403,-2.708825,,850
dance_003,D03_P018_T01,8,240,300,8.0,10.0,11.521836,14.232737,-2.710901,,851
dance_001,D01_P019_T01,2,60,120,2.0,4.0,11.714503,14.435844,-2.721341,,852
dance_003,D03_P004_T01,2,60,120,2.0,4.0,11.508451,14.232737,-2.724286,,853
dance_006,D06_P019_T01,1,30,90,1.0,3.0,11.069294,13.794565,-2.725271,,854
dance_001,D01_P006_T01,7,210,270,7.0,9.0,11.709609,14.435844,-2.726235,,855
dance_005,D05_P011_T01,6,180,240,6.0,8.0,11.071207,13.799158,-2.727951,,856
dance_001,D01_P019_T01,8,240,300,8.0,10.0,11.70155,14.435844,-2.734294,,857
dance_003,D03_P012_T01,8,240,300,8.0,10.0,11.497151,14.232737,-2.735586,,858
dance_011,D11_P016_T01,6,180,240,6.0,8.0,13.212089,15.951577,-2.739488,,859
dance_004,D04_P006_T01,9,270,330,9.0,11.0,13.562286,16.304395,-2.742109,,860
dance_012,D12_P018_T01,4,120,180,4.0,6.0,11.559196,14.304425,-2.745229,,861
dance_006,D06_P004_T01,2,60,120,2.0,4.0,11.049096,13.794565,-2.745469,,862
dance_006,D06_P014_T01,2,60,120,2.0,4.0,11.04763,13.794565,-2.746935,,863
dance_003,D03_P013_T01,8,240,300,8.0,10.0,11.485411,14.232737,-2.747326,,864
dance_008,D08_P012_T01,9,270,330,9.0,11.0,12.547457,15.296403,-2.748946,,865
dance_012,D12_P012_T01,6,180,240,6.0,8.0,11.555025,14.304425,-2.7494,,866
dance_006,D06_P008_T01,5,150,210,5.0,7.0,11.042953,13.794565,-2.751612,,867
dance_012,D12_P002_T01,10,300,360,10.0,12.0,11.549284,14.304425,-2.755141,,868
dance_008,D08_P017_T01,16,480,540,16.0,18.0,12.539415,15.296403,-2.756988,,869
dance_012,D12_P014_T01,9,270,330,9.0,11.0,11.547028,14.304425,-2.757397,,870
dance_003,D03_P008_T01,11,330,390,11.0,13.0,11.474216,14.232737,-2.758521,,871
dance_004,D04_P005_T01,0,0,60,0.0,2.0,13.544808,16.304395,-2.759587,,872
dance_003,D03_P011_T01,1,30,90,1.0,3.0,11.472939,14.232737,-2.759798,,873
dance_008,D08_P015_T01,4,120,180,4.0,6.0,12.534008,15.296403,-2.762395,,874
dance_001,D01_P016_T01,5,150,210,5.0,7.0,11.671947,14.435844,-2.763897,,875
dance_003,D03_P003_T01,7,210,270,7.0,9.0,11.462452,14.232737,-2.770285,,876
dance_012,D12_P002_T01,2,60,120,2.0,4.0,11.532905,14.304425,-2.77152,,877
dance_005,D05_P017_T01,4,120,180,4.0,6.0,11.027123,13.799158,-2.772035,,878
dance_003,D03_P020_T01,2,60,120,2.0,4.0,11.459252,14.232737,-2.773485,,879
dance_007,D07_P020_T01,3,90,150,3.0,5.0,9.700514,12.479667,-2.779153,,880
dance_005,D05_P020_T01,0,0,60,0.0,2.0,11.016632,13.799158,-2.782526,,881
dance_002,D02_P017_T01,8,240,300,8.0,10.0,15.990438,18.773045,-2.782607,,882
dance_005,D05_P018_T01,6,180,240,6.0,8.0,11.00968,13.799158,-2.789478,,883
dance_005,D05_P013_T01,8,240,300,8.0,10.0,11.007337,13.799158,-2.791821,,884
dance_012,D12_P013_T01,8,240,300,8.0,10.0,11.511526,14.304425,-2.792899,,885
dance_006,D06_P016_T01,5,150,210,5.0,7.0,10.998735,13.794565,-2.79583,,886
dance_007,D07_P006_T01,10,300,360,10.0,12.0,9.682583,12.479667,-2.797084,,887
dance_003,D03_P016_T01,11,330,390,11.0,13.0,11.430452,14.232737,-2.802285,,888
dance_001,D01_P005_T01,6,180,240,6.0,8.0,11.632475,14.435844,-2.803369,,889
dance_001,D01_P017_T01,1,30,90,1.0,3.0,11.631461,14.435844,-2.804383,,890
dance_008,D08_P010_T01,0,0,60,0.0,2.0,12.484568,15.296403,-2.811835,,891
dance_006,D06_P013_T01,3,90,150,3.0,5.0,10.98216,13.794565,-2.812405,,892
dance_008,D08_P006_T01,8,240,300,8.0,10.0,12.475571,15.296403,-2.820832,,893
dance_011,D11_P008_T01,1,30,90,1.0,3.0,13.130453,15.951577,-2.821124,,894
dance_011,D11_P012_T01,15,450,510,15.0,17.0,13.129868,15.951577,-2.821709,,895
dance_005,D05_P013_T01,1,30,90,1.0,3.0,10.9692,13.799158,-2.829958,,896
dance_011,D11_P006_T01,7,210,270,7.0,9.0,13.11891,15.951577,-2.832667,,897
dance_010,D10_P016_T01,8,240,300,8.0,10.0,14.806331,17.643839,-2.837508,,898
dance_007,D07_P005_T01,5,150,210,5.0,7.0,9.638933,12.479667,-2.840734,,899
dance_012,D12_P007_T01,7,210,270,7.0,9.0,11.455522,14.304425,-2.848903,,900
dance_006,D06_P003_T01,1,30,90,1.0,3.0,10.945301,13.794565,-2.849264,,901
dance_007,D07_P015_T01,5,150,210,5.0,7.0,9.628115,12.479667,-2.851552,,902
dance_001,D01_P008_T01,6,180,240,6.0,8.0,11.579026,14.435844,-2.856818,,903
dance_006,D06_P007_T01,10,300,360,10.0,12.0,10.936876,13.794565,-2.857689,,904
dance_001,D01_P013_T01,6,180,240,6.0,8.0,11.57394,14.435844,-2.861904,,905
dance_003,D03_P017_T01,12,360,420,12.0,14.0,11.369036,14.232737,-2.863701,,906
dance_007,D07_P012_T01,4,120,180,4.0,6.0,9.615704,12.479667,-2.863963,,907
dance_007,D07_P005_T01,3,90,150,3.0,5.0,9.615658,12.479667,-2.864009,,908
dance_001,D01_P016_T01,6,180,240,6.0,8.0,11.570757,14.435844,-2.865087,,909
dance_008,D08_P014_T01,1,30,90,1.0,3.0,12.430808,15.296403,-2.865595,,910
dance_012,D12_P017_T01,11,330,390,11.0,13.0,11.433537,14.304425,-2.870888,,911
dance_007,D07_P007_T01,9,270,330,9.0,11.0,9.605939,12.479667,-2.873728,,912
dance_002,D02_P016_T01,5,150,210,5.0,7.0,15.898721,18.773045,-2.874324,,913
dance_011,D11_P002_T01,9,270,330,9.0,11.0,13.07689,15.951577,-2.874687,,914
dance_003,D03_P009_T01,3,90,150,3.0,5.0,11.353368,14.232737,-2.879369,,915
dance_011,D11_P010_T01,4,120,180,4.0,6.0,13.066763,15.951577,-2.884814,,916
dance_006,D06_P019_T01,11,330,390,11.0,13.0,10.900267,13.794565,-2.894298,,917
dance_007,D07_P014_T01,10,300,360,10.0,12.0,9.585015,12.479667,-2.894652,,918
dance_003,D03_P011_T01,10,300,360,10.0,12.0,11.337239,14.232737,-2.895498,,919
dance_006,D06_P004_T01,3,90,150,3.0,5.0,10.896584,13.794565,-2.897981,,920
dance_007,D07_P005_T01,4,120,180,4.0,6.0,9.578971,12.479667,-2.900696,,921
dance_004,D04_P004_T01,0,0,60,0.0,2.0,13.397585,16.304395,-2.90681,,922
dance_001,D01_P019_T01,7,210,270,7.0,9.0,11.528373,14.435844,-2.907471,,923
dance_007,D07_P018_T01,2,60,120,2.0,4.0,9.566125,12.479667,-2.913542,,924
dance_012,D12_P007_T01,6,180,240,6.0,8.0,11.388981,14.304425,-2.915444,,925
dance_003,D03_P015_T01,2,60,120,2.0,4.0,11.316334,14.232737,-2.916403,,926
dance_009,D09_P010_T01,5,150,210,5.0,7.0,16.628214,19.54512,-2.916906,,927
dance_003,D03_P020_T01,12,360,420,12.0,14.0,11.312254,14.232737,-2.920483,,928
dance_002,D02_P012_T01,3,90,150,3.0,5.0,15.838993,18.773045,-2.934052,,929
dance_004,D04_P006_T01,3,90,150,3.0,5.0,13.369277,16.304395,-2.935118,,930
dance_001,D01_P014_T01,6,180,240,6.0,8.0,11.50053,14.435844,-2.935314,,931
dance_003,D03_P005_T01,1,30,90,1.0,3.0,11.295083,14.232737,-2.937654,,932
dance_008,D08_P014_T01,4,120,180,4.0,6.0,12.357528,15.296403,-2.938875,,933
dance_003,D03_P019_T01,11,330,390,11.0,13.0,11.292111,14.232737,-2.940626,,934
dance_003,D03_P009_T01,10,300,360,10.0,12.0,11.29124,14.232737,-2.941497,,935
dance_009,D09_P013_T01,10,300,360,10.0,12.0,16.59654,19.54512,-2.94858,,936
dance_012,D12_P017_T01,5,150,210,5.0,7.0,11.355572,14.304425,-2.948853,,937
dance_007,D07_P014_T01,4,120,180,4.0,6.0,9.529702,12.479667,-2.949965,,938
dance_012,D12_P013_T01,1,30,90,1.0,3.0,11.353813,14.304425,-2.950612,,939
dance_007,D07_P012_T01,0,0,60,0.0,2.0,9.525823,12.479667,-2.953844,,940
dance_011,D11_P004_T01,4,120,180,4.0,6.0,12.997474,15.951577,-2.954103,,941
dance_011,D11_P012_T01,11,330,390,11.0,13.0,12.9961,15.951577,-2.955477,,942
dance_010,D10_P006_T01,6,180,240,6.0,8.0,14.68796,17.643839,-2.955879,,943
dance_001,D01_P015_T01,1,30,90,1.0,3.0,11.477867,14.435844,-2.957977,,944
dance_001,D01_P009_T01,4,120,180,4.0,6.0,11.47557,14.435844,-2.960274,,945
dance_001,D01_P010_T01,5,150,210,5.0,7.0,11.473964,14.435844,-2.96188,,946
dance_001,D01_P012_T01,4,120,180,4.0,6.0,11.470991,14.435844,-2.964853,,947
dance_003,D03_P007_T01,0,0,60,0.0,2.0,11.266326,14.232737,-2.966411,,948
dance_004,D04_P009_T01,10,300,360,10.0,12.0,13.336243,16.304395,-2.968152,,949
dance_002,D02_P018_T01,9,270,330,9.0,11.0,15.802757,18.773045,-2.970288,,950
dance_012,D12_P002_T01,7,210,270,7.0,9.0,11.333912,14.304425,-2.970513,,951
dance_002,D02_P006_T01,0,0,60,0.0,2.0,15.800315,18.773045,-2.97273,,952
dance_012,D12_P012_T01,11,330,390,11.0,13.0,11.329358,14.304425,-2.975067,,953
dance_012,D12_P007_T01,4,120,180,4.0,6.0,11.328791,14.304425,-2.975634,,954
dance_008,D08_P004_T01,17,510,570,17.0,19.0,12.318011,15.296403,-2.978392,,955
dance_002,D02_P008_T01,3,90,150,3.0,5.0,15.787424,18.773045,-2.985621,,956
dance_009,D09_P020_T01,1,30,90,1.0,3.0,16.55618,19.54512,-2.98894,,957
dance_005,D05_P018_T01,3,90,150,3.0,5.0,10.80623,13.799158,-2.992928,,958
dance_004,D04_P019_T01,5,150,210,5.0,7.0,13.310044,16.304395,-2.994351,,959
dance_003,D03_P010_T01,4,120,180,4.0,6.0,11.229247,14.232737,-3.00349,,960
dance_005,D05_P017_T01,5,150,210,5.0,7.0,10.79537,13.799158,-3.003788,,961
dance_009,D09_P020_T01,9,270,330,9.0,11.0,16.537695,19.54512,-3.007425,,962
dance_007,D07_P008_T01,4,120,180,4.0,6.0,9.466433,12.479667,-3.013234,,963
dance_008,D08_P006_T01,3,90,150,3.0,5.0,12.281609,15.296403,-3.014794,,964
dance_001,D01_P010_T01,7,210,270,7.0,9.0,11.419175,14.435844,-3.016669,,965
dance_008,D08_P009_T01,14,420,480,14.0,16.0,12.279224,15.296403,-3.017179,,966
dance_003,D03_P015_T01,0,0,60,0.0,2.0,11.212846,14.232737,-3.019891,,967
dance_003,D03_P018_T01,7,210,270,7.0,9.0,11.208141,14.232737,-3.024596,,968
dance_009,D09_P006_T01,8,240,300,8.0,10.0,16.519697,19.54512,-3.025423,,969
dance_003,D03_P020_T01,0,0,60,0.0,2.0,11.207225,14.232737,-3.025512,,970
dance_011,D11_P007_T01,2,60,120,2.0,4.0,12.921507,15.951577,-3.03007,,971
dance_006,D06_P017_T01,12,360,420,12.0,14.0,10.76352,13.794565,-3.031045,,972
dance_003,D03_P016_T01,10,300,360,10.0,12.0,11.201423,14.232737,-3.031314,,973
dance_005,D05_P004_T01,5,150,210,5.0,7.0,10.762884,13.799158,-3.036274,,974
dance_004,D04_P014_T01,5,150,210,5.0,7.0,13.267436,16.304395,-3.036959,,975
dance_006,D06_P007_T01,9,270,330,9.0,11.0,10.754432,13.794565,-3.040133,,976
dance_012,D12_P016_T01,6,180,240,6.0,8.0,11.263834,14.304425,-3.040591,,977
dance_002,D02_P014_T01,0,0,60,0.0,2.0,15.731949,18.773045,-3.041096,,978
dance_001,D01_P007_T01,3,90,150,3.0,5.0,11.394521,14.435844,-3.041323,,979
dance_011,D11_P020_T01,1,30,90,1.0,3.0,12.908911,15.951577,-3.042666,,980
dance_007,D07_P015_T01,1,30,90,1.0,3.0,9.436829,12.479667,-3.042838,,981
dance_003,D03_P010_T01,5,150,210,5.0,7.0,11.189635,14.232737,-3.043102,,982
dance_008,D08_P004_T01,7,210,270,7.0,9.0,12.250899,15.296403,-3.045504,,983
dance_012,D12_P014_T01,11,330,390,11.0,13.0,11.257199,14.304425,-3.047226,,984
dance_004,D04_P004_T01,7,210,270,7.0,9.0,13.25552,16.304395,-3.048875,,985
dance_005,D05_P019_T01,1,30,90,1.0,3.0,10.739293,13.799158,-3.059865,,986
dance_007,D07_P013_T01,2,60,120,2.0,4.0,9.417971,12.479667,-3.061696,,987
dance_008,D08_P002_T01,1,30,90,1.0,3.0,12.233964,15.296403,-3.062439,,988
dance_003,D03_P017_T01,3,90,150,3.0,5.0,11.167009,14.232737,-3.065728,,989
dance_006,D06_P008_T01,6,180,240,6.0,8.0,10.725017,13.794565,-3.069548,,990
dance_007,D07_P019_T01,3,90,150,3.0,5.0,9.401807,12.479667,-3.07786,,991
dance_010,D10_P012_T01,2,60,120,2.0,4.0,14.564969,17.643839,-3.07887,,992
dance_003,D03_P012_T01,2,60,120,2.0,4.0,11.153025,14.232737,-3.079712,,993
dance_009,D09_P014_T01,11,330,390,11.0,13.0,16.455356,19.54512,-3.089764,,994
dance_012,D12_P004_T01,2,60,120,2.0,4.0,11.208661,14.304425,-3.095764,,995
dance_010,D10_P019_T01,5,150,210,5.0,7.0,14.543844,17.643839,-3.099995,,996
dance_005,D05_P020_T01,6,180,240,6.0,8.0,10.699004,13.799158,-3.100154,,997
dance_006,D06_P006_T01,1,30,90,1.0,3.0,10.691736,13.794565,-3.102829,,998
dance_008,D08_P004_T01,5,150,210,5.0,7.0,12.193109,15.296403,-3.103294,,999
dance_007,D07_P006_T01,6,180,240,6.0,8.0,9.374865,12.479667,-3.104802,,1000
dance_011,D11_P004_T01,5,150,210,5.0,7.0,12.845956,15.951577,-3.105621,,1001
dance_001,D01_P010_T01,3,90,150,3.0,5.0,11.328988,14.435844,-3.106856,,1002
dance_011,D11_P007_T01,3,90,150,3.0,5.0,12.844484,15.951577,-3.107093,,1003
dance_008,D08_P006_T01,18,540,600,18.0,20.0,12.188594,15.296403,-3.107809,,1004
dance_003,D03_P014_T01,9,270,330,9.0,11.0,11.121384,14.232737,-3.111353,,1005
dance_007,D07_P013_T01,1,30,90,1.0,3.0,9.366503,12.479667,-3.113164,,1006
dance_004,D04_P008_T01,5,150,210,5.0,7.0,13.188383,16.304395,-3.116012,,1007
dance_003,D03_P019_T01,3,90,150,3.0,5.0,11.113596,14.232737,-3.119141,,1008
dance_006,D06_P006_T01,2,60,120,2.0,4.0,10.674918,13.794565,-3.119647,,1009
dance_003,D03_P016_T01,2,60,120,2.0,4.0,11.09877,14.232737,-3.133967,,1010
dance_006,D06_P019_T01,9,270,330,9.0,11.0,10.655206,13.794565,-3.139359,,1011
dance_004,D04_P007_T01,7,210,270,7.0,9.0,13.163247,16.304395,-3.141148,,1012
dance_003,D03_P009_T01,2,60,120,2.0,4.0,11.089177,14.232737,-3.14356,,1013
dance_006,D06_P009_T01,7,210,270,7.0,9.0,10.646579,13.794565,-3.147986,,1014
dance_006,D06_P013_T01,5,150,210,5.0,7.0,10.643697,13.794565,-3.150868,,1015
dance_008,D08_P006_T01,17,510,570,17.0,19.0,12.133792,15.296403,-3.162611,,1016
dance_001,D01_P002_T01,3,90,150,3.0,5.0,11.273224,14.435844,-3.16262,,1017
dance_001,D01_P004_T01,3,90,150,3.0,5.0,11.273224,14.435844,-3.16262,,1017
dance_007,D07_P010_T01,5,150,210,5.0,7.0,9.314122,12.479667,-3.165545,,1019
dance_006,D06_P017_T01,0,0,60,0.0,2.0,10.628111,13.794565,-3.166454,,1020
dance_006,D06_P007_T01,5,150,210,5.0,7.0,10.627168,13.794565,-3.167397,,1021
dance_011,D11_P018_T01,13,390,450,13.0,15.0,12.77727,15.951577,-3.174307,,1022
dance_001,D01_P006_T01,6,180,240,6.0,8.0,11.258092,14.435844,-3.177752,,1023
dance_004,D04_P014_T01,3,90,150,3.0,5.0,13.126327,16.304395,-3.178068,,1024
dance_007,D07_P008_T01,10,300,360,10.0,12.0,9.297673,12.479667,-3.181994,,1025
dance_006,D06_P015_T01,11,330,390,11.0,13.0,10.612323,13.794565,-3.182242,,1026
dance_010,D10_P013_T01,2,60,120,2.0,4.0,14.460571,17.643839,-3.183268,,1027
dance_010,D10_P009_T01,6,180,240,6.0,8.0,14.458938,17.643839,-3.184901,,1028
dance_005,D05_P015_T01,8,240,300,8.0,10.0,10.605139,13.799158,-3.194019,,1029
dance_008,D08_P006_T01,7,210,270,7.0,9.0,12.101444,15.296403,-3.194959,,1030
dance_009,D09_P013_T01,4,120,180,4.0,6.0,16.345692,19.54512,-3.199428,,1031
dance_005,D05_P014_T01,7,210,270,7.0,9.0,10.598965,13.799158,-3.200193,,1032
dance_009,D09_P011_T01,6,180,240,6.0,8.0,16.343285,19.54512,-3.201835,,1033
dance_004,D04_P010_T01,9,270,330,9.0,11.0,13.099386,16.304395,-3.205009,,1034
dance_006,D06_P003_T01,3,90,150,3.0,5.0,10.5887,13.794565,-3.205865,,1035
dance_008,D08_P017_T01,2,60,120,2.0,4.0,12.084821,15.296403,-3.211582,,1036
dance_004,D04_P020_T01,8,240,300,8.0,10.0,13.092388,16.304395,-3.212007,,1037
dance_007,D07_P006_T01,2,60,120,2.0,4.0,9.262389,12.479667,-3.217278,,1038
dance_001,D01_P020_T01,2,60,120,2.0,4.0,11.215298,14.435844,-3.220546,,1039
dance_011,D11_P019_T01,7,210,270,7.0,9.0,12.724087,15.951577,-3.22749,,1040
dance_003,D03_P011_T01,6,180,240,6.0,8.0,11.004635,14.232737,-3.228102,,1041
dance_001,D01_P014_T01,2,60,120,2.0,4.0,11.20561,14.435844,-3.230234,,1042
dance_006,D06_P017_T01,8,240,300,8.0,10.0,10.561983,13.794565,-3.232582,,1043
dance_008,D08_P012_T01,11,330,390,11.0,13.0,12.063153,15.296403,-3.23325,,1044
dance_008,D08_P009_T01,15,450,510,15.0,17.0,12.060949,15.296403,-3.235454,,1045
dance_002,D02_P006_T01,4,120,180,4.0,6.0,15.535681,18.773045,-3.237364,,1046
dance_002,D02_P014_T01,7,210,270,7.0,9.0,15.535373,18.773045,-3.237672,,1047
dance_001,D01_P016_T01,3,90,150,3.0,5.0,11.197295,14.435844,-3.238549,,1048
dance_011,D11_P020_T01,10,300,360,10.0,12.0,12.712119,15.951577,-3.239458,,1049
dance_003,D03_P008_T01,5,150,210,5.0,7.0,10.974853,14.232737,-3.257884,,1050
dance_008,D08_P016_T01,8,240,300,8.0,10.0,12.03479,15.296403,-3.261613,,1051
dance_002,D02_P013_T01,5,150,210,5.0,7.0,15.509446,18.773045,-3.263599,,1052
dance_008,D08_P009_T01,5,150,210,5.0,7.0,12.032527,15.296403,-3.263876,,1053
dance_006,D06_P011_T01,2,60,120,2.0,4.0,10.530062,13.794565,-3.264503,,1054
dance_004,D04_P003_T01,7,210,270,7.0,9.0,13.033803,16.304395,-3.270592,,1055
dance_007,D07_P014_T01,1,30,90,1.0,3.0,9.208877,12.479667,-3.27079,,1056
dance_009,D09_P002_T01,9,270,330,9.0,11.0,16.272668,19.54512,-3.272452,,1057
dance_002,D02_P007_T01,7,210,270,7.0,9.0,15.499981,18.773045,-3.273064,,1058
dance_006,D06_P015_T01,4,120,180,4.0,6.0,10.508821,13.794565,-3.285744,,1059
dance_012,D12_P009_T01,0,0,60,0.0,2.0,11.013251,14.304425,-3.291174,,1060
dance_011,D11_P004_T01,6,180,240,6.0,8.0,12.659292,15.951577,-3.292285,,1061
dance_012,D12_P005_T01,0,0,60,0.0,2.0,11.010992,14.304425,-3.293433,,1062
dance_008,D08_P004_T01,14,420,480,14.0,16.0,12.00004,15.296403,-3.296363,,1063
dance_008,D08_P015_T01,1,30,90,1.0,3.0,11.994439,15.296403,-3.301964,,1064
dance_004,D04_P012_T01,1,30,90,1.0,3.0,12.998544,16.304395,-3.305851,,1065
dance_001,D01_P001_T01,1,30,90,1.0,3.0,11.12702,14.435844,-3.308824,,1066
dance_009,D09_P016_T01,7,210,270,7.0,9.0,16.235916,19.54512,-3.309204,,1067
dance_008,D08_P017_T01,3,90,150,3.0,5.0,11.986926,15.296403,-3.309477,,1068
dance_011,D11_P016_T01,12,360,420,12.0,14.0,12.639898,15.951577,-3.311679,,1069
dance_012,D12_P018_T01,11,330,390,11.0,13.0,10.992056,14.304425,-3.312369,,1070
dance_003,D03_P005_T01,4,120,180,4.0,6.0,10.918967,14.232737,-3.31377,,1071
dance_011,D11_P015_T01,5,150,210,5.0,7.0,12.637011,15.951577,-3.314566,,1072
dance_005,D05_P018_T01,4,120,180,4.0,6.0,10.484545,13.799158,-3.314613,,1073
dance_008,D08_P005_T01,2,60,120,2.0,4.0,11.980298,15.296403,-3.316105,,1074
dance_007,D07_P004_T01,4,120,180,4.0,6.0,9.159089,12.479667,-3.320578,,1075
dance_001,D01_P013_T01,1,30,90,1.0,3.0,11.114285,14.435844,-3.321559,,1076
dance_008,D08_P003_T01,11,330,390,11.0,13.0,11.972417,15.296403,-3.323986,,1077
dance_001,D01_P018_T01,5,150,210,5.0,7.0,11.111799,14.435844,-3.324045,,1078
dance_007,D07_P004_T01,9,270,330,9.0,11.0,9.153638,12.479667,-3.326029,,1079
dance_009,D09_P002_T01,0,0,60,0.0,2.0,16.218718,19.54512,-3.326402,,1080
dance_003,D03_P016_T01,5,150,210,5.0,7.0,10.906267,14.232737,-3.32647,,1081
dance_012,D12_P009_T01,6,180,240,6.0,8.0,10.977775,14.304425,-3.32665,,1082
dance_009,D09_P015_T01,7,210,270,7.0,9.0,16.210698,19.54512,-3.334422,,1083
dance_008,D08_P009_T01,18,540,600,18.0,20.0,11.945806,15.296403,-3.350597,,1084
dance_011,D11_P012_T01,8,240,300,8.0,10.0,12.599897,15.951577,-3.35168,,1085
dance_009,D09_P010_T01,3,90,150,3.0,5.0,16.191943,19.54512,-3.353177,,1086
dance_002,D02_P011_T01,1,30,90,1.0,3.0,15.419436,18.773045,-3.353609,,1087
dance_008,D08_P019_T01,4,120,180,4.0,6.0,11.9418,15.296403,-3.354603,,1088
dance_007,D07_P008_T01,2,60,120,2.0,4.0,9.123022,12.479667,-3.356645,,1089
dance_004,D04_P020_T01,5,150,210,5.0,7.0,12.947418,16.304395,-3.356977,,1090
dance_005,D05_P017_T01,7,210,270,7.0,9.0,10.437145,13.799158,-3.362013,,1091
dance_006,D06_P018_T01,3,90,150,3.0,5.0,10.431997,13.794565,-3.362568,,1092
dance_003,D03_P014_T01,6,180,240,6.0,8.0,10.869638,14.232737,-3.363099,,1093
dance_004,D04_P007_T01,2,60,120,2.0,4.0,12.939387,16.304395,-3.365008,,1094
dance_010,D10_P002_T01,11,330,390,11.0,13.0,14.277274,17.643839,-3.366565,,1095
dance_003,D03_P006_T01,7,210,270,7.0,9.0,10.865257,14.232737,-3.36748,,1096
dance_007,D07_P004_T01,7,210,270,7.0,9.0,9.100807,12.479667,-3.37886,,1097
dance_010,D10_P012_T01,8,240,300,8.0,10.0,14.261967,17.643839,-3.381872,,1098
dance_009,D09_P019_T01,8,240,300,8.0,10.0,16.161222,19.54512,-3.383898,,1099
dance_008,D08_P015_T01,13,390,450,13.0,15.0,11.911768,15.296403,-3.384635,,1100
dance_006,D06_P010_T01,6,180,240,6.0,8.0,10.408015,13.794565,-3.38655,,1101
dance_008,D08_P020_T01,10,300,360,10.0,12.0,11.907759,15.296403,-3.388644,,1102
dance_004,D04_P006_T01,8,240,300,8.0,10.0,12.913494,16.304395,-3.390901,,1103
dance_006,D06_P014_T01,7,210,270,7.0,9.0,10.401192,13.794565,-3.393373,,1104
dance_001,D01_P020_T01,5,150,210,5.0,7.0,11.040669,14.435844,-3.395175,,1105
dance_007,D07_P007_T01,1,30,90,1.0,3.0,9.0824,12.479667,-3.397267,,1106
dance_008,D08_P013_T01,4,120,180,4.0,6.0,11.896494,15.296403,-3.399909,,1107
dance_011,D11_P006_T01,12,360,420,12.0,14.0,12.551063,15.951577,-3.400514,,1108
dance_011,D11_P012_T01,13,390,450,13.0,15.0,12.544435,15.951577,-3.407142,,1109
dance_003,D03_P013_T01,7,210,270,7.0,9.0,10.820972,14.232737,-3.411765,,1110
dance_004,D04_P002_T01,7,210,270,7.0,9.0,12.887535,16.304395,-3.41686,,1111
dance_008,D08_P016_T01,18,540,600,18.0,20.0,11.87771,15.296403,-3.418693,,1112
dance_010,D10_P009_T01,1,30,90,1.0,3.0,14.224495,17.643839,-3.419344,,1113
dance_007,D07_P014_T01,8,240,300,8.0,10.0,9.05871,12.479667,-3.420957,,1114
dance_007,D07_P002_T01,9,270,330,9.0,11.0,9.055915,12.479667,-3.423752,,1115
dance_008,D08_P014_T01,7,210,270,7.0,9.0,11.872069,15.296403,-3.424334,,1116
dance_001,D01_P009_T01,3,90,150,3.0,5.0,11.010221,14.435844,-3.425623,,1117
dance_003,D03_P010_T01,8,240,300,8.0,10.0,10.798606,14.232737,-3.434131,,1118
dance_006,D06_P010_T01,0,0,60,0.0,2.0,10.356968,13.794565,-3.437597,,1119
dance_006,D06_P003_T01,0,0,60,0.0,2.0,10.351107,13.794565,-3.443458,,1120
dance_005,D05_P007_T01,5,150,210,5.0,7.0,10.354576,13.799158,-3.444582,,1121
dance_003,D03_P012_T01,5,150,210,5.0,7.0,10.787249,14.232737,-3.445488,,1122
dance_007,D07_P014_T01,9,270,330,9.0,11.0,9.033059,12.479667,-3.446608,,1123
dance_007,D07_P012_T01,9,270,330,9.0,11.0,9.032041,12.479667,-3.447626,,1124
dance_004,D04_P014_T01,0,0,60,0.0,2.0,12.855407,16.304395,-3.448988,,1125
dance_007,D07_P014_T01,3,90,150,3.0,5.0,9.030197,12.479667,-3.44947,,1126
dance_011,D11_P005_T01,1,30,90,1.0,3.0,12.499302,15.951577,-3.452275,,1127
dance_008,D08_P020_T01,1,30,90,1.0,3.0,11.84328,15.296403,-3.453123,,1128
dance_010,D10_P020_T01,7,210,270,7.0,9.0,14.190206,17.643839,-3.453633,,1129
dance_012,D12_P004_T01,6,180,240,6.0,8.0,10.848838,14.304425,-3.455587,,1130
dance_008,D08_P012_T01,18,540,600,18.0,20.0,11.839304,15.296403,-3.457099,,1131
dance_003,D03_P017_T01,7,210,270,7.0,9.0,10.775094,14.232737,-3.457643,,1132
dance_006,D06_P012_T01,9,270,330,9.0,11.0,10.334163,13.794565,-3.460402,,1133
dance_004,D04_P012_T01,10,300,360,10.0,12.0,12.843212,16.304395,-3.461183,,1134
dance_005,D05_P011_T01,5,150,210,5.0,7.0,10.330595,13.799158,-3.468563,,1135
dance_003,D03_P014_T01,3,90,150,3.0,5.0,10.757187,14.232737,-3.47555,,1136
dance_004,D04_P012_T01,9,270,330,9.0,11.0,12.827372,16.304395,-3.477023,,1137
dance_006,D06_P018_T01,5,150,210,5.0,7.0,10.310698,13.794565,-3.483867,,1138
dance_008,D08_P004_T01,8,240,300,8.0,10.0,11.808966,15.296403,-3.487437,,1139
dance_005,D05_P009_T01,1,30,90,1.0,3.0,10.31027,13.799158,-3.488888,,1140
dance_008,D08_P004_T01,0,0,60,0.0,2.0,11.802756,15.296403,-3.493647,,1141
dance_012,D12_P018_T01,8,240,300,8.0,10.0,10.810117,14.304425,-3.494308,,1142
dance_009,D09_P004_T01,6,180,240,6.0,8.0,16.047657,19.54512,-3.497463,,1143
dance_007,D07_P006_T01,5,150,210,5.0,7.0,8.976123,12.479667,-3.503544,,1144
dance_005,D05_P016_T01,3,90,150,3.0,5.0,10.291753,13.799158,-3.507405,,1145
dance_007,D07_P003_T01,8,240,300,8.0,10.0,8.970518,12.479667,-3.509149,,1146
dance_012,D12_P018_T01,3,90,150,3.0,5.0,10.791459,14.304425,-3.512966,,1147
dance_006,D06_P011_T01,9,270,330,9.0,11.0,10.279675,13.794565,-3.51489,,1148
dance_006,D06_P003_T01,4,120,180,4.0,6.0,10.277918,13.794565,-3.516647,,1149
dance_007,D07_P015_T01,9,270,330,9.0,11.0,8.959745,12.479667,-3.519922,,1150
dance_010,D10_P020_T01,9,270,330,9.0,11.0,14.121781,17.643839,-3.522058,,1151
dance_009,D09_P012_T01,6,180,240,6.0,8.0,16.020629,19.54512,-3.524491,,1152
dance_005,D05_P003_T01,2,60,120,2.0,4.0,10.274119,13.799158,-3.525039,,1153
dance_007,D07_P020_T01,5,150,210,5.0,7.0,8.95128,12.479667,-3.528387,,1154
dance_003,D03_P012_T01,11,330,390,11.0,13.0,10.701119,14.232737,-3.531618,,1155
dance_011,D11_P005_T01,6,180,240,6.0,8.0,12.419401,15.951577,-3.532176,,1156
dance_011,D11_P012_T01,7,210,270,7.0,9.0,12.414013,15.951577,-3.537564,,1157
dance_002,D02_P004_T01,5,150,210,5.0,7.0,15.23002,18.773045,-3.543025,,1158
dance_002,D02_P019_T01,7,210,270,7.0,9.0,15.226246,18.773045,-3.546799,,1159
dance_002,D02_P009_T01,1,30,90,1.0,3.0,15.223445,18.773045,-3.5496,,1160
dance_008,D08_P004_T01,15,450,510,15.0,17.0,11.743621,15.296403,-3.552782,,1161
dance_010,D10_P017_T01,2,60,120,2.0,4.0,14.085082,17.643839,-3.558757,,1162
dance_007,D07_P014_T01,2,60,120,2.0,4.0,8.920362,12.479667,-3.559305,,1163
dance_006,D06_P009_T01,10,300,360,10.0,12.0,10.2341,13.794565,-3.560465,,1164
dance_011,D11_P015_T01,10,300,360,10.0,12.0,12.389492,15.951577,-3.562085,,1165
dance_008,D08_P018_T01,5,150,210,5.0,7.0,11.731422,15.296403,-3.564981,,1166
dance_010,D10_P012_T01,1,30,90,1.0,3.0,14.075866,17.643839,-3.567973,,1167
dance_002,D02_P002_T01,8,240,300,8.0,10.0,15.204066,18.773045,-3.568979,,1168
dance_006,D06_P012_T01,10,300,360,10.0,12.0,10.222077,13.794565,-3.572488,,1169
dance_011,D11_P018_T01,4,120,180,4.0,6.0,12.378233,15.951577,-3.573344,,1170
dance_006,D06_P018_T01,9,270,330,9.0,11.0,10.220144,13.794565,-3.574421,,1171
dance_005,D05_P013_T01,2,60,120,2.0,4.0,10.22368,13.799158,-3.575478,,1172
dance_008,D08_P003_T01,1,30,90,1.0,3.0,11.719058,15.296403,-3.577345,,1173
dance_009,D09_P020_T01,5,150,210,5.0,7.0,15.961302,19.54512,-3.583818,,1174
dance_010,D10_P014_T01,1,30,90,1.0,3.0,14.05842,17.643839,-3.585419,,1175
dance_002,D02_P009_T01,8,240,300,8.0,10.0,15.187324,18.773045,-3.585721,,1176
dance_005,D05_P020_T01,8,240,300,8.0,10.0,10.212545,13.799158,-3.586613,,1177
dance_011,D11_P020_T01,9,270,330,9.0,11.0,12.362389,15.951577,-3.589188,,1178
dance_006,D06_P016_T01,1,30,90,1.0,3.0,10.203074,13.794565,-3.591491,,1179
dance_006,D06_P009_T01,8,240,300,8.0,10.0,10.200184,13.794565,-3.594381,,1180
dance_007,D07_P018_T01,10,300,360,10.0,12.0,8.883654,12.479667,-3.596013,,1181
dance_009,D09_P015_T01,0,0,60,0.0,2.0,15.947836,19.54512,-3.597284,,1182
dance_012,D12_P010_T01,1,30,90,1.0,3.0,10.706892,14.304425,-3.597533,,1183
dance_012,D12_P009_T01,12,360,420,12.0,14.0,10.706463,14.304425,-3.597962,,1184
dance_010,D10_P009_T01,12,360,420,12.0,14.0,14.042003,17.643839,-3.601836,,1185
dance_011,D11_P016_T01,7,210,270,7.0,9.0,12.349012,15.951577,-3.602565,,1186
dance_008,D08_P014_T01,14,420,480,14.0,16.0,11.691339,15.296403,-3.605064,,1187
dance_006,D06_P015_T01,5,150,210,5.0,7.0,10.187894,13.794565,-3.606671,,1188
dance_008,D08_P006_T01,5,150,210,5.0,7.0,11.687042,15.296403,-3.609361,,1189
dance_011,D11_P007_T01,4,120,180,4.0,6.0,12.340733,15.951577,-3.610844,,1190
dance_001,D01_P008_T01,7,210,270,7.0,9.0,10.818277,14.435844,-3.617567,,1191
dance_012,D12_P010_T01,6,180,240,6.0,8.0,10.68456,14.304425,-3.619865,,1192
dance_010,D10_P004_T01,9,270,330,9.0,11.0,14.023057,17.643839,-3.620782,,1193
dance_001,D01_P020_T01,7,210,270,7.0,9.0,10.814601,14.435844,-3.621243,,1194
dance_004,D04_P013_T01,9,270,330,9.0,11.0,12.677313,16.304395,-3.627082,,1195
dance_004,D04_P010_T01,1,30,90,1.0,3.0,12.668732,16.304395,-3.635663,,1196
dance_003,D03_P005_T01,2,60,120,2.0,4.0,10.586971,14.232737,-3.645766,,1197
dance_003,D03_P015_T01,5,150,210,5.0,7.0,10.5865,14.232737,-3.646237,,1198
dance_008,D08_P010_T01,2,60,120,2.0,4.0,11.648695,15.296403,-3.647708,,1199
dance_003,D03_P006_T01,1,30,90,1.0,3.0,10.581053,14.232737,-3.651684,,1200
dance_007,D07_P012_T01,6,180,240,6.0,8.0,8.827374,12.479667,-3.652293,,1201
dance_006,D06_P010_T01,7,210,270,7.0,9.0,10.141075,13.794565,-3.65349,,1202
dance_012,D12_P015_T01,3,90,150,3.0,5.0,10.649426,14.304425,-3.654999,,1203
dance_006,D06_P020_T01,7,210,270,7.0,9.0,10.13881,13.794565,-3.655755,,1204
dance_008,D08_P008_T01,1,30,90,1.0,3.0,11.63999,15.296403,-3.656413,,1205
dance_009,D09_P019_T01,2,60,120,2.0,4.0,15.885558,19.54512,-3.659562,,1206
dance_005,D05_P014_T01,6,180,240,6.0,8.0,10.13806,13.799158,-3.661098,,1207
dance_005,D05_P006_T01,1,30,90,1.0,3.0,10.137918,13.799158,-3.66124,,1208
dance_006,D06_P012_T01,4,120,180,4.0,6.0,10.133252,13.794565,-3.661313,,1209
dance_002,D02_P018_T01,5,150,210,5.0,7.0,15.1097,18.773045,-3.663345,,1210
dance_010,D10_P006_T01,11,330,390,11.0,13.0,13.979177,17.643839,-3.664662,,1211
dance_012,D12_P018_T01,0,0,60,0.0,2.0,10.636039,14.304425,-3.668386,,1212
dance_005,D05_P009_T01,6,180,240,6.0,8.0,10.122437,13.799158,-3.676721,,1213
dance_010,D10_P015_T01,0,0,60,0.0,2.0,13.962943,17.643839,-3.680896,,1214
dance_004,D04_P016_T01,9,270,330,9.0,11.0,12.617899,16.304395,-3.686496,,1215
dance_005,D05_P013_T01,4,120,180,4.0,6.0,10.112023,13.799158,-3.687135,,1216
dance_012,D12_P009_T01,3,90,150,3.0,5.0,10.610055,14.304425,-3.69437,,1217
dance_009,D09_P002_T01,7,210,270,7.0,9.0,15.845052,19.54512,-3.700068,,1218
dance_007,D07_P005_T01,7,210,270,7.0,9.0,8.769093,12.479667,-3.710574,,1219
dance_003,D03_P016_T01,12,360,420,12.0,14.0,10.520774,14.232737,-3.711963,,1220
dance_001,D01_P008_T01,5,150,210,5.0,7.0,10.723116,14.435844,-3.712728,,1221
dance_001,D01_P008_T01,8,240,300,8.0,10.0,10.720963,14.435844,-3.714881,,1222
dance_004,D04_P016_T01,4,120,180,4.0,6.0,12.589334,16.304395,-3.715061,,1223
dance_008,D08_P016_T01,7,210,270,7.0,9.0,11.578541,15.296403,-3.717862,,1224
dance_005,D05_P008_T01,4,120,180,4.0,6.0,10.08105,13.799158,-3.718108,,1225
dance_001,D01_P012_T01,5,150,210,5.0,7.0,10.714704,14.435844,-3.72114,,1226
dance_009,D09_P003_T01,6,180,240,6.0,8.0,15.822007,19.54512,-3.723113,,1227
dance_003,D03_P010_T01,0,0,60,0.0,2.0,10.506293,14.232737,-3.726444,,1228
dance_003,D03_P006_T01,9,270,330,9.0,11.0,10.496766,14.232737,-3.735971,,1229
dance_002,D02_P020_T01,8,240,300,8.0,10.0,15.034727,18.773045,-3.738318,,1230
dance_006,D06_P019_T01,10,300,360,10.0,12.0,10.055278,13.794565,-3.739287,,1231
dance_004,D04_P009_T01,1,30,90,1.0,3.0,12.558082,16.304395,-3.746313,,1232
dance_011,D11_P009_T01,10,300,360,10.0,12.0,12.20334,15.951577,-3.748237,,1233
dance_012,D12_P015_T01,11,330,390,11.0,13.0,10.552025,14.304425,-3.7524,,1234
dance_006,D06_P019_T01,2,60,120,2.0,4.0,10.041527,13.794565,-3.753038,,1235
dance_007,D07_P012_T01,7,210,270,7.0,9.0,8.722728,12.479667,-3.756939,,1236
dance_006,D06_P007_T01,4,120,180,4.0,6.0,10.029617,13.794565,-3.764948,,1237
dance_008,D08_P018_T01,7,210,270,7.0,9.0,11.52986,15.296403,-3.766543,,1238
dance_001,D01_P016_T01,7,210,270,7.0,9.0,10.663529,14.435844,-3.772315,,1239
dance_009,D09_P003_T01,1,30,90,1.0,3.0,15.767794,19.54512,-3.777326,,1240
dance_011,D11_P013_T01,5,150,210,5.0,7.0,12.173685,15.951577,-3.777892,,1241
dance_001,D01_P010_T01,1,30,90,1.0,3.0,10.653447,14.435844,-3.782397,,1242
dance_010,D10_P002_T01,12,360,420,12.0,14.0,13.858458,17.643839,-3.785381,,1243
dance_008,D08_P008_T01,5,150,210,5.0,7.0,11.50813,15.296403,-3.788273,,1244
dance_006,D06_P018_T01,6,180,240,6.0,8.0,10.004318,13.794565,-3.790247,,1245
dance_003,D03_P019_T01,2,60,120,2.0,4.0,10.442059,14.232737,-3.790678,,1246
dance_003,D03_P013_T01,11,330,390,11.0,13.0,10.441572,14.232737,-3.791165,,1247
dance_010,D10_P013_T01,3,90,150,3.0,5.0,13.852652,17.643839,-3.791187,,1248
dance_001,D01_P017_T01,3,90,150,3.0,5.0,10.640459,14.435844,-3.795385,,1249
dance_001,D01_P016_T01,8,240,300,8.0,10.0,10.640337,14.435844,-3.795507,,1250
dance_001,D01_P009_T01,2,60,120,2.0,4.0,10.638384,14.435844,-3.79746,,1251
dance_012,D12_P011_T01,9,270,330,9.0,11.0,10.506329,14.304425,-3.798096,,1252
dance_005,D05_P015_T01,7,210,270,7.0,9.0,9.998766,13.799158,-3.800392,,1253
dance_008,D08_P020_T01,4,120,180,4.0,6.0,11.495623,15.296403,-3.80078,,1254
dance_006,D06_P015_T01,0,0,60,0.0,2.0,9.991971,13.794565,-3.802594,,1255
dance_003,D03_P011_T01,2,60,120,2.0,4.0,10.429811,14.232737,-3.802926,,1256
dance_003,D03_P003_T01,5,150,210,5.0,7.0,10.428684,14.232737,-3.804053,,1257
dance_012,D12_P010_T01,10,300,360,10.0,12.0,10.497691,14.304425,-3.806734,,1258
dance_005,D05_P007_T01,8,240,300,8.0,10.0,9.988013,13.799158,-3.811145,,1259
dance_009,D09_P004_T01,5,150,210,5.0,7.0,15.73309,19.54512,-3.81203,,1260
dance_004,D04_P003_T01,0,0,60,0.0,2.0,12.491994,16.304395,-3.812401,,1261
dance_001,D01_P011_T01,5,150,210,5.0,7.0,10.623097,14.435844,-3.812747,,1262
dance_006,D06_P003_T01,2,60,120,2.0,4.0,9.981608,13.794565,-3.812957,,1263
dance_012,D12_P004_T01,4,120,180,4.0,6.0,10.491458,14.304425,-3.812967,,1264
dance_010,D10_P002_T01,8,240,300,8.0,10.0,13.819425,17.643839,-3.824414,,1265
dance_011,D11_P018_T01,1,30,90,1.0,3.0,12.119669,15.951577,-3.831908,,1266
dance_004,D04_P002_T01,8,240,300,8.0,10.0,12.472358,16.304395,-3.832037,,1267
dance_005,D05_P020_T01,4,120,180,4.0,6.0,9.965556,13.799158,-3.833602,,1268
dance_009,D09_P011_T01,2,60,120,2.0,4.0,15.707628,19.54512,-3.837492,,1269
dance_008,D08_P002_T01,17,510,570,17.0,19.0,11.458355,15.296403,-3.838048,,1270
dance_006,D06_P009_T01,9,270,330,9.0,11.0,9.953416,13.794565,-3.841149,,1271
dance_005,D05_P011_T01,4,120,180,4.0,6.0,9.957772,13.799158,-3.841386,,1272
dance_007,D07_P010_T01,6,180,240,6.0,8.0,8.638048,12.479667,-3.841619,,1273
dance_007,D07_P019_T01,2,60,120,2.0,4.0,8.636844,12.479667,-3.842823,,1274
dance_010,D10_P017_T01,0,0,60,0.0,2.0,13.797612,17.643839,-3.846227,,1275
dance_010,D10_P006_T01,3,90,150,3.0,5.0,13.796298,17.643839,-3.847541,,1276
dance_007,D07_P009_T01,0,0,60,0.0,2.0,8.627573,12.479667,-3.852094,,1277
dance_001,D01_P009_T01,1,30,90,1.0,3.0,10.583737,14.435844,-3.852107,,1278
dance_010,D10_P017_T01,4,120,180,4.0,6.0,13.791092,17.643839,-3.852747,,1279
dance_002,D02_P015_T01,6,180,240,6.0,8.0,14.9167,18.773045,-3.856345,,1280
dance_008,D08_P018_T01,6,180,240,6.0,8.0,11.439225,15.296403,-3.857178,,1281
dance_003,D03_P017_T01,11,330,390,11.0,13.0,10.37226,14.232737,-3.860477,,1282
dance_003,D03_P006_T01,12,360,420,12.0,14.0,10.369921,14.232737,-3.862816,,1283
dance_012,D12_P013_T01,11,330,390,11.0,13.0,10.438302,14.304425,-3.866123,,1284
dance_004,D04_P012_T01,0,0,60,0.0,2.0,12.433479,16.304395,-3.870916,,1285
dance_006,D06_P012_T01,5,150,210,5.0,7.0,9.921561,13.794565,-3.873004,,1286
dance_008,D08_P008_T01,16,480,540,16.0,18.0,11.423122,15.296403,-3.873281,,1287
dance_006,D06_P005_T01,1,30,90,1.0,3.0,9.916813,13.794565,-3.877752,,1288
dance_009,D09_P020_T01,2,60,120,2.0,4.0,15.66721,19.54512,-3.87791,,1289
dance_003,D03_P019_T01,5,150,210,5.0,7.0,10.353727,14.232737,-3.87901,,1290
dance_003,D03_P015_T01,10,300,360,10.0,12.0,10.349061,14.232737,-3.883676,,1291
dance_009,D09_P008_T01,5,150,210,5.0,7.0,15.647709,19.54512,-3.897411,,1292
dance_012,D12_P003_T01,6,180,240,6.0,8.0,10.403949,14.304425,-3.900476,,1293
dance_011,D11_P019_T01,5,150,210,5.0,7.0,12.049749,15.951577,-3.901828,,1294
dance_007,D07_P020_T01,2,60,120,2.0,4.0,8.577251,12.479667,-3.902416,,1295
dance_010,D10_P015_T01,11,330,390,11.0,13.0,13.740778,17.643839,-3.903061,,1296
dance_008,D08_P017_T01,10,300,360,10.0,12.0,11.390134,15.296403,-3.906269,,1297
dance_011,D11_P012_T01,6,180,240,6.0,8.0,12.042107,15.951577,-3.90947,,1298
dance_003,D03_P018_T01,2,60,120,2.0,4.0,10.322643,14.232737,-3.910094,,1299
dance_006,D06_P011_T01,3,90,150,3.0,5.0,9.884111,13.794565,-3.910454,,1300
dance_006,D06_P020_T01,3,90,150,3.0,5.0,9.882121,13.794565,-3.912444,,1301
dance_003,D03_P012_T01,0,0,60,0.0,2.0,10.312298,14.232737,-3.920439,,1302
dance_008,D08_P020_T01,18,540,600,18.0,20.0,11.374203,15.296403,-3.9222,,1303
dance_006,D06_P020_T01,0,0,60,0.0,2.0,9.872061,13.794565,-3.922504,,1304
dance_004,D04_P008_T01,7,210,270,7.0,9.0,12.381728,16.304395,-3.922667,,1305
dance_008,D08_P017_T01,6,180,240,6.0,8.0,11.373388,15.296403,-3.923015,,1306
dance_003,D03_P018_T01,5,150,210,5.0,7.0,10.308536,14.232737,-3.924201,,1307
dance_006,D06_P011_T01,6,180,240,6.0,8.0,9.868794,13.794565,-3.925771,,1308
dance_001,D01_P008_T01,3,90,150,3.0,5.0,10.508115,14.435844,-3.927729,,1309
dance_003,D03_P017_T01,0,0,60,0.0,2.0,10.302297,14.232737,-3.93044,,1310
dance_012,D12_P015_T01,2,60,120,2.0,4.0,10.373702,14.304425,-3.930723,,1311
dance_001,D01_P019_T01,5,150,210,5.0,7.0,10.503902,14.435844,-3.931942,,1312
dance_003,D03_P018_T01,0,0,60,0.0,2.0,10.299849,14.232737,-3.932888,,1313
dance_010,D10_P004_T01,0,0,60,0.0,2.0,13.705577,17.643839,-3.938262,,1314
dance_007,D07_P008_T01,0,0,60,0.0,2.0,8.538334,12.479667,-3.941333,,1315
dance_008,D08_P020_T01,15,450,510,15.0,17.0,11.354045,15.296403,-3.942358,,1316
dance_011,D11_P006_T01,15,450,510,15.0,17.0,12.002221,15.951577,-3.949356,,1317
dance_003,D03_P013_T01,5,150,210,5.0,7.0,10.282636,14.232737,-3.950101,,1318
dance_008,D08_P003_T01,7,210,270,7.0,9.0,11.343638,15.296403,-3.952765,,1319
dance_006,D06_P016_T01,9,270,330,9.0,11.0,9.841086,13.794565,-3.953479,,1320
dance_008,D08_P015_T01,7,210,270,7.0,9.0,11.33665,15.296403,-3.959753,,1321
dance_004,D04_P004_T01,6,180,240,6.0,8.0,12.344143,16.304395,-3.960252,,1322
dance_003,D03_P020_T01,4,120,180,4.0,6.0,10.271504,14.232737,-3.961233,,1323
dance_011,D11_P010_T01,1,30,90,1.0,3.0,11.989785,15.951577,-3.961792,,1324
dance_008,D08_P014_T01,0,0,60,0.0,2.0,11.331846,15.296403,-3.964557,,1325
dance_003,D03_P006_T01,2,60,120,2.0,4.0,10.267828,14.232737,-3.964909,,1326
dance_012,D12_P005_T01,2,60,120,2.0,4.0,10.339484,14.304425,-3.964941,,1327
dance_003,D03_P010_T01,1,30,90,1.0,3.0,10.266796,14.232737,-3.965941,,1328
dance_008,D08_P017_T01,18,540,600,18.0,20.0,11.326102,15.296403,-3.970301,,1329
dance_003,D03_P008_T01,8,240,300,8.0,10.0,10.260032,14.232737,-3.972705,,1330
dance_008,D08_P018_T01,9,270,330,9.0,11.0,11.323666,15.296403,-3.972737,,1331
dance_009,D09_P011_T01,7,210,270,7.0,9.0,15.569023,19.54512,-3.976097,,1332
dance_005,D05_P002_T01,2,60,120,2.0,4.0,9.821635,13.799158,-3.977523,,1333
dance_010,D10_P017_T01,9,270,330,9.0,11.0,13.665117,17.643839,-3.978722,,1334
dance_006,D06_P008_T01,9,270,330,9.0,11.0,9.814648,13.794565,-3.979917,,1335
dance_006,D06_P008_T01,3,90,150,3.0,5.0,9.814633,13.794565,-3.979932,,1336
dance_001,D01_P002_T01,4,120,180,4.0,6.0,10.455365,14.435844,-3.980479,,1337
dance_001,D01_P004_T01,4,120,180,4.0,6.0,10.455365,14.435844,-3.980479,,1337
dance_003,D03_P014_T01,1,30,90,1.0,3.0,10.251134,14.232737,-3.981603,,1339
dance_012,D12_P013_T01,2,60,120,2.0,4.0,10.322034,14.304425,-3.982391,,1340
dance_006,D06_P011_T01,7,210,270,7.0,9.0,9.809503,13.794565,-3.985062,,1341
dance_011,D11_P002_T01,1,30,90,1.0,3.0,11.957199,15.951577,-3.994378,,1342
dance_011,D11_P009_T01,5,150,210,5.0,7.0,11.953981,15.951577,-3.997596,,1343
dance_004,D04_P007_T01,6,180,240,6.0,8.0,12.300415,16.304395,-4.00398,,1344
dance_012,D12_P004_T01,3,90,150,3.0,5.0,10.297808,14.304425,-4.006617,,1345
dance_007,D07_P018_T01,1,30,90,1.0,3.0,8.472936,12.479667,-4.006731,,1346
dance_003,D03_P019_T01,4,120,180,4.0,6.0,10.223073,14.232737,-4.009664,,1347
dance_007,D07_P019_T01,6,180,240,6.0,8.0,8.469635,12.479667,-4.010032,,1348
dance_007,D07_P010_T01,10,300,360,10.0,12.0,8.469488,12.479667,-4.010179,,1349
dance_010,D10_P009_T01,2,60,120,2.0,4.0,13.63258,17.643839,-4.011259,,1350
dance_002,D02_P018_T01,7,210,270,7.0,9.0,14.761445,18.773045,-4.0116,,1351
dance_003,D03_P011_T01,4,120,180,4.0,6.0,10.213714,14.232737,-4.019023,,1352
dance_008,D08_P007_T01,10,300,360,10.0,12.0,11.27189,15.296403,-4.024513,,1353
dance_007,D07_P015_T01,0,0,60,0.0,2.0,8.450789,12.479667,-4.028878,,1354
dance_006,D06_P010_T01,2,60,120,2.0,4.0,9.756624,13.794565,-4.037941,,1355
dance_006,D06_P013_T01,4,120,180,4.0,6.0,9.754463,13.794565,-4.040102,,1356
dance_002,D02_P016_T01,0,0,60,0.0,2.0,14.732516,18.773045,-4.040529,,1357
dance_001,D01_P015_T01,8,240,300,8.0,10.0,10.39356,14.435844,-4.042284,,1358
dance_006,D06_P009_T01,5,150,210,5.0,7.0,9.751003,13.794565,-4.043562,,1359
dance_003,D03_P004_T01,8,240,300,8.0,10.0,10.187383,14.232737,-4.045354,,1360
dance_010,D10_P009_T01,0,0,60,0.0,2.0,13.594965,17.643839,-4.048874,,1361
dance_012,D12_P013_T01,12,360,420,12.0,14.0,10.255018,14.304425,-4.049407,,1362
dance_010,D10_P014_T01,6,180,240,6.0,8.0,13.594385,17.643839,-4.049454,,1363
dance_005,D05_P002_T01,6,180,240,6.0,8.0,9.747124,13.799158,-4.052034,,1364
dance_007,D07_P006_T01,7,210,270,7.0,9.0,8.41887,12.479667,-4.060797,,1365
dance_003,D03_P012_T01,3,90,150,3.0,5.0,10.170371,14.232737,-4.062366,,1366
dance_002,D02_P018_T01,3,90,150,3.0,5.0,14.704696,18.773045,-4.068349,,1367
dance_009,D09_P009_T01,6,180,240,6.0,8.0,15.46993,19.54512,-4.07519,,1368
dance_009,D09_P009_T01,11,330,390,11.0,13.0,15.469444,19.54512,-4.075676,,1369
dance_005,D05_P009_T01,7,210,270,7.0,9.0,9.718471,13.799158,-4.080687,,1370
dance_012,D12_P014_T01,6,180,240,6.0,8.0,10.223622,14.304425,-4.080803,,1371
dance_011,D11_P008_T01,9,270,330,9.0,11.0,11.86968,15.951577,-4.081897,,1372
dance_003,D03_P015_T01,1,30,90,1.0,3.0,10.149173,14.232737,-4.083564,,1373
dance_005,D05_P009_T01,3,90,150,3.0,5.0,9.712408,13.799158,-4.08675,,1374
dance_010,D10_P019_T01,7,210,270,7.0,9.0,13.555486,17.643839,-4.088353,,1375
dance_005,D05_P016_T01,2,60,120,2.0,4.0,9.710452,13.799158,-4.088706,,1376
dance_008,D08_P007_T01,13,390,450,13.0,15.0,11.207444,15.296403,-4.088959,,1377
dance_003,D03_P011_T01,9,270,330,9.0,11.0,10.143017,14.232737,-4.08972,,1378
dance_005,D05_P019_T01,3,90,150,3.0,5.0,9.701948,13.799158,-4.09721,,1379
dance_011,D11_P015_T01,14,420,480,14.0,16.0,11.85095,15.951577,-4.100627,,1380
dance_011,D11_P016_T01,10,300,360,10.0,12.0,11.850829,15.951577,-4.100748,,1381
dance_005,D05_P019_T01,7,210,270,7.0,9.0,9.697389,13.799158,-4.101769,,1382
dance_006,D06_P016_T01,2,60,120,2.0,4.0,9.692643,13.794565,-4.101922,,1383
dance_002,D02_P010_T01,8,240,300,8.0,10.0,14.666763,18.773045,-4.106282,,1384
dance_011,D11_P005_T01,4,120,180,4.0,6.0,11.842334,15.951577,-4.109243,,1385
dance_008,D08_P017_T01,0,0,60,0.0,2.0,11.186946,15.296403,-4.109457,,1386
dance_005,D05_P015_T01,6,180,240,6.0,8.0,9.68892,13.799158,-4.110238,,1387
dance_002,D02_P010_T01,7,210,270,7.0,9.0,14.653519,18.773045,-4.119526,,1388
dance_008,D08_P017_T01,7,210,270,7.0,9.0,11.168863,15.296403,-4.12754,,1389
dance_012,D12_P012_T01,5,150,210,5.0,7.0,10.176622,14.304425,-4.127803,,1390
dance_007,D07_P011_T01,7,210,270,7.0,9.0,8.348818,12.479667,-4.130849,,1391
dance_012,D12_P018_T01,7,210,270,7.0,9.0,10.172842,14.304425,-4.131583,,1392
dance_009,D09_P002_T01,6,180,240,6.0,8.0,15.408345,19.54512,-4.136775,,1393
dance_006,D06_P004_T01,7,210,270,7.0,9.0,9.656146,13.794565,-4.138419,,1394
dance_011,D11_P005_T01,5,150,210,5.0,7.0,11.812904,15.951577,-4.138673,,1395
dance_010,D10_P014_T01,2,60,120,2.0,4.0,13.504428,17.643839,-4.139411,,1396
dance_009,D09_P008_T01,2,60,120,2.0,4.0,15.402889,19.54512,-4.142231,,1397
dance_004,D04_P010_T01,5,150,210,5.0,7.0,12.16063,16.304395,-4.143765,,1398
dance_001,D01_P008_T01,1,30,90,1.0,3.0,10.289896,14.435844,-4.145948,,1399
dance_008,D08_P003_T01,4,120,180,4.0,6.0,11.14853,15.296403,-4.147873,,1400
dance_001,D01_P009_T01,0,0,60,0.0,2.0,10.287893,14.435844,-4.147951,,1401
dance_001,D01_P014_T01,3,90,150,3.0,5.0,10.287275,14.435844,-4.148569,,1402
dance_005,D05_P016_T01,0,0,60,0.0,2.0,9.645196,13.799158,-4.153962,,1403
dance_006,D06_P013_T01,7,210,270,7.0,9.0,9.640543,13.794565,-4.154022,,1404
dance_011,D11_P006_T01,10,300,360,10.0,12.0,11.794117,15.951577,-4.15746,,1405
dance_007,D07_P016_T01,2,60,120,2.0,4.0,8.320669,12.479667,-4.158998,,1406
dance_006,D06_P020_T01,2,60,120,2.0,4.0,9.634819,13.794565,-4.159746,,1407
dance_011,D11_P013_T01,13,390,450,13.0,15.0,11.791017,15.951577,-4.16056,,1408
dance_012,D12_P004_T01,8,240,300,8.0,10.0,10.136878,14.304425,-4.167547,,1409
dance_009,D09_P006_T01,2,60,120,2.0,4.0,15.375848,19.54512,-4.169272,,1410
dance_006,D06_P006_T01,10,300,360,10.0,12.0,9.609712,13.794565,-4.184853,,1411
dance_008,D08_P018_T01,12,360,420,12.0,14.0,11.109339,15.296403,-4.187064,,1412
dance_001,D01_P020_T01,3,90,150,3.0,5.0,10.248771,14.435844,-4.187073,,1413
dance_006,D06_P017_T01,10,300,360,10.0,12.0,9.59897,13.794565,-4.195595,,1414
dance_008,D08_P016_T01,16,480,540,16.0,18.0,11.100208,15.296403,-4.196195,,1415
dance_002,D02_P002_T01,0,0,60,0.0,2.0,14.576469,18.773045,-4.196576,,1416
dance_011,D11_P015_T01,4,120,180,4.0,6.0,11.752388,15.951577,-4.199189,,1417
dance_004,D04_P009_T01,5,150,210,5.0,7.0,12.104138,16.304395,-4.200257,,1418
dance_008,D08_P009_T01,17,510,570,17.0,19.0,11.093369,15.296403,-4.203034,,1419
dance_007,D07_P011_T01,6,180,240,6.0,8.0,8.276243,12.479667,-4.203424,,1420
dance_012,D12_P017_T01,9,270,330,9.0,11.0,10.100827,14.304425,-4.203598,,1421
dance_011,D11_P006_T01,13,390,450,13.0,15.0,11.745793,15.951577,-4.205784,,1422
dance_010,D10_P016_T01,9,270,330,9.0,11.0,13.437974,17.643839,-4.205865,,1423
dance_012,D12_P018_T01,5,150,210,5.0,7.0,10.098026,14.304425,-4.206399,,1424
dance_006,D06_P015_T01,6,180,240,6.0,8.0,9.578258,13.794565,-4.216307,,1425
dance_001,D01_P016_T01,4,120,180,4.0,6.0,10.215469,14.435844,-4.220375,,1426
dance_001,D01_P008_T01,4,120,180,4.0,6.0,10.206761,14.435844,-4.229083,,1427
dance_005,D05_P013_T01,5,150,210,5.0,7.0,9.566664,13.799158,-4.232494,,1428
dance_012,D12_P011_T01,0,0,60,0.0,2.0,10.065366,14.304425,-4.239059,,1429
dance_004,D04_P018_T01,9,270,330,9.0,11.0,12.063957,16.304395,-4.240438,,1430
dance_012,D12_P009_T01,10,300,360,10.0,12.0,10.06001,14.304425,-4.244415,,1431
dance_004,D04_P015_T01,7,210,270,7.0,9.0,12.059651,16.304395,-4.244744,,1432
dance_012,D12_P009_T01,9,270,330,9.0,11.0,10.059382,14.304425,-4.245043,,1433
dance_002,D02_P008_T01,7,210,270,7.0,9.0,14.527828,18.773045,-4.245217,,1434
dance_001,D01_P006_T01,5,150,210,5.0,7.0,10.187918,14.435844,-4.247926,,1435
dance_010,D10_P019_T01,6,180,240,6.0,8.0,13.394223,17.643839,-4.249616,,1436
dance_007,D07_P003_T01,5,150,210,5.0,7.0,8.227913,12.479667,-4.251754,,1437
dance_007,D07_P002_T01,3,90,150,3.0,5.0,8.227174,12.479667,-4.252493,,1438
dance_012,D12_P009_T01,2,60,120,2.0,4.0,10.051317,14.304425,-4.253108,,1439
dance_008,D08_P004_T01,4,120,180,4.0,6.0,11.043066,15.296403,-4.253337,,1440
dance_010,D10_P015_T01,2,60,120,2.0,4.0,13.389996,17.643839,-4.253843,,1441
dance_010,D10_P012_T01,11,330,390,11.0,13.0,13.388826,17.643839,-4.255013,,1442
dance_004,D04_P012_T01,5,150,210,5.0,7.0,12.047229,16.304395,-4.257166,,1443
dance_001,D01_P011_T01,7,210,270,7.0,9.0,10.178251,14.435844,-4.257593,,1444
dance_004,D04_P002_T01,5,150,210,5.0,7.0,12.045869,16.304395,-4.258526,,1445
dance_004,D04_P020_T01,1,30,90,1.0,3.0,12.04425,16.304395,-4.260145,,1446
dance_007,D07_P019_T01,9,270,330,9.0,11.0,8.209094,12.479667,-4.270573,,1447
dance_001,D01_P006_T01,0,0,60,0.0,2.0,10.16453,14.435844,-4.271314,,1448
dance_006,D06_P005_T01,4,120,180,4.0,6.0,9.518587,13.794565,-4.275978,,1449
dance_011,D11_P014_T01,13,390,450,13.0,15.0,11.674988,15.951577,-4.276589,,1450
dance_011,D11_P014_T01,14,420,480,14.0,16.0,11.674015,15.951577,-4.277562,,1451
dance_006,D06_P018_T01,10,300,360,10.0,12.0,9.511694,13.794565,-4.282871,,1452
dance_001,D01_P015_T01,3,90,150,3.0,5.0,10.15063,14.435844,-4.285214,,1453
dance_006,D06_P007_T01,11,330,390,11.0,13.0,9.507078,13.794565,-4.287487,,1454
dance_004,D04_P010_T01,10,300,360,10.0,12.0,12.016715,16.304395,-4.28768,,1455
dance_012,D12_P009_T01,11,330,390,11.0,13.0,10.016067,14.304425,-4.288358,,1456
dance_012,D12_P006_T01,8,240,300,8.0,10.0,10.01336,14.304425,-4.291065,,1457
dance_009,D09_P019_T01,3,90,150,3.0,5.0,15.253215,19.54512,-4.291905,,1458
dance_012,D12_P015_T01,7,210,270,7.0,9.0,10.01119,14.304425,-4.293235,,1459
dance_005,D05_P017_T01,6,180,240,6.0,8.0,9.504569,13.799158,-4.294589,,1460
dance_004,D04_P018_T01,0,0,60,0.0,2.0,12.009043,16.304395,-4.295352,,1461
dance_004,D04_P018_T01,10,300,360,10.0,12.0,12.008979,16.304395,-4.295416,,1462
dance_003,D03_P018_T01,9,270,330,9.0,11.0,9.935623,14.232737,-4.297114,,1463
dance_007,D07_P003_T01,6,180,240,6.0,8.0,8.178997,12.479667,-4.30067,,1464
dance_001,D01_P013_T01,3,90,150,3.0,5.0,10.132056,14.435844,-4.303788,,1465
dance_012,D12_P017_T01,6,180,240,6.0,8.0,9.99829,14.304425,-4.306135,,1466
dance_009,D09_P008_T01,7,210,270,7.0,9.0,15.238776,19.54512,-4.306344,,1467
dance_012,D12_P012_T01,2,60,120,2.0,4.0,9.997421,14.304425,-4.307004,,1468
dance_005,D05_P012_T01,3,90,150,3.0,5.0,9.484744,13.799158,-4.314414,,1469
dance_012,D12_P009_T01,5,150,210,5.0,7.0,9.986528,14.304425,-4.317897,,1470
dance_008,D08_P005_T01,1,30,90,1.0,3.0,10.97637,15.296403,-4.320033,,1471
dance_003,D03_P011_T01,0,0,60,0.0,2.0,9.912639,14.232737,-4.320098,,1472
dance_003,D03_P013_T01,2,60,120,2.0,4.0,9.910559,14.232737,-4.322178,,1473
dance_003,D03_P014_T01,7,210,270,7.0,9.0,9.906758,14.232737,-4.325979,,1474
dance_008,D08_P008_T01,8,240,300,8.0,10.0,10.969205,15.296403,-4.327198,,1475
dance_003,D03_P015_T01,7,210,270,7.0,9.0,9.901905,14.232737,-4.330832,,1476
dance_002,D02_P020_T01,3,90,150,3.0,5.0,14.43721,18.773045,-4.335835,,1477
dance_008,D08_P020_T01,14,420,480,14.0,16.0,10.960334,15.296403,-4.336069,,1478
dance_004,D04_P009_T01,7,210,270,7.0,9.0,11.964871,16.304395,-4.339524,,1479
dance_006,D06_P006_T01,7,210,270,7.0,9.0,9.454449,13.794565,-4.340116,,1480
dance_008,D08_P018_T01,10,300,360,10.0,12.0,10.956041,15.296403,-4.340362,,1481
dance_007,D07_P009_T01,8,240,300,8.0,10.0,8.138521,12.479667,-4.341146,,1482
dance_003,D03_P005_T01,7,210,270,7.0,9.0,9.890648,14.232737,-4.342089,,1483
dance_003,D03_P003_T01,8,240,300,8.0,10.0,9.889452,14.232737,-4.343285,,1484
dance_010,D10_P013_T01,8,240,300,8.0,10.0,13.298207,17.643839,-4.345632,,1485
dance_012,D12_P018_T01,6,180,240,6.0,8.0,9.957141,14.304425,-4.347284,,1486
dance_008,D08_P015_T01,5,150,210,5.0,7.0,10.942038,15.296403,-4.354365,,1487
dance_009,D09_P007_T01,5,150,210,5.0,7.0,15.190742,19.54512,-4.354378,,1488
dance_007,D07_P015_T01,6,180,240,6.0,8.0,8.125106,12.479667,-4.354561,,1489
dance_004,D04_P012_T01,7,210,270,7.0,9.0,11.945474,16.304395,-4.358921,,1490
dance_001,D01_P010_T01,2,60,120,2.0,4.0,10.072805,14.435844,-4.363039,,1491
dance_005,D05_P018_T01,5,150,210,5.0,7.0,9.4339,13.799158,-4.365258,,1492
dance_007,D07_P010_T01,3,90,150,3.0,5.0,8.114406,12.479667,-4.365261,,1493
dance_001,D01_P017_T01,2,60,120,2.0,4.0,10.067064,14.435844,-4.36878,,1494
dance_003,D03_P010_T01,3,90,150,3.0,5.0,9.858868,14.232737,-4.373869,,1495
dance_007,D07_P011_T01,1,30,90,1.0,3.0,8.105669,12.479667,-4.373998,,1496
dance_006,D06_P004_T01,12,360,420,12.0,14.0,9.415324,13.794565,-4.379241,,1497
dance_004,D04_P019_T01,3,90,150,3.0,5.0,11.925085,16.304395,-4.37931,,1498
dance_007,D07_P010_T01,4,120,180,4.0,6.0,8.10002,12.479667,-4.379647,,1499
dance_005,D05_P005_T01,4,120,180,4.0,6.0,9.415802,13.799158,-4.383356,,1500
dance_006,D06_P004_T01,1,30,90,1.0,3.0,9.390255,13.794565,-4.40431,,1501
dance_007,D07_P009_T01,5,150,210,5.0,7.0,8.071682,12.479667,-4.407985,,1502
dance_010,D10_P020_T01,10,300,360,10.0,12.0,13.231237,17.643839,-4.412602,,1503
dance_007,D07_P016_T01,0,0,60,0.0,2.0,8.063775,12.479667,-4.415892,,1504
dance_004,D04_P009_T01,6,180,240,6.0,8.0,11.887668,16.304395,-4.416727,,1505
dance_008,D08_P017_T01,5,150,210,5.0,7.0,10.879459,15.296403,-4.416944,,1506
dance_006,D06_P018_T01,7,210,270,7.0,9.0,9.370792,13.794565,-4.423773,,1507
dance_002,D02_P020_T01,5,150,210,5.0,7.0,14.346778,18.773045,-4.426267,,1508
dance_005,D05_P005_T01,0,0,60,0.0,2.0,9.368644,13.799158,-4.430514,,1509
dance_010,D10_P004_T01,3,90,150,3.0,5.0,13.206918,17.643839,-4.436921,,1510
dance_008,D08_P020_T01,6,180,240,6.0,8.0,10.858591,15.296403,-4.437812,,1511
dance_011,D11_P012_T01,4,120,180,4.0,6.0,11.5135,15.951577,-4.438077,,1512
dance_004,D04_P005_T01,3,90,150,3.0,5.0,11.866199,16.304395,-4.438196,,1513
dance_007,D07_P016_T01,1,30,90,1.0,3.0,8.029014,12.479667,-4.450653,,1514
dance_012,D12_P005_T01,3,90,150,3.0,5.0,9.851983,14.304425,-4.452442,,1515
dance_011,D11_P020_T01,6,180,240,6.0,8.0,11.498026,15.951577,-4.453551,,1516
dance_011,D11_P016_T01,4,120,180,4.0,6.0,11.496938,15.951577,-4.454639,,1517
dance_003,D03_P019_T01,7,210,270,7.0,9.0,9.777387,14.232737,-4.45535,,1518
dance_010,D10_P020_T01,6,180,240,6.0,8.0,13.187219,17.643839,-4.45662,,1519
dance_007,D07_P015_T01,8,240,300,8.0,10.0,8.021752,12.479667,-4.457915,,1520
dance_006,D06_P014_T01,11,330,390,11.0,13.0,9.329917,13.794565,-4.464648,,1521
dance_011,D11_P007_T01,0,0,60,0.0,2.0,11.486876,15.951577,-4.464701,,1522
dance_008,D08_P011_T01,4,120,180,4.0,6.0,10.830252,15.296403,-4.466151,,1523
dance_008,D08_P017_T01,15,450,510,15.0,17.0,10.82735,15.296403,-4.469053,,1524
dance_007,D07_P010_T01,1,30,90,1.0,3.0,8.006207,12.479667,-4.47346,,1525
dance_010,D10_P007_T01,3,90,150,3.0,5.0,13.167139,17.643839,-4.4767,,1526
dance_011,D11_P006_T01,3,90,150,3.0,5.0,11.474521,15.951577,-4.477056,,1527
dance_008,D08_P012_T01,5,150,210,5.0,7.0,10.818846,15.296403,-4.477557,,1528
dance_011,D11_P014_T01,12,360,420,12.0,14.0,11.470262,15.951577,-4.481315,,1529
dance_006,D06_P017_T01,11,330,390,11.0,13.0,9.310559,13.794565,-4.484006,,1530
dance_003,D03_P012_T01,4,120,180,4.0,6.0,9.747776,14.232737,-4.484961,,1531
dance_009,D09_P018_T01,10,300,360,10.0,12.0,15.058436,19.54512,-4.486684,,1532
dance_009,D09_P012_T01,5,150,210,5.0,7.0,15.052341,19.54512,-4.492779,,1533
dance_002,D02_P019_T01,3,90,150,3.0,5.0,14.278609,18.773045,-4.494436,,1534
dance_007,D07_P010_T01,2,60,120,2.0,4.0,7.983322,12.479667,-4.496345,,1535
dance_006,D06_P006_T01,11,330,390,11.0,13.0,9.29265,13.794565,-4.501915,,1536
dance_003,D03_P002_T01,10,300,360,10.0,12.0,9.729515,14.232737,-4.503222,,1537
dance_002,D02_P004_T01,7,210,270,7.0,9.0,14.268234,18.773045,-4.504811,,1538
dance_006,D06_P015_T01,8,240,300,8.0,10.0,9.288842,13.794565,-4.505723,,1539
dance_011,D11_P003_T01,7,210,270,7.0,9.0,11.444976,15.951577,-4.506601,,1540
dance_005,D05_P002_T01,1,30,90,1.0,3.0,9.289031,13.799158,-4.510127,,1541
dance_009,D09_P009_T01,2,60,120,2.0,4.0,15.029721,19.54512,-4.515399,,1542
dance_007,D07_P003_T01,1,30,90,1.0,3.0,7.963499,12.479667,-4.516168,,1543
dance_007,D07_P004_T01,8,240,300,8.0,10.0,7.961236,12.479667,-4.518431,,1544
dance_004,D04_P011_T01,0,0,60,0.0,2.0,11.776036,16.304395,-4.528359,,1545
dance_002,D02_P005_T01,5,150,210,5.0,7.0,14.244153,18.773045,-4.528892,,1546
dance_007,D07_P002_T01,4,120,180,4.0,6.0,7.949877,12.479667,-4.52979,,1547
dance_011,D11_P004_T01,8,240,300,8.0,10.0,11.417371,15.951577,-4.534206,,1548
dance_001,D01_P018_T01,3,90,150,3.0,5.0,9.901453,14.435844,-4.534391,,1549
dance_008,D08_P013_T01,6,180,240,6.0,8.0,10.760572,15.296403,-4.535831,,1550
dance_012,D12_P015_T01,4,120,180,4.0,6.0,9.767322,14.304425,-4.537103,,1551
dance_012,D12_P019_T01,5,150,210,5.0,7.0,9.761111,14.304425,-4.543314,,1552
dance_004,D04_P003_T01,10,300,360,10.0,12.0,11.756559,16.304395,-4.547836,,1553
dance_011,D11_P016_T01,11,330,390,11.0,13.0,11.394058,15.951577,-4.557519,,1554
dance_001,D01_P015_T01,7,210,270,7.0,9.0,9.877655,14.435844,-4.558189,,1555
dance_002,D02_P012_T01,1,30,90,1.0,3.0,14.214095,18.773045,-4.55895,,1556
dance_011,D11_P018_T01,6,180,240,6.0,8.0,11.392139,15.951577,-4.559438,,1557
dance_001,D01_P011_T01,6,180,240,6.0,8.0,9.875265,14.435844,-4.560579,,1558
dance_003,D03_P018_T01,3,90,150,3.0,5.0,9.671925,14.232737,-4.560812,,1559
dance_012,D12_P010_T01,9,270,330,9.0,11.0,9.743431,14.304425,-4.560994,,1560
dance_007,D07_P011_T01,0,0,60,0.0,2.0,7.911382,12.479667,-4.568285,,1561
dance_012,D12_P013_T01,9,270,330,9.0,11.0,9.736028,14.304425,-4.568397,,1562
dance_008,D08_P002_T01,18,540,600,18.0,20.0,10.727096,15.296403,-4.569307,,1563
dance_010,D10_P013_T01,0,0,60,0.0,2.0,13.074195,17.643839,-4.569644,,1564
dance_008,D08_P012_T01,15,450,510,15.0,17.0,10.720808,15.296403,-4.575595,,1565
dance_008,D08_P019_T01,3,90,150,3.0,5.0,10.718845,15.296403,-4.577558,,1566
dance_008,D08_P019_T01,5,150,210,5.0,7.0,10.7167,15.296403,-4.579703,,1567
dance_003,D03_P004_T01,3,90,150,3.0,5.0,9.647533,14.232737,-4.585204,,1568
dance_008,D08_P005_T01,6,180,240,6.0,8.0,10.705039,15.296403,-4.591364,,1569
dance_010,D10_P005_T01,7,210,270,7.0,9.0,13.051274,17.643839,-4.592565,,1570
dance_002,D02_P004_T01,0,0,60,0.0,2.0,14.180009,18.773045,-4.593036,,1571
dance_003,D03_P020_T01,1,30,90,1.0,3.0,9.639015,14.232737,-4.593722,,1572
dance_010,D10_P016_T01,10,300,360,10.0,12.0,13.042339,17.643839,-4.6015,,1573
dance_011,D11_P013_T01,11,330,390,11.0,13.0,11.348969,15.951577,-4.602608,,1574
dance_012,D12_P011_T01,4,120,180,4.0,6.0,9.700958,14.304425,-4.603467,,1575
dance_006,D06_P019_T01,4,120,180,4.0,6.0,9.187296,13.794565,-4.607269,,1576
dance_002,D02_P013_T01,1,30,90,1.0,3.0,14.15826,18.773045,-4.614785,,1577
dance_001,D01_P011_T01,4,120,180,4.0,6.0,9.818881,14.435844,-4.616963,,1578
dance_003,D03_P009_T01,5,150,210,5.0,7.0,9.599967,14.232737,-4.63277,,1579
dance_004,D04_P013_T01,3,90,150,3.0,5.0,11.671483,16.304395,-4.632912,,1580
dance_008,D08_P006_T01,13,390,450,13.0,15.0,10.659904,15.296403,-4.636499,,1581
dance_002,D02_P018_T01,8,240,300,8.0,10.0,14.132069,18.773045,-4.640976,,1582
dance_010,D10_P009_T01,11,330,390,11.0,13.0,13.002527,17.643839,-4.641312,,1583
dance_005,D05_P009_T01,8,240,300,8.0,10.0,9.155761,13.799158,-4.643397,,1584
dance_008,D08_P006_T01,9,270,330,9.0,11.0,10.649631,15.296403,-4.646772,,1585
dance_008,D08_P003_T01,2,60,120,2.0,4.0,10.649399,15.296403,-4.647004,,1586
dance_012,D12_P009_T01,1,30,90,1.0,3.0,9.653954,14.304425,-4.650471,,1587
dance_012,D12_P004_T01,1,30,90,1.0,3.0,9.650902,14.304425,-4.653523,,1588
dance_007,D07_P003_T01,7,210,270,7.0,9.0,7.825722,12.479667,-4.653945,,1589
dance_012,D12_P017_T01,8,240,300,8.0,10.0,9.649554,14.304425,-4.654871,,1590
dance_004,D04_P006_T01,0,0,60,0.0,2.0,11.649491,16.304395,-4.654904,,1591
dance_005,D05_P011_T01,1,30,90,1.0,3.0,9.142043,13.799158,-4.657115,,1592
dance_004,D04_P008_T01,8,240,300,8.0,10.0,11.644676,16.304395,-4.659719,,1593
dance_009,D09_P019_T01,11,330,390,11.0,13.0,14.881365,19.54512,-4.663755,,1594
dance_001,D01_P015_T01,0,0,60,0.0,2.0,9.767642,14.435844,-4.668202,,1595
dance_005,D05_P002_T01,3,90,150,3.0,5.0,9.125507,13.799158,-4.673651,,1596
dance_004,D04_P008_T01,6,180,240,6.0,8.0,11.627184,16.304395,-4.677211,,1597
dance_012,D12_P010_T01,7,210,270,7.0,9.0,9.624469,14.304425,-4.679956,,1598
dance_011,D11_P015_T01,7,210,270,7.0,9.0,11.270392,15.951577,-4.681185,,1599
dance_012,D12_P010_T01,0,0,60,0.0,2.0,9.621997,14.304425,-4.682428,,1600
dance_012,D12_P014_T01,2,60,120,2.0,4.0,9.619096,14.304425,-4.685329,,1601
dance_006,D06_P006_T01,0,0,60,0.0,2.0,9.102569,13.794565,-4.691996,,1602
dance_006,D06_P014_T01,9,270,330,9.0,11.0,9.099708,13.794565,-4.694857,,1603
dance_006,D06_P017_T01,4,120,180,4.0,6.0,9.095174,13.794565,-4.699391,,1604
dance_005,D05_P020_T01,3,90,150,3.0,5.0,9.098602,13.799158,-4.700556,,1605
dance_005,D05_P010_T01,8,240,300,8.0,10.0,9.098498,13.799158,-4.70066,,1606
dance_010,D10_P006_T01,2,60,120,2.0,4.0,12.942717,17.643839,-4.701122,,1607
dance_003,D03_P013_T01,0,0,60,0.0,2.0,9.531084,14.232737,-4.701653,,1608
dance_005,D05_P009_T01,2,60,120,2.0,4.0,9.096369,13.799158,-4.702789,,1609
dance_005,D05_P019_T01,4,120,180,4.0,6.0,9.095689,13.799158,-4.703469,,1610
dance_009,D09_P008_T01,6,180,240,6.0,8.0,14.841396,19.54512,-4.703724,,1611
dance_002,D02_P012_T01,8,240,300,8.0,10.0,14.0685,18.773045,-4.704545,,1612
dance_012,D12_P003_T01,2,60,120,2.0,4.0,9.598773,14.304425,-4.705652,,1613
dance_007,D07_P020_T01,6,180,240,6.0,8.0,7.770199,12.479667,-4.709468,,1614
dance_003,D03_P009_T01,4,120,180,4.0,6.0,9.517897,14.232737,-4.71484,,1615
dance_006,D06_P020_T01,10,300,360,10.0,12.0,9.076922,13.794565,-4.717643,,1616
dance_003,D03_P002_T01,3,90,150,3.0,5.0,9.514489,14.232737,-4.718248,,1617
dance_004,D04_P013_T01,7,210,270,7.0,9.0,11.583298,16.304395,-4.721097,,1618
dance_004,D04_P014_T01,7,210,270,7.0,9.0,11.58308,16.304395,-4.721315,,1619
dance_004,D04_P018_T01,6,180,240,6.0,8.0,11.582309,16.304395,-4.722086,,1620
dance_001,D01_P011_T01,2,60,120,2.0,4.0,9.711875,14.435844,-4.723969,,1621
dance_003,D03_P004_T01,4,120,180,4.0,6.0,9.50815,14.232737,-4.724587,,1622
dance_007,D07_P009_T01,7,210,270,7.0,9.0,7.753033,12.479667,-4.726634,,1623
dance_001,D01_P002_T01,5,150,210,5.0,7.0,9.707289,14.435844,-4.728555,,1624
dance_001,D01_P004_T01,5,150,210,5.0,7.0,9.707289,14.435844,-4.728555,,1624
dance_009,D09_P006_T01,7,210,270,7.0,9.0,14.813341,19.54512,-4.731779,,1626
dance_010,D10_P016_T01,1,30,90,1.0,3.0,12.910943,17.643839,-4.732896,,1627
dance_003,D03_P018_T01,4,120,180,4.0,6.0,9.499229,14.232737,-4.733508,,1628
dance_003,D03_P006_T01,5,150,210,5.0,7.0,9.497098,14.232737,-4.735639,,1629
dance_010,D10_P020_T01,2,60,120,2.0,4.0,12.908156,17.643839,-4.735683,,1630
dance_006,D06_P010_T01,5,150,210,5.0,7.0,9.056594,13.794565,-4.737971,,1631
dance_001,D01_P002_T01,2,60,120,2.0,4.0,9.697232,14.435844,-4.738612,,1632
dance_001,D01_P004_T01,2,60,120,2.0,4.0,9.697232,14.435844,-4.738612,,1632
dance_007,D07_P020_T01,10,300,360,10.0,12.0,7.725069,12.479667,-4.754598,,1634
dance_007,D07_P009_T01,3,90,150,3.0,5.0,7.724186,12.479667,-4.755481,,1635
dance_012,D12_P020_T01,11,330,390,11.0,13.0,9.545179,14.304425,-4.759246,,1636
dance_011,D11_P019_T01,0,0,60,0.0,2.0,11.192175,15.951577,-4.759402,,1637
dance_008,D08_P006_T01,1,30,90,1.0,3.0,10.535999,15.296403,-4.760404,,1638
dance_012,D12_P011_T01,2,60,120,2.0,4.0,9.541646,14.304425,-4.762779,,1639
dance_012,D12_P003_T01,3,90,150,3.0,5.0,9.539283,14.304425,-4.765142,,1640
dance_006,D06_P014_T01,8,240,300,8.0,10.0,9.029317,13.794565,-4.765248,,1641
dance_006,D06_P015_T01,10,300,360,10.0,12.0,9.027263,13.794565,-4.767302,,1642
dance_004,D04_P004_T01,1,30,90,1.0,3.0,11.536754,16.304395,-4.767641,,1643
dance_009,D09_P013_T01,2,60,120,2.0,4.0,14.774083,19.54512,-4.771037,,1644
dance_008,D08_P004_T01,13,390,450,13.0,15.0,10.525339,15.296403,-4.771064,,1645
dance_012,D12_P003_T01,7,210,270,7.0,9.0,9.528009,14.304425,-4.776416,,1646
dance_007,D07_P017_T01,10,300,360,10.0,12.0,7.70116,12.479667,-4.778507,,1647
dance_001,D01_P009_T01,6,180,240,6.0,8.0,9.650882,14.435844,-4.784962,,1648
dance_012,D12_P018_T01,12,360,420,12.0,14.0,9.519127,14.304425,-4.785298,,1649
dance_005,D05_P003_T01,5,150,210,5.0,7.0,9.013452,13.799158,-4.785706,,1650
dance_011,D11_P013_T01,4,120,180,4.0,6.0,11.165184,15.951577,-4.786393,,1651
dance_008,D08_P008_T01,6,180,240,6.0,8.0,10.50827,15.296403,-4.788133,,1652
dance_012,D12_P017_T01,2,60,120,2.0,4.0,9.516001,14.304425,-4.788424,,1653
dance_009,D09_P002_T01,1,30,90,1.0,3.0,14.755182,19.54512,-4.789938,,1654
dance_006,D06_P003_T01,9,270,330,9.0,11.0,9.004603,13.794565,-4.789962,,1655
dance_008,D08_P006_T01,0,0,60,0.0,2.0,10.503847,15.296403,-4.792556,,1656
dance_010,D10_P016_T01,11,330,390,11.0,13.0,12.851059,17.643839,-4.79278,,1657
dance_006,D06_P006_T01,12,360,420,12.0,14.0,8.996833,13.794565,-4.797732,,1658
dance_007,D07_P006_T01,1,30,90,1.0,3.0,7.680523,12.479667,-4.799144,,1659
dance_002,D02_P004_T01,8,240,300,8.0,10.0,13.973006,18.773045,-4.800039,,1660
dance_006,D06_P006_T01,4,120,180,4.0,6.0,8.994368,13.794565,-4.800197,,1661
dance_001,D01_P019_T01,3,90,150,3.0,5.0,9.613678,14.435844,-4.822166,,1662
dance_008,D08_P006_T01,14,420,480,14.0,16.0,10.469503,15.296403,-4.8269,,1663
dance_004,D04_P017_T01,6,180,240,6.0,8.0,11.477361,16.304395,-4.827034,,1664
dance_006,D06_P004_T01,8,240,300,8.0,10.0,8.96428,13.794565,-4.830285,,1665
dance_005,D05_P010_T01,6,180,240,6.0,8.0,8.962857,13.799158,-4.836301,,1666
dance_008,D08_P004_T01,10,300,360,10.0,12.0,10.460078,15.296403,-4.836325,,1667
dance_006,D06_P016_T01,11,330,390,11.0,13.0,8.958003,13.794565,-4.836562,,1668
dance_010,D10_P002_T01,9,270,330,9.0,11.0,12.806501,17.643839,-4.837338,,1669
dance_011,D11_P016_T01,9,270,330,9.0,11.0,11.113386,15.951577,-4.838191,,1670
dance_004,D04_P013_T01,8,240,300,8.0,10.0,11.464709,16.304395,-4.839686,,1671
dance_011,D11_P009_T01,2,60,120,2.0,4.0,11.110539,15.951577,-4.841038,,1672
dance_012,D12_P003_T01,1,30,90,1.0,3.0,9.462795,14.304425,-4.84163,,1673
dance_007,D07_P009_T01,9,270,330,9.0,11.0,7.631102,12.479667,-4.848565,,1674
dance_003,D03_P003_T01,0,0,60,0.0,2.0,9.383471,14.232737,-4.849266,,1675
dance_011,D11_P018_T01,0,0,60,0.0,2.0,11.09585,15.951577,-4.855727,,1676
dance_006,D06_P014_T01,1,30,90,1.0,3.0,8.933742,13.794565,-4.860823,,1677
dance_002,D02_P005_T01,7,210,270,7.0,9.0,13.911365,18.773045,-4.86168,,1678
dance_007,D07_P009_T01,1,30,90,1.0,3.0,7.607672,12.479667,-4.871995,,1679
dance_003,D03_P015_T01,6,180,240,6.0,8.0,9.355471,14.232737,-4.877266,,1680
dance_012,D12_P014_T01,7,210,270,7.0,9.0,9.427022,14.304425,-4.877403,,1681
dance_009,D09_P020_T01,0,0,60,0.0,2.0,14.662881,19.54512,-4.882239,,1682
dance_004,D04_P020_T01,6,180,240,6.0,8.0,11.420626,16.304395,-4.883769,,1683
dance_008,D08_P018_T01,11,330,390,11.0,13.0,10.407182,15.296403,-4.889221,,1684
dance_005,D05_P006_T01,6,180,240,6.0,8.0,8.909177,13.799158,-4.889981,,1685
dance_012,D12_P012_T01,12,360,420,12.0,14.0,9.412979,14.304425,-4.891446,,1686
dance_003,D03_P010_T01,9,270,330,9.0,11.0,9.340176,14.232737,-4.892561,,1687
dance_007,D07_P018_T01,9,270,330,9.0,11.0,7.582234,12.479667,-4.897433,,1688
dance_003,D03_P016_T01,3,90,150,3.0,5.0,9.326536,14.232737,-4.906201,,1689
dance_007,D07_P018_T01,8,240,300,8.0,10.0,7.573396,12.479667,-4.906271,,1690
dance_008,D08_P013_T01,12,360,420,12.0,14.0,10.388927,15.296403,-4.907476,,1691
dance_001,D01_P007_T01,4,120,180,4.0,6.0,9.527203,14.435844,-4.908641,,1692
dance_009,D09_P003_T01,0,0,60,0.0,2.0,14.634148,19.54512,-4.910972,,1693
dance_005,D05_P014_T01,1,30,90,1.0,3.0,8.885059,13.799158,-4.914099,,1694
dance_005,D05_P003_T01,6,180,240,6.0,8.0,8.883155,13.799158,-4.916003,,1695
dance_002,D02_P017_T01,9,270,330,9.0,11.0,13.855185,18.773045,-4.91786,,1696
dance_005,D05_P014_T01,0,0,60,0.0,2.0,8.879387,13.799158,-4.919771,,1697
dance_002,D02_P019_T01,8,240,300,8.0,10.0,13.850735,18.773045,-4.92231,,1698
dance_007,D07_P005_T01,1,30,90,1.0,3.0,7.554578,12.479667,-4.925089,,1699
dance_012,D12_P006_T01,9,270,330,9.0,11.0,9.374846,14.304425,-4.929579,,1700
dance_003,D03_P003_T01,10,300,360,10.0,12.0,9.303032,14.232737,-4.929705,,1701
dance_005,D05_P018_T01,2,60,120,2.0,4.0,8.867602,13.799158,-4.931556,,1702
dance_012,D12_P006_T01,12,360,420,12.0,14.0,9.372473,14.304425,-4.931952,,1703
dance_004,D04_P012_T01,8,240,300,8.0,10.0,11.369546,16.304395,-4.934849,,1704
dance_008,D08_P004_T01,12,360,420,12.0,14.0,10.360475,15.296403,-4.935928,,1705
dance_002,D02_P010_T01,9,270,330,9.0,11.0,13.826074,18.773045,-4.946971,,1706
dance_008,D08_P009_T01,6,180,240,6.0,8.0,10.345419,15.296403,-4.950984,,1707
dance_011,D11_P013_T01,7,210,270,7.0,9.0,10.999132,15.951577,-4.952445,,1708
dance_010,D10_P002_T01,7,210,270,7.0,9.0,12.69019,17.643839,-4.953649,,1709
dance_005,D05_P013_T01,6,180,240,6.0,8.0,8.84435,13.799158,-4.954808,,1710
dance_001,D01_P005_T01,2,60,120,2.0,4.0,9.479686,14.435844,-4.956158,,1711
dance_012,D12_P020_T01,8,240,300,8.0,10.0,9.34767,14.304425,-4.956755,,1712
dance_006,D06_P009_T01,6,180,240,6.0,8.0,8.836144,13.794565,-4.958421,,1713
dance_009,D09_P015_T01,6,180,240,6.0,8.0,14.585433,19.54512,-4.959687,,1714
dance_006,D06_P020_T01,12,360,420,12.0,14.0,8.833696,13.794565,-4.960869,,1715
dance_005,D05_P004_T01,4,120,180,4.0,6.0,8.837611,13.799158,-4.961547,,1716
dance_008,D08_P013_T01,18,540,600,18.0,20.0,10.333578,15.296403,-4.962825,,1717
dance_001,D01_P015_T01,6,180,240,6.0,8.0,9.469031,14.435844,-4.966813,,1718
dance_006,D06_P017_T01,5,150,210,5.0,7.0,8.827226,13.794565,-4.967339,,1719
dance_012,D12_P004_T01,9,270,330,9.0,11.0,9.333933,14.304425,-4.970492,,1720
dance_012,D12_P006_T01,7,210,270,7.0,9.0,9.332879,14.304425,-4.971546,,1721
dance_004,D04_P020_T01,0,0,60,0.0,2.0,11.329377,16.304395,-4.975018,,1722
dance_012,D12_P020_T01,7,210,270,7.0,9.0,9.329334,14.304425,-4.975091,,1723
dance_003,D03_P020_T01,11,330,390,11.0,13.0,9.255105,14.232737,-4.977632,,1724
dance_011,D11_P012_T01,1,30,90,1.0,3.0,10.972848,15.951577,-4.978729,,1725
dance_012,D12_P005_T01,4,120,180,4.0,6.0,9.317748,14.304425,-4.986677,,1726
dance_003,D03_P018_T01,10,300,360,10.0,12.0,9.245017,14.232737,-4.98772,,1727
dance_004,D04_P014_T01,2,60,120,2.0,4.0,11.315927,16.304395,-4.988468,,1728
dance_008,D08_P012_T01,14,420,480,14.0,16.0,10.30707,15.296403,-4.989333,,1729
dance_008,D08_P012_T01,1,30,90,1.0,3.0,10.305894,15.296403,-4.990509,,1730
dance_001,D01_P013_T01,2,60,120,2.0,4.0,9.445327,14.435844,-4.990517,,1731
dance_005,D05_P020_T01,1,30,90,1.0,3.0,8.799157,13.799158,-5.000001,,1732
dance_010,D10_P006_T01,5,150,210,5.0,7.0,12.639807,17.643839,-5.004032,,1733
dance_006,D06_P014_T01,6,180,240,6.0,8.0,8.789498,13.794565,-5.005067,,1734
dance_005,D05_P015_T01,2,60,120,2.0,4.0,8.789514,13.799158,-5.009644,,1735
dance_011,D11_P005_T01,2,60,120,2.0,4.0,10.941363,15.951577,-5.010214,,1736
dance_007,D07_P017_T01,9,270,330,9.0,11.0,7.469419,12.479667,-5.010248,,1737
dance_011,D11_P010_T01,3,90,150,3.0,5.0,10.940509,15.951577,-5.011068,,1738
dance_012,D12_P018_T01,10,300,360,10.0,12.0,9.291246,14.304425,-5.013179,,1739
dance_012,D12_P005_T01,5,150,210,5.0,7.0,9.28894,14.304425,-5.015485,,1740
dance_002,D02_P012_T01,9,270,330,9.0,11.0,13.757308,18.773045,-5.015737,,1741
dance_004,D04_P016_T01,6,180,240,6.0,8.0,11.28829,16.304395,-5.016105,,1742
dance_009,D09_P012_T01,3,90,150,3.0,5.0,14.525845,19.54512,-5.019275,,1743
dance_003,D03_P003_T01,9,270,330,9.0,11.0,9.209953,14.232737,-5.022784,,1744
dance_012,D12_P015_T01,6,180,240,6.0,8.0,9.279755,14.304425,-5.02467,,1745
dance_012,D12_P012_T01,4,120,180,4.0,6.0,9.273395,14.304425,-5.03103,,1746
dance_001,D01_P014_T01,8,240,300,8.0,10.0,9.40175,14.435844,-5.034094,,1747
dance_007,D07_P009_T01,4,120,180,4.0,6.0,7.427271,12.479667,-5.052396,,1748
dance_006,D06_P008_T01,7,210,270,7.0,9.0,8.741587,13.794565,-5.052978,,1749
dance_011,D11_P020_T01,0,0,60,0.0,2.0,10.897077,15.951577,-5.0545,,1750
dance_011,D11_P019_T01,3,90,150,3.0,5.0,10.895494,15.951577,-5.056083,,1751
dance_003,D03_P012_T01,9,270,330,9.0,11.0,9.176264,14.232737,-5.056473,,1752
dance_009,D09_P003_T01,7,210,270,7.0,9.0,14.484843,19.54512,-5.060277,,1753
dance_011,D11_P018_T01,5,150,210,5.0,7.0,10.891054,15.951577,-5.060523,,1754
dance_008,D08_P011_T01,11,330,390,11.0,13.0,10.235654,15.296403,-5.060749,,1755
dance_006,D06_P004_T01,0,0,60,0.0,2.0,8.73273,13.794565,-5.061835,,1756
dance_001,D01_P001_T01,3,90,150,3.0,5.0,9.371893,14.435844,-5.063951,,1757
dance_006,D06_P018_T01,11,330,390,11.0,13.0,8.730493,13.794565,-5.064072,,1758
dance_006,D06_P011_T01,8,240,300,8.0,10.0,8.729559,13.794565,-5.065006,,1759
dance_003,D03_P014_T01,5,150,210,5.0,7.0,9.166558,14.232737,-5.066179,,1760
dance_003,D03_P014_T01,10,300,360,10.0,12.0,9.164756,14.232737,-5.067981,,1761
dance_009,D09_P011_T01,5,150,210,5.0,7.0,14.469899,19.54512,-5.075221,,1762
dance_009,D09_P007_T01,7,210,270,7.0,9.0,14.463318,19.54512,-5.081802,,1763
dance_008,D08_P019_T01,2,60,120,2.0,4.0,10.210074,15.296403,-5.086329,,1764
dance_002,D02_P014_T01,6,180,240,6.0,8.0,13.682655,18.773045,-5.09039,,1765
dance_001,D01_P010_T01,4,120,180,4.0,6.0,9.345001,14.435844,-5.090843,,1766
dance_008,D08_P007_T01,11,330,390,11.0,13.0,10.205472,15.296403,-5.090931,,1767
dance_012,D12_P015_T01,1,30,90,1.0,3.0,9.213137,14.304425,-5.091288,,1768
dance_011,D11_P009_T01,12,360,420,12.0,14.0,10.860039,15.951577,-5.091538,,1769
dance_009,D09_P004_T01,9,270,330,9.0,11.0,14.452106,19.54512,-5.093014,,1770
dance_011,D11_P015_T01,12,360,420,12.0,14.0,10.855239,15.951577,-5.096338,,1771
dance_001,D01_P020_T01,4,120,180,4.0,6.0,9.333107,14.435844,-5.102737,,1772
dance_008,D08_P011_T01,7,210,270,7.0,9.0,10.192061,15.296403,-5.104342,,1773
dance_004,D04_P016_T01,8,240,300,8.0,10.0,11.194195,16.304395,-5.1102,,1774
dance_005,D05_P009_T01,5,150,210,5.0,7.0,8.686313,13.799158,-5.112845,,1775
dance_005,D05_P003_T01,7,210,270,7.0,9.0,8.682693,13.799158,-5.116465,,1776
dance_005,D05_P007_T01,4,120,180,4.0,6.0,8.676235,13.799158,-5.122923,,1777
dance_007,D07_P019_T01,10,300,360,10.0,12.0,7.353476,12.479667,-5.126191,,1778
dance_006,D06_P015_T01,7,210,270,7.0,9.0,8.664619,13.794565,-5.129946,,1779
dance_003,D03_P017_T01,5,150,210,5.0,7.0,9.100053,14.232737,-5.132684,,1780
dance_003,D03_P017_T01,1,30,90,1.0,3.0,9.094089,14.232737,-5.138648,,1781
dance_004,D04_P019_T01,2,60,120,2.0,4.0,11.164559,16.304395,-5.139836,,1782
dance_006,D06_P020_T01,9,270,330,9.0,11.0,8.646007,13.794565,-5.148558,,1783
dance_004,D04_P005_T01,7,210,270,7.0,9.0,11.155284,16.304395,-5.149111,,1784
dance_008,D08_P013_T01,9,270,330,9.0,11.0,10.143077,15.296403,-5.153326,,1785
dance_012,D12_P017_T01,4,120,180,4.0,6.0,9.148004,14.304425,-5.156421,,1786
dance_006,D06_P015_T01,2,60,120,2.0,4.0,8.635163,13.794565,-5.159402,,1787
dance_004,D04_P015_T01,3,90,150,3.0,5.0,11.144598,16.304395,-5.159797,,1788
dance_005,D05_P005_T01,5,150,210,5.0,7.0,8.637543,13.799158,-5.161615,,1789
dance_012,D12_P017_T01,7,210,270,7.0,9.0,9.141999,14.304425,-5.162426,,1790
dance_006,D06_P014_T01,4,120,180,4.0,6.0,8.628127,13.794565,-5.166438,,1791
dance_003,D03_P013_T01,9,270,330,9.0,11.0,9.064338,14.232737,-5.168399,,1792
dance_001,D01_P008_T01,2,60,120,2.0,4.0,9.267261,14.435844,-5.168583,,1793
dance_006,D06_P012_T01,11,330,390,11.0,13.0,8.621867,13.794565,-5.172698,,1794
dance_001,D01_P011_T01,3,90,150,3.0,5.0,9.261782,14.435844,-5.174062,,1795
dance_001,D01_P019_T01,0,0,60,0.0,2.0,9.256238,14.435844,-5.179606,,1796
dance_004,D04_P018_T01,7,210,270,7.0,9.0,11.122597,16.304395,-5.181798,,1797
dance_006,D06_P020_T01,4,120,180,4.0,6.0,8.609112,13.794565,-5.185453,,1798
dance_007,D07_P018_T01,6,180,240,6.0,8.0,7.285899,12.479667,-5.193768,,1799
dance_008,D08_P015_T01,9,270,330,9.0,11.0,10.098957,15.296403,-5.197446,,1800
dance_009,D09_P013_T01,3,90,150,3.0,5.0,14.346163,19.54512,-5.198957,,1801
dance_008,D08_P015_T01,12,360,420,12.0,14.0,10.095962,15.296403,-5.200441,,1802
dance_008,D08_P003_T01,5,150,210,5.0,7.0,10.087819,15.296403,-5.208584,,1803
dance_001,D01_P015_T01,5,150,210,5.0,7.0,9.223442,14.435844,-5.212402,,1804
dance_012,D12_P019_T01,2,60,120,2.0,4.0,9.091788,14.304425,-5.212637,,1805
dance_003,D03_P020_T01,5,150,210,5.0,7.0,9.018278,14.232737,-5.214459,,1806
dance_005,D05_P011_T01,7,210,270,7.0,9.0,8.58346,13.799158,-5.215698,,1807
dance_005,D05_P003_T01,4,120,180,4.0,6.0,8.581539,13.799158,-5.217619,,1808
dance_003,D03_P017_T01,10,300,360,10.0,12.0,9.011794,14.232737,-5.220943,,1809
dance_006,D06_P013_T01,6,180,240,6.0,8.0,8.570034,13.794565,-5.224531,,1810
dance_006,D06_P012_T01,12,360,420,12.0,14.0,8.568697,13.794565,-5.225868,,1811
dance_008,D08_P020_T01,0,0,60,0.0,2.0,10.067981,15.296403,-5.228422,,1812
dance_004,D04_P004_T01,5,150,210,5.0,7.0,11.07399,16.304395,-5.230405,,1813
dance_011,D11_P004_T01,11,330,390,11.0,13.0,10.720645,15.951577,-5.230932,,1814
dance_010,D10_P016_T01,12,360,420,12.0,14.0,12.412874,17.643839,-5.230965,,1815
dance_008,D08_P014_T01,17,510,570,17.0,19.0,10.062286,15.296403,-5.234117,,1816
dance_008,D08_P015_T01,2,60,120,2.0,4.0,10.062032,15.296403,-5.234371,,1817
dance_012,D12_P017_T01,12,360,420,12.0,14.0,9.064213,14.304425,-5.240212,,1818
dance_004,D04_P018_T01,4,120,180,4.0,6.0,11.058967,16.304395,-5.245428,,1819
dance_004,D04_P003_T01,8,240,300,8.0,10.0,11.058002,16.304395,-5.246393,,1820
dance_011,D11_P020_T01,8,240,300,8.0,10.0,10.696114,15.951577,-5.255463,,1821
dance_004,D04_P002_T01,0,0,60,0.0,2.0,11.046292,16.304395,-5.258103,,1822
dance_012,D12_P017_T01,1,30,90,1.0,3.0,9.044293,14.304425,-5.260132,,1823
dance_002,D02_P011_T01,8,240,300,8.0,10.0,13.512797,18.773045,-5.260248,,1824
dance_003,D03_P015_T01,9,270,330,9.0,11.0,8.971708,14.232737,-5.261029,,1825
dance_012,D12_P020_T01,12,360,420,12.0,14.0,9.031282,14.304425,-5.273143,,1826
dance_006,D06_P017_T01,6,180,240,6.0,8.0,8.516537,13.794565,-5.278028,,1827
dance_011,D11_P003_T01,6,180,240,6.0,8.0,10.668868,15.951577,-5.282709,,1828
dance_008,D08_P008_T01,4,120,180,4.0,6.0,10.011871,15.296403,-5.284532,,1829
dance_002,D02_P017_T01,6,180,240,6.0,8.0,13.485418,18.773045,-5.287627,,1830
dance_011,D11_P017_T01,8,240,300,8.0,10.0,10.660729,15.951577,-5.290848,,1831
dance_004,D04_P006_T01,1,30,90,1.0,3.0,11.012367,16.304395,-5.292028,,1832
dance_007,D07_P003_T01,9,270,330,9.0,11.0,7.186884,12.479667,-5.292783,,1833
dance_007,D07_P006_T01,9,270,330,9.0,11.0,7.18642,12.479667,-5.293247,,1834
dance_010,D10_P005_T01,4,120,180,4.0,6.0,12.350426,17.643839,-5.293413,,1835
dance_009,D09_P013_T01,8,240,300,8.0,10.0,14.249896,19.54512,-5.295224,,1836
dance_004,D04_P007_T01,8,240,300,8.0,10.0,11.006693,16.304395,-5.297702,,1837
dance_011,D11_P017_T01,7,210,270,7.0,9.0,10.652891,15.951577,-5.298686,,1838
dance_008,D08_P003_T01,13,390,450,13.0,15.0,9.997665,15.296403,-5.298738,,1839
dance_008,D08_P016_T01,6,180,240,6.0,8.0,9.997115,15.296403,-5.299288,,1840
dance_002,D02_P016_T01,1,30,90,1.0,3.0,13.470144,18.773045,-5.302901,,1841
dance_001,D01_P018_T01,2,60,120,2.0,4.0,9.132492,14.435844,-5.303352,,1842
dance_001,D01_P013_T01,7,210,270,7.0,9.0,9.132223,14.435844,-5.303621,,1843
dance_002,D02_P004_T01,9,270,330,9.0,11.0,13.465791,18.773045,-5.307254,,1844
dance_011,D11_P009_T01,6,180,240,6.0,8.0,10.643737,15.951577,-5.30784,,1845
dance_001,D01_P009_T01,8,240,300,8.0,10.0,9.122263,14.435844,-5.313581,,1846
dance_012,D12_P012_T01,9,270,330,9.0,11.0,8.990066,14.304425,-5.314359,,1847
dance_012,D12_P014_T01,4,120,180,4.0,6.0,8.988614,14.304425,-5.315811,,1848
dance_009,D09_P020_T01,6,180,240,6.0,8.0,14.22648,19.54512,-5.31864,,1849
dance_004,D04_P009_T01,4,120,180,4.0,6.0,10.98496,16.304395,-5.319435,,1850
dance_005,D05_P002_T01,8,240,300,8.0,10.0,8.479223,13.799158,-5.319935,,1851
dance_012,D12_P005_T01,1,30,90,1.0,3.0,8.981808,14.304425,-5.322617,,1852
dance_003,D03_P014_T01,2,60,120,2.0,4.0,8.909668,14.232737,-5.323069,,1853
dance_001,D01_P005_T01,4,120,180,4.0,6.0,9.112071,14.435844,-5.323773,,1854
dance_006,D06_P004_T01,10,300,360,10.0,12.0,8.470106,13.794565,-5.324459,,1855
dance_006,D06_P005_T01,6,180,240,6.0,8.0,8.46904,13.794565,-5.325525,,1856
dance_009,D09_P007_T01,6,180,240,6.0,8.0,14.218168,19.54512,-5.326952,,1857
dance_011,D11_P019_T01,2,60,120,2.0,4.0,10.621146,15.951577,-5.330431,,1858
dance_009,D09_P009_T01,7,210,270,7.0,9.0,14.214578,19.54512,-5.330542,,1859
dance_012,D12_P003_T01,9,270,330,9.0,11.0,8.973758,14.304425,-5.330667,,1860
dance_008,D08_P018_T01,4,120,180,4.0,6.0,9.964883,15.296403,-5.33152,,1861
dance_011,D11_P013_T01,14,420,480,14.0,16.0,10.619538,15.951577,-5.332039,,1862
dance_001,D01_P015_T01,4,120,180,4.0,6.0,9.102603,14.435844,-5.333241,,1863
dance_004,D04_P006_T01,10,300,360,10.0,12.0,10.970371,16.304395,-5.334024,,1864
dance_005,D05_P005_T01,2,60,120,2.0,4.0,8.464313,13.799158,-5.334845,,1865
dance_010,D10_P015_T01,12,360,420,12.0,14.0,12.307636,17.643839,-5.336203,,1866
dance_004,D04_P004_T01,3,90,150,3.0,5.0,10.963834,16.304395,-5.340561,,1867
dance_004,D04_P008_T01,3,90,150,3.0,5.0,10.959073,16.304395,-5.345322,,1868
dance_008,D08_P019_T01,8,240,300,8.0,10.0,9.950135,15.296403,-5.346268,,1869
dance_008,D08_P018_T01,3,90,150,3.0,5.0,9.949698,15.296403,-5.346705,,1870
dance_003,D03_P006_T01,4,120,180,4.0,6.0,8.885285,14.232737,-5.347452,,1871
dance_011,D11_P015_T01,9,270,330,9.0,11.0,10.603441,15.951577,-5.348136,,1872
dance_002,D02_P017_T01,3,90,150,3.0,5.0,13.416536,18.773045,-5.356509,,1873
dance_006,D06_P004_T01,11,330,390,11.0,13.0,8.437442,13.794565,-5.357123,,1874
dance_005,D05_P012_T01,8,240,300,8.0,10.0,8.438737,13.799158,-5.360421,,1875
dance_003,D03_P006_T01,11,330,390,11.0,13.0,8.870368,14.232737,-5.362369,,1876
dance_008,D08_P010_T01,9,270,330,9.0,11.0,9.931871,15.296403,-5.364532,,1877
dance_002,D02_P019_T01,6,180,240,6.0,8.0,13.40576,18.773045,-5.367285,,1878
dance_010,D10_P015_T01,8,240,300,8.0,10.0,12.274508,17.643839,-5.369331,,1879
dance_008,D08_P002_T01,6,180,240,6.0,8.0,9.924128,15.296403,-5.372275,,1880
dance_005,D05_P004_T01,3,90,150,3.0,5.0,8.426323,13.799158,-5.372835,,1881
dance_003,D03_P014_T01,11,330,390,11.0,13.0,8.859624,14.232737,-5.373113,,1882
dance_008,D08_P011_T01,1,30,90,1.0,3.0,9.922642,15.296403,-5.373761,,1883
dance_002,D02_P017_T01,7,210,270,7.0,9.0,13.397781,18.773045,-5.375264,,1884
dance_011,D11_P003_T01,11,330,390,11.0,13.0,10.575158,15.951577,-5.376419,,1885
dance_002,D02_P005_T01,0,0,60,0.0,2.0,13.394005,18.773045,-5.37904,,1886
dance_012,D12_P013_T01,5,150,210,5.0,7.0,8.924678,14.304425,-5.379747,,1887
dance_006,D06_P018_T01,12,360,420,12.0,14.0,8.413928,13.794565,-5.380637,,1888
dance_003,D03_P016_T01,4,120,180,4.0,6.0,8.851302,14.232737,-5.381435,,1889
dance_004,D04_P016_T01,5,150,210,5.0,7.0,10.922009,16.304395,-5.382386,,1890
dance_002,D02_P008_T01,1,30,90,1.0,3.0,13.389807,18.773045,-5.383238,,1891
dance_005,D05_P015_T01,1,30,90,1.0,3.0,8.413453,13.799158,-5.385705,,1892
dance_008,D08_P012_T01,17,510,570,17.0,19.0,9.906337,15.296403,-5.390066,,1893
dance_010,D10_P015_T01,4,120,180,4.0,6.0,12.252372,17.643839,-5.391467,,1894
dance_011,D11_P018_T01,12,360,420,12.0,14.0,10.555973,15.951577,-5.395604,,1895
dance_008,D08_P015_T01,3,90,150,3.0,5.0,9.900713,15.296403,-5.39569,,1896
dance_012,D12_P017_T01,3,90,150,3.0,5.0,8.904121,14.304425,-5.400304,,1897
dance_007,D07_P010_T01,8,240,300,8.0,10.0,7.073402,12.479667,-5.406265,,1898
dance_004,D04_P010_T01,6,180,240,6.0,8.0,10.891989,16.304395,-5.412406,,1899
dance_011,D11_P003_T01,9,270,330,9.0,11.0,10.538794,15.951577,-5.412783,,1900
dance_001,D01_P014_T01,4,120,180,4.0,6.0,9.022612,14.435844,-5.413232,,1901
dance_004,D04_P005_T01,4,120,180,4.0,6.0,10.879879,16.304395,-5.424516,,1902
dance_012,D12_P019_T01,4,120,180,4.0,6.0,8.87878,14.304425,-5.425645,,1903
dance_011,D11_P020_T01,5,150,210,5.0,7.0,10.52463,15.951577,-5.426947,,1904
dance_011,D11_P012_T01,3,90,150,3.0,5.0,10.524149,15.951577,-5.427428,,1905
dance_001,D01_P009_T01,7,210,270,7.0,9.0,9.005421,14.435844,-5.430423,,1906
dance_004,D04_P016_T01,7,210,270,7.0,9.0,10.870124,16.304395,-5.434271,,1907
dance_001,D01_P005_T01,1,30,90,1.0,3.0,8.999077,14.435844,-5.436767,,1908
dance_009,D09_P013_T01,6,180,240,6.0,8.0,14.108196,19.54512,-5.436924,,1909
dance_006,D06_P016_T01,7,210,270,7.0,9.0,8.355946,13.794565,-5.438619,,1910
dance_011,D11_P006_T01,8,240,300,8.0,10.0,10.510793,15.951577,-5.440784,,1911
dance_010,D10_P015_T01,7,210,270,7.0,9.0,12.201613,17.643839,-5.442226,,1912
dance_007,D07_P015_T01,10,300,360,10.0,12.0,7.037423,12.479667,-5.442244,,1913
dance_009,D09_P003_T01,5,150,210,5.0,7.0,14.102653,19.54512,-5.442467,,1914
dance_003,D03_P008_T01,10,300,360,10.0,12.0,8.786959,14.232737,-5.445778,,1915
dance_001,D01_P014_T01,1,30,90,1.0,3.0,8.989447,14.435844,-5.446397,,1916
dance_008,D08_P013_T01,11,330,390,11.0,13.0,9.84457,15.296403,-5.451833,,1917
dance_008,D08_P002_T01,3,90,150,3.0,5.0,9.839798,15.296403,-5.456605,,1918
dance_011,D11_P008_T01,10,300,360,10.0,12.0,10.480833,15.951577,-5.470744,,1919
dance_007,D07_P019_T01,8,240,300,8.0,10.0,7.008793,12.479667,-5.470874,,1920
dance_006,D06_P005_T01,3,90,150,3.0,5.0,8.322329,13.794565,-5.472236,,1921
dance_008,D08_P014_T01,10,300,360,10.0,12.0,9.823668,15.296403,-5.472735,,1922
dance_008,D08_P017_T01,13,390,450,13.0,15.0,9.819926,15.296403,-5.476477,,1923
dance_007,D07_P015_T01,7,210,270,7.0,9.0,7.002539,12.479667,-5.477128,,1924
dance_010,D10_P013_T01,10,300,360,10.0,12.0,12.161668,17.643839,-5.482171,,1925
dance_003,D03_P013_T01,1,30,90,1.0,3.0,8.749659,14.232737,-5.483078,,1926
dance_006,D06_P020_T01,11,330,390,11.0,13.0,8.310167,13.794565,-5.484398,,1927
dance_005,D05_P006_T01,0,0,60,0.0,2.0,8.311863,13.799158,-5.487295,,1928
dance_009,D09_P019_T01,10,300,360,10.0,12.0,14.056637,19.54512,-5.488483,,1929
dance_008,D08_P013_T01,15,450,510,15.0,17.0,9.807082,15.296403,-5.489321,,1930
dance_007,D07_P019_T01,0,0,60,0.0,2.0,6.988507,12.479667,-5.49116,,1931
dance_004,D04_P002_T01,6,180,240,6.0,8.0,10.811668,16.304395,-5.492727,,1932
dance_011,D11_P008_T01,5,150,210,5.0,7.0,10.457636,15.951577,-5.493941,,1933
dance_006,D06_P006_T01,9,270,330,9.0,11.0,8.299375,13.794565,-5.49519,,1934
dance_012,D12_P011_T01,5,150,210,5.0,7.0,8.804156,14.304425,-5.500269,,1935
dance_004,D04_P009_T01,8,240,300,8.0,10.0,10.803523,16.304395,-5.500872,,1936
dance_012,D12_P011_T01,1,30,90,1.0,3.0,8.798872,14.304425,-5.505553,,1937
dance_009,D09_P018_T01,7,210,270,7.0,9.0,14.028659,19.54512,-5.516461,,1938
dance_009,D09_P008_T01,4,120,180,4.0,6.0,14.026071,19.54512,-5.519049,,1939
dance_011,D11_P005_T01,0,0,60,0.0,2.0,10.431091,15.951577,-5.520486,,1940
dance_004,D04_P005_T01,6,180,240,6.0,8.0,10.783065,16.304395,-5.52133,,1941
dance_009,D09_P002_T01,8,240,300,8.0,10.0,14.022773,19.54512,-5.522347,,1942
dance_012,D12_P011_T01,10,300,360,10.0,12.0,8.780799,14.304425,-5.523626,,1943
dance_011,D11_P016_T01,5,150,210,5.0,7.0,10.422424,15.951577,-5.529153,,1944
dance_006,D06_P012_T01,6,180,240,6.0,8.0,8.264395,13.794565,-5.53017,,1945
dance_005,D05_P012_T01,4,120,180,4.0,6.0,8.266397,13.799158,-5.532761,,1946
dance_011,D11_P014_T01,4,120,180,4.0,6.0,10.417722,15.951577,-5.533855,,1947
dance_010,D10_P005_T01,2,60,120,2.0,4.0,12.109275,17.643839,-5.534564,,1948
dance_011,D11_P002_T01,0,0,60,0.0,2.0,10.411771,15.951577,-5.539806,,1949
dance_012,D12_P015_T01,12,360,420,12.0,14.0,8.76379,14.304425,-5.540635,,1950
dance_008,D08_P003_T01,14,420,480,14.0,16.0,9.752012,15.296403,-5.544391,,1951
dance_012,D12_P014_T01,5,150,210,5.0,7.0,8.759173,14.304425,-5.545252,,1952
dance_011,D11_P007_T01,7,210,270,7.0,9.0,10.405789,15.951577,-5.545788,,1953
dance_003,D03_P007_T01,10,300,360,10.0,12.0,8.683798,14.232737,-5.548939,,1954
dance_009,D09_P016_T01,0,0,60,0.0,2.0,13.995526,19.54512,-5.549594,,1955
dance_011,D11_P018_T01,7,210,270,7.0,9.0,10.400062,15.951577,-5.551515,,1956
dance_002,D02_P016_T01,3,90,150,3.0,5.0,13.215518,18.773045,-5.557527,,1957
dance_009,D09_P014_T01,5,150,210,5.0,7.0,13.98471,19.54512,-5.56041,,1958
dance_008,D08_P013_T01,10,300,360,10.0,12.0,9.734651,15.296403,-5.561752,,1959
dance_012,D12_P004_T01,10,300,360,10.0,12.0,8.741691,14.304425,-5.562734,,1960
dance_003,D03_P014_T01,0,0,60,0.0,2.0,8.666179,14.232737,-5.566558,,1961
dance_004,D04_P011_T01,5,150,210,5.0,7.0,10.736241,16.304395,-5.568154,,1962
dance_011,D11_P020_T01,2,60,120,2.0,4.0,10.369602,15.951577,-5.581975,,1963
dance_001,D01_P020_T01,6,180,240,6.0,8.0,8.850216,14.435844,-5.585628,,1964
dance_005,D05_P015_T01,5,150,210,5.0,7.0,8.211734,13.799158,-5.587424,,1965
dance_010,D10_P003_T01,9,270,330,9.0,11.0,12.055111,17.643839,-5.588728,,1966
dance_012,D12_P020_T01,6,180,240,6.0,8.0,8.713475,14.304425,-5.59095,,1967
dance_008,D08_P004_T01,16,480,540,16.0,18.0,9.701952,15.296403,-5.594451,,1968
dance_012,D12_P006_T01,2,60,120,2.0,4.0,8.706708,14.304425,-5.597717,,1969
dance_001,D01_P018_T01,4,120,180,4.0,6.0,8.836555,14.435844,-5.599289,,1970
dance_005,D05_P020_T01,2,60,120,2.0,4.0,8.197545,13.799158,-5.601613,,1971
dance_010,D10_P014_T01,7,210,270,7.0,9.0,12.04155,17.643839,-5.602289,,1972
dance_002,D02_P011_T01,6,180,240,6.0,8.0,13.16856,18.773045,-5.604485,,1973
dance_011,D11_P012_T01,2,60,120,2.0,4.0,10.341268,15.951577,-5.610309,,1974
dance_007,D07_P020_T01,1,30,90,1.0,3.0,6.867543,12.479667,-5.612124,,1975
dance_011,D11_P015_T01,6,180,240,6.0,8.0,10.338723,15.951577,-5.612854,,1976
dance_008,D08_P018_T01,8,240,300,8.0,10.0,9.683274,15.296403,-5.613129,,1977
dance_001,D01_P013_T01,4,120,180,4.0,6.0,8.821808,14.435844,-5.614036,,1978
dance_008,D08_P020_T01,17,510,570,17.0,19.0,9.671501,15.296403,-5.624902,,1979
dance_004,D04_P003_T01,9,270,330,9.0,11.0,10.676816,16.304395,-5.627579,,1980
dance_008,D08_P008_T01,17,510,570,17.0,19.0,9.668291,15.296403,-5.628112,,1981
dance_009,D09_P018_T01,2,60,120,2.0,4.0,13.915233,19.54512,-5.629887,,1982
dance_005,D05_P007_T01,2,60,120,2.0,4.0,8.166976,13.799158,-5.632182,,1983
dance_002,D02_P009_T01,5,150,210,5.0,7.0,13.140001,18.773045,-5.633044,,1984
dance_001,D01_P001_T01,4,120,180,4.0,6.0,8.802536,14.435844,-5.633308,,1985
dance_008,D08_P012_T01,16,480,540,16.0,18.0,9.661771,15.296403,-5.634632,,1986
dance_012,D12_P007_T01,5,150,210,5.0,7.0,8.667164,14.304425,-5.637261,,1987
dance_002,D02_P009_T01,4,120,180,4.0,6.0,13.128652,18.773045,-5.644393,,1988
dance_005,D05_P011_T01,3,90,150,3.0,5.0,8.146809,13.799158,-5.652349,,1989
dance_001,D01_P006_T01,2,60,120,2.0,4.0,8.78342,14.435844,-5.652424,,1990
dance_002,D02_P011_T01,5,150,210,5.0,7.0,13.120477,18.773045,-5.652568,,1991
dance_003,D03_P015_T01,3,90,150,3.0,5.0,8.5798,14.232737,-5.652937,,1992
dance_012,D12_P014_T01,1,30,90,1.0,3.0,8.648281,14.304425,-5.656144,,1993
dance_012,D12_P009_T01,4,120,180,4.0,6.0,8.64744,14.304425,-5.656985,,1994
dance_008,D08_P015_T01,10,300,360,10.0,12.0,9.637334,15.296403,-5.659069,,1995
dance_004,D04_P020_T01,7,210,270,7.0,9.0,10.64359,16.304395,-5.660805,,1996
dance_012,D12_P012_T01,1,30,90,1.0,3.0,8.641076,14.304425,-5.663349,,1997
dance_002,D02_P019_T01,0,0,60,0.0,2.0,13.102003,18.773045,-5.671042,,1998
dance_012,D12_P011_T01,7,210,270,7.0,9.0,8.629793,14.304425,-5.674632,,1999
dance_008,D08_P010_T01,10,300,360,10.0,12.0,9.620566,15.296403,-5.675837,,2000
dance_012,D12_P011_T01,6,180,240,6.0,8.0,8.627783,14.304425,-5.676642,,2001
dance_002,D02_P013_T01,3,90,150,3.0,5.0,13.092462,18.773045,-5.680583,,2002
dance_002,D02_P016_T01,7,210,270,7.0,9.0,13.09169,18.773045,-5.681355,,2003
dance_004,D04_P010_T01,7,210,270,7.0,9.0,10.620966,16.304395,-5.683429,,2004
dance_006,D06_P015_T01,1,30,90,1.0,3.0,8.107659,13.794565,-5.686906,,2005
dance_004,D04_P014_T01,1,30,90,1.0,3.0,10.614555,16.304395,-5.68984,,2006
dance_010,D10_P005_T01,0,0,60,0.0,2.0,11.94724,17.643839,-5.696599,,2007
dance_008,D08_P016_T01,4,120,180,4.0,6.0,9.594127,15.296403,-5.702276,,2008
dance_001,D01_P010_T01,0,0,60,0.0,2.0,8.730689,14.435844,-5.705155,,2009
dance_009,D09_P019_T01,4,120,180,4.0,6.0,13.836528,19.54512,-5.708592,,2010
dance_009,D09_P006_T01,0,0,60,0.0,2.0,13.836233,19.54512,-5.708887,,2011
dance_004,D04_P009_T01,0,0,60,0.0,2.0,10.590169,16.304395,-5.714226,,2012
dance_007,D07_P019_T01,7,210,270,7.0,9.0,6.762569,12.479667,-5.717098,,2013
dance_011,D11_P014_T01,2,60,120,2.0,4.0,10.23436,15.951577,-5.717217,,2014
dance_012,D12_P014_T01,3,90,150,3.0,5.0,8.578152,14.304425,-5.726273,,2015
dance_004,D04_P013_T01,10,300,360,10.0,12.0,10.575317,16.304395,-5.729078,,2016
dance_011,D11_P004_T01,7,210,270,7.0,9.0,10.218616,15.951577,-5.732961,,2017
dance_006,D06_P018_T01,2,60,120,2.0,4.0,8.060249,13.794565,-5.734316,,2018
dance_003,D03_P017_T01,4,120,180,4.0,6.0,8.497666,14.232737,-5.735071,,2019
dance_005,D05_P006_T01,3,90,150,3.0,5.0,8.050823,13.799158,-5.748335,,2020
dance_007,D07_P020_T01,9,270,330,9.0,11.0,6.729447,12.479667,-5.75022,,2021
dance_011,D11_P019_T01,4,120,180,4.0,6.0,10.19509,15.951577,-5.756487,,2022
dance_010,D10_P003_T01,6,180,240,6.0,8.0,11.887326,17.643839,-5.756513,,2023
dance_011,D11_P003_T01,5,150,210,5.0,7.0,10.193019,15.951577,-5.758558,,2024
dance_011,D11_P010_T01,7,210,270,7.0,9.0,10.192954,15.951577,-5.758623,,2025
dance_004,D04_P004_T01,4,120,180,4.0,6.0,10.544744,16.304395,-5.759651,,2026
dance_008,D08_P002_T01,13,390,450,13.0,15.0,9.534781,15.296403,-5.761622,,2027
dance_004,D04_P019_T01,7,210,270,7.0,9.0,10.537032,16.304395,-5.767363,,2028
dance_009,D09_P007_T01,3,90,150,3.0,5.0,13.776499,19.54512,-5.768621,,2029
dance_003,D03_P011_T01,3,90,150,3.0,5.0,8.462458,14.232737,-5.770279,,2030
dance_005,D05_P006_T01,4,120,180,4.0,6.0,8.026196,13.799158,-5.772962,,2031
dance_010,D10_P020_T01,0,0,60,0.0,2.0,11.865115,17.643839,-5.778724,,2032
dance_009,D09_P009_T01,0,0,60,0.0,2.0,13.763591,19.54512,-5.781529,,2033
dance_011,D11_P014_T01,6,180,240,6.0,8.0,10.165344,15.951577,-5.786233,,2034
dance_003,D03_P020_T01,10,300,360,10.0,12.0,8.445062,14.232737,-5.787675,,2035
dance_011,D11_P018_T01,15,450,510,15.0,17.0,10.162096,15.951577,-5.789481,,2036
dance_008,D08_P002_T01,0,0,60,0.0,2.0,9.506472,15.296403,-5.789931,,2037
dance_011,D11_P014_T01,5,150,210,5.0,7.0,10.161347,15.951577,-5.79023,,2038
dance_001,D01_P017_T01,4,120,180,4.0,6.0,8.641007,14.435844,-5.794837,,2039
dance_007,D07_P009_T01,6,180,240,6.0,8.0,6.684026,12.479667,-5.795641,,2040
dance_001,D01_P014_T01,7,210,270,7.0,9.0,8.637753,14.435844,-5.798091,,2041
dance_012,D12_P006_T01,5,150,210,5.0,7.0,8.503309,14.304425,-5.801116,,2042
dance_012,D12_P020_T01,10,300,360,10.0,12.0,8.499468,14.304425,-5.804957,,2043
dance_010,D10_P006_T01,7,210,270,7.0,9.0,11.831955,17.643839,-5.811884,,2044
dance_012,D12_P019_T01,1,30,90,1.0,3.0,8.48987,14.304425,-5.814555,,2045
dance_003,D03_P003_T01,4,120,180,4.0,6.0,8.416397,14.232737,-5.81634,,2046
dance_004,D04_P013_T01,6,180,240,6.0,8.0,10.487282,16.304395,-5.817113,,2047
dance_003,D03_P011_T01,7,210,270,7.0,9.0,8.413179,14.232737,-5.819558,,2048
dance_005,D05_P003_T01,3,90,150,3.0,5.0,7.979235,13.799158,-5.819923,,2049
dance_005,D05_P004_T01,1,30,90,1.0,3.0,7.971682,13.799158,-5.827476,,2050
dance_008,D08_P015_T01,14,420,480,14.0,16.0,9.464857,15.296403,-5.831546,,2051
dance_012,D12_P019_T01,6,180,240,6.0,8.0,8.470212,14.304425,-5.834213,,2052
dance_004,D04_P002_T01,2,60,120,2.0,4.0,10.469609,16.304395,-5.834786,,2053
dance_003,D03_P018_T01,1,30,90,1.0,3.0,8.391305,14.232737,-5.841432,,2054
dance_005,D05_P019_T01,2,60,120,2.0,4.0,7.941678,13.799158,-5.85748,,2055
dance_012,D12_P020_T01,1,30,90,1.0,3.0,8.441817,14.304425,-5.862608,,2056
dance_012,D12_P018_T01,9,270,330,9.0,11.0,8.441495,14.304425,-5.86293,,2057
dance_008,D08_P008_T01,9,270,330,9.0,11.0,9.429422,15.296403,-5.866981,,2058
dance_003,D03_P015_T01,4,120,180,4.0,6.0,8.364797,14.232737,-5.86794,,2059
dance_008,D08_P012_T01,3,90,150,3.0,5.0,9.427265,15.296403,-5.869138,,2060
dance_002,D02_P004_T01,3,90,150,3.0,5.0,12.90369,18.773045,-5.869355,,2061
dance_006,D06_P019_T01,6,180,240,6.0,8.0,7.924608,13.794565,-5.869957,,2062
dance_009,D09_P017_T01,8,240,300,8.0,10.0,13.671519,19.54512,-5.873601,,2063
dance_003,D03_P003_T01,3,90,150,3.0,5.0,8.354814,14.232737,-5.877923,,2064
dance_012,D12_P019_T01,3,90,150,3.0,5.0,8.42547,14.304425,-5.878955,,2065
dance_006,D06_P006_T01,5,150,210,5.0,7.0,7.913649,13.794565,-5.880916,,2066
dance_011,D11_P012_T01,0,0,60,0.0,2.0,10.067633,15.951577,-5.883944,,2067
dance_003,D03_P013_T01,3,90,150,3.0,5.0,8.346086,14.232737,-5.886651,,2068
dance_011,D11_P009_T01,7,210,270,7.0,9.0,10.064865,15.951577,-5.886712,,2069
dance_008,D08_P014_T01,9,270,330,9.0,11.0,9.407527,15.296403,-5.888876,,2070
dance_003,D03_P010_T01,2,60,120,2.0,4.0,8.34149,14.232737,-5.891247,,2071
dance_002,D02_P002_T01,4,120,180,4.0,6.0,12.879502,18.773045,-5.893543,,2072
dance_001,D01_P008_T01,0,0,60,0.0,2.0,8.541891,14.435844,-5.893953,,2073
dance_010,D10_P008_T01,12,360,420,12.0,14.0,11.747104,17.643839,-5.896735,,2074
dance_004,D04_P010_T01,8,240,300,8.0,10.0,10.397235,16.304395,-5.90716,,2075
dance_003,D03_P017_T01,9,270,330,9.0,11.0,8.324433,14.232737,-5.908304,,2076
dance_004,D04_P003_T01,6,180,240,6.0,8.0,10.393362,16.304395,-5.911033,,2077
dance_012,D12_P015_T01,5,150,210,5.0,7.0,8.391508,14.304425,-5.912917,,2078
dance_002,D02_P012_T01,7,210,270,7.0,9.0,12.858305,18.773045,-5.91474,,2079
dance_003,D03_P003_T01,2,60,120,2.0,4.0,8.314843,14.232737,-5.917894,,2080
dance_011,D11_P008_T01,11,330,390,11.0,13.0,10.030111,15.951577,-5.921466,,2081
dance_009,D09_P020_T01,3,90,150,3.0,5.0,13.620765,19.54512,-5.924355,,2082
dance_004,D04_P012_T01,2,60,120,2.0,4.0,10.378806,16.304395,-5.925589,,2083
dance_010,D10_P016_T01,3,90,150,3.0,5.0,11.71806,17.643839,-5.925779,,2084
dance_006,D06_P006_T01,8,240,300,8.0,10.0,7.865452,13.794565,-5.929113,,2085
dance_005,D05_P005_T01,1,30,90,1.0,3.0,7.861922,13.799158,-5.937236,,2086
dance_011,D11_P009_T01,1,30,90,1.0,3.0,10.012149,15.951577,-5.939428,,2087
dance_008,D08_P011_T01,0,0,60,0.0,2.0,9.355593,15.296403,-5.94081,,2088
dance_012,D12_P013_T01,4,120,180,4.0,6.0,8.355046,14.304425,-5.949379,,2089
dance_004,D04_P005_T01,5,150,210,5.0,7.0,10.35094,16.304395,-5.953455,,2090
dance_004,D04_P006_T01,2,60,120,2.0,4.0,10.350393,16.304395,-5.954002,,2091
dance_003,D03_P012_T01,10,300,360,10.0,12.0,8.276488,14.232737,-5.956249,,2092
dance_005,D05_P015_T01,4,120,180,4.0,6.0,7.833093,13.799158,-5.966065,,2093
dance_004,D04_P015_T01,5,150,210,5.0,7.0,10.337452,16.304395,-5.966943,,2094
dance_004,D04_P003_T01,1,30,90,1.0,3.0,10.337335,16.304395,-5.96706,,2095
dance_007,D07_P020_T01,8,240,300,8.0,10.0,6.50944,12.479667,-5.970227,,2096
dance_008,D08_P010_T01,4,120,180,4.0,6.0,9.324022,15.296403,-5.972381,,2097
dance_011,D11_P018_T01,2,60,120,2.0,4.0,9.978865,15.951577,-5.972712,,2098
dance_004,D04_P019_T01,0,0,60,0.0,2.0,10.33109,16.304395,-5.973305,,2099
dance_005,D05_P020_T01,5,150,210,5.0,7.0,7.825844,13.799158,-5.973314,,2100
dance_012,D12_P003_T01,8,240,300,8.0,10.0,8.330114,14.304425,-5.974311,,2101
dance_003,D03_P011_T01,8,240,300,8.0,10.0,8.255721,14.232737,-5.977016,,2102
dance_011,D11_P009_T01,9,270,330,9.0,11.0,9.971364,15.951577,-5.980213,,2103
dance_008,D08_P015_T01,15,450,510,15.0,17.0,9.31297,15.296403,-5.983433,,2104
dance_009,D09_P017_T01,5,150,210,5.0,7.0,13.556176,19.54512,-5.988944,,2105
dance_001,D01_P006_T01,1,30,90,1.0,3.0,8.441807,14.435844,-5.994037,,2106
dance_002,D02_P017_T01,2,60,120,2.0,4.0,12.778859,18.773045,-5.994186,,2107
dance_006,D06_P020_T01,6,180,240,6.0,8.0,7.794436,13.794565,-6.000129,,2108
dance_012,D12_P020_T01,5,150,210,5.0,7.0,8.303632,14.304425,-6.000793,,2109
dance_004,D04_P008_T01,1,30,90,1.0,3.0,10.294582,16.304395,-6.009813,,2110
dance_008,D08_P013_T01,8,240,300,8.0,10.0,9.276534,15.296403,-6.019869,,2111
dance_008,D08_P015_T01,18,540,600,18.0,20.0,9.272867,15.296403,-6.023536,,2112
dance_004,D04_P006_T01,6,180,240,6.0,8.0,10.280724,16.304395,-6.023671,,2113
dance_011,D11_P009_T01,13,390,450,13.0,15.0,9.924403,15.951577,-6.027174,,2114
dance_009,D09_P006_T01,4,120,180,4.0,6.0,13.510999,19.54512,-6.034121,,2115
dance_011,D11_P008_T01,4,120,180,4.0,6.0,9.916525,15.951577,-6.035052,,2116
dance_011,D11_P014_T01,0,0,60,0.0,2.0,9.899686,15.951577,-6.051891,,2117
dance_008,D08_P015_T01,17,510,570,17.0,19.0,9.236919,15.296403,-6.059484,,2118
dance_009,D09_P006_T01,6,180,240,6.0,8.0,13.4846,19.54512,-6.06052,,2119
dance_005,D05_P012_T01,2,60,120,2.0,4.0,7.73599,13.799158,-6.063168,,2120
dance_012,D12_P018_T01,1,30,90,1.0,3.0,8.237811,14.304425,-6.066614,,2121
dance_005,D05_P014_T01,8,240,300,8.0,10.0,7.722741,13.799158,-6.076417,,2122
dance_003,D03_P006_T01,3,90,150,3.0,5.0,8.15102,14.232737,-6.081717,,2123
dance_008,D08_P017_T01,4,120,180,4.0,6.0,9.20743,15.296403,-6.088973,,2124
dance_004,D04_P013_T01,4,120,180,4.0,6.0,10.21067,16.304395,-6.093725,,2125
dance_003,D03_P003_T01,1,30,90,1.0,3.0,8.131758,14.232737,-6.100979,,2126
dance_012,D12_P012_T01,10,300,360,10.0,12.0,8.200767,14.304425,-6.103658,,2127
dance_006,D06_P005_T01,7,210,270,7.0,9.0,7.684594,13.794565,-6.109971,,2128
dance_006,D06_P014_T01,10,300,360,10.0,12.0,7.684149,13.794565,-6.110416,,2129
dance_005,D05_P009_T01,4,120,180,4.0,6.0,7.68831,13.799158,-6.110848,,2130
dance_005,D05_P006_T01,2,60,120,2.0,4.0,7.685663,13.799158,-6.113495,,2131
dance_012,D12_P015_T01,8,240,300,8.0,10.0,8.189597,14.304425,-6.114828,,2132
dance_008,D08_P011_T01,5,150,210,5.0,7.0,9.175943,15.296403,-6.12046,,2133
dance_007,D07_P019_T01,1,30,90,1.0,3.0,6.354724,12.479667,-6.124943,,2134
dance_002,D02_P007_T01,3,90,150,3.0,5.0,12.644945,18.773045,-6.1281,,2135
dance_002,D02_P003_T01,7,210,270,7.0,9.0,12.644569,18.773045,-6.128476,,2136
dance_005,D05_P011_T01,0,0,60,0.0,2.0,7.669524,13.799158,-6.129634,,2137
dance_006,D06_P014_T01,12,360,420,12.0,14.0,7.660205,13.794565,-6.13436,,2138
dance_007,D07_P010_T01,7,210,270,7.0,9.0,6.342528,12.479667,-6.137139,,2139
dance_009,D09_P016_T01,1,30,90,1.0,3.0,13.406666,19.54512,-6.138454,,2140
dance_009,D09_P008_T01,0,0,60,0.0,2.0,13.406186,19.54512,-6.138934,,2141
dance_011,D11_P008_T01,12,360,420,12.0,14.0,9.795353,15.951577,-6.156224,,2142
dance_008,D08_P011_T01,14,420,480,14.0,16.0,9.137474,15.296403,-6.158929,,2143
dance_010,D10_P011_T01,5,150,210,5.0,7.0,11.484499,17.643839,-6.15934,,2144
dance_004,D04_P003_T01,5,150,210,5.0,7.0,10.143249,16.304395,-6.161146,,2145
dance_010,D10_P017_T01,3,90,150,3.0,5.0,11.477728,17.643839,-6.166111,,2146
dance_011,D11_P007_T01,6,180,240,6.0,8.0,9.784487,15.951577,-6.16709,,2147
dance_012,D12_P003_T01,10,300,360,10.0,12.0,8.13709,14.304425,-6.167335,,2148
dance_007,D07_P017_T01,8,240,300,8.0,10.0,6.31138,12.479667,-6.168287,,2149
dance_006,D06_P019_T01,7,210,270,7.0,9.0,7.624532,13.794565,-6.170033,,2150
dance_008,D08_P013_T01,17,510,570,17.0,19.0,9.126301,15.296403,-6.170102,,2151
dance_010,D10_P005_T01,6,180,240,6.0,8.0,11.469072,17.643839,-6.174767,,2152
dance_009,D09_P011_T01,0,0,60,0.0,2.0,13.3672,19.54512,-6.17792,,2153
dance_003,D03_P004_T01,0,0,60,0.0,2.0,8.054728,14.232737,-6.178009,,2154
dance_003,D03_P014_T01,4,120,180,4.0,6.0,8.051769,14.232737,-6.180968,,2155
dance_011,D11_P017_T01,0,0,60,0.0,2.0,9.768215,15.951577,-6.183362,,2156
dance_009,D09_P008_T01,8,240,300,8.0,10.0,13.361416,19.54512,-6.183704,,2157
dance_010,D10_P004_T01,5,150,210,5.0,7.0,11.45345,17.643839,-6.190389,,2158
dance_012,D12_P020_T01,9,270,330,9.0,11.0,8.113114,14.304425,-6.191311,,2159
dance_011,D11_P011_T01,7,210,270,7.0,9.0,9.758385,15.951577,-6.193192,,2160
dance_005,D05_P015_T01,3,90,150,3.0,5.0,7.605072,13.799158,-6.194086,,2161
dance_007,D07_P010_T01,0,0,60,0.0,2.0,6.278434,12.479667,-6.201233,,2162
dance_002,D02_P006_T01,6,180,240,6.0,8.0,12.564066,18.773045,-6.208979,,2163
dance_009,D09_P015_T01,2,60,120,2.0,4.0,13.335117,19.54512,-6.210003,,2164
dance_010,D10_P003_T01,7,210,270,7.0,9.0,11.432482,17.643839,-6.211357,,2165
dance_011,D11_P010_T01,6,180,240,6.0,8.0,9.739014,15.951577,-6.212563,,2166
dance_001,D01_P017_T01,7,210,270,7.0,9.0,8.220128,14.435844,-6.215716,,2167
dance_012,D12_P020_T01,3,90,150,3.0,5.0,8.083674,14.304425,-6.220751,,2168
dance_002,D02_P008_T01,8,240,300,8.0,10.0,12.547486,18.773045,-6.225559,,2169
dance_003,D03_P013_T01,10,300,360,10.0,12.0,8.005892,14.232737,-6.226845,,2170
dance_011,D11_P017_T01,12,360,420,12.0,14.0,9.711772,15.951577,-6.239805,,2171
dance_008,D08_P005_T01,7,210,270,7.0,9.0,9.053436,15.296403,-6.242967,,2172
dance_006,D06_P004_T01,4,120,180,4.0,6.0,7.547982,13.794565,-6.246583,,2173
dance_010,D10_P010_T01,10,300,360,10.0,12.0,11.39722,17.643839,-6.246619,,2174
dance_004,D04_P003_T01,11,330,390,11.0,13.0,10.055945,16.304395,-6.24845,,2175
dance_004,D04_P006_T01,7,210,270,7.0,9.0,10.055333,16.304395,-6.249062,,2176
dance_011,D11_P020_T01,7,210,270,7.0,9.0,9.70212,15.951577,-6.249457,,2177
dance_006,D06_P017_T01,9,270,330,9.0,11.0,7.54438,13.794565,-6.250185,,2178
dance_008,D08_P015_T01,11,330,390,11.0,13.0,9.035824,15.296403,-6.260579,,2179
dance_011,D11_P003_T01,1,30,90,1.0,3.0,9.689647,15.951577,-6.26193,,2180
dance_011,D11_P006_T01,1,30,90,1.0,3.0,9.686778,15.951577,-6.264799,,2181
dance_004,D04_P019_T01,8,240,300,8.0,10.0,10.038202,16.304395,-6.266193,,2182
dance_010,D10_P019_T01,2,60,120,2.0,4.0,11.375811,17.643839,-6.268028,,2183
dance_008,D08_P010_T01,5,150,210,5.0,7.0,9.028293,15.296403,-6.26811,,2184
dance_008,D08_P017_T01,11,330,390,11.0,13.0,9.027434,15.296403,-6.268969,,2185
dance_009,D09_P006_T01,3,90,150,3.0,5.0,13.274771,19.54512,-6.270349,,2186
dance_009,D09_P010_T01,6,180,240,6.0,8.0,13.259868,19.54512,-6.285252,,2187
dance_011,D11_P012_T01,5,150,210,5.0,7.0,9.662616,15.951577,-6.288961,,2188
dance_002,D02_P011_T01,3,90,150,3.0,5.0,12.481139,18.773045,-6.291906,,2189
dance_012,D12_P013_T01,7,210,270,7.0,9.0,8.012491,14.304425,-6.291934,,2190
dance_009,D09_P011_T01,1,30,90,1.0,3.0,13.247765,19.54512,-6.297355,,2191
dance_010,D10_P002_T01,10,300,360,10.0,12.0,11.315493,17.643839,-6.328346,,2192
dance_007,D07_P003_T01,2,60,120,2.0,4.0,6.149858,12.479667,-6.329809,,2193
dance_002,D02_P014_T01,8,240,300,8.0,10.0,12.443086,18.773045,-6.329959,,2194
dance_001,D01_P014_T01,0,0,60,0.0,2.0,8.105605,14.435844,-6.330239,,2195
dance_012,D12_P006_T01,6,180,240,6.0,8.0,7.964129,14.304425,-6.340296,,2196
dance_012,D12_P005_T01,6,180,240,6.0,8.0,7.961207,14.304425,-6.343218,,2197
dance_007,D07_P020_T01,7,210,270,7.0,9.0,6.134594,12.479667,-6.345073,,2198
dance_002,D02_P016_T01,9,270,330,9.0,11.0,12.420554,18.773045,-6.352491,,2199
dance_003,D03_P019_T01,9,270,330,9.0,11.0,7.876663,14.232737,-6.356074,,2200
dance_008,D08_P008_T01,18,540,600,18.0,20.0,8.936981,15.296403,-6.359422,,2201
dance_010,D10_P020_T01,4,120,180,4.0,6.0,11.284081,17.643839,-6.359758,,2202
dance_002,D02_P009_T01,2,60,120,2.0,4.0,12.411424,18.773045,-6.361621,,2203
dance_004,D04_P006_T01,5,150,210,5.0,7.0,9.941832,16.304395,-6.362563,,2204
dance_001,D01_P005_T01,3,90,150,3.0,5.0,8.068497,14.435844,-6.367347,,2205
dance_010,D10_P015_T01,10,300,360,10.0,12.0,11.27375,17.643839,-6.370089,,2206
dance_008,D08_P006_T01,6,180,240,6.0,8.0,8.922397,15.296403,-6.374006,,2207
dance_010,D10_P016_T01,4,120,180,4.0,6.0,11.261576,17.643839,-6.382263,,2208
dance_007,D07_P008_T01,1,30,90,1.0,3.0,6.092531,12.479667,-6.387136,,2209
dance_008,D08_P017_T01,12,360,420,12.0,14.0,8.899851,15.296403,-6.396552,,2210
dance_011,D11_P010_T01,5,150,210,5.0,7.0,9.553215,15.951577,-6.398362,,2211
dance_002,D02_P008_T01,0,0,60,0.0,2.0,12.374526,18.773045,-6.398519,,2212
dance_012,D12_P013_T01,6,180,240,6.0,8.0,7.897073,14.304425,-6.407352,,2213
dance_010,D10_P008_T01,5,150,210,5.0,7.0,11.225711,17.643839,-6.418128,,2214
dance_004,D04_P011_T01,1,30,90,1.0,3.0,9.879627,16.304395,-6.424768,,2215
dance_002,D02_P009_T01,7,210,270,7.0,9.0,12.34396,18.773045,-6.429085,,2216
dance_005,D05_P012_T01,5,150,210,5.0,7.0,7.36458,13.799158,-6.434578,,2217
dance_012,D12_P005_T01,7,210,270,7.0,9.0,7.8686,14.304425,-6.435825,,2218
dance_006,D06_P004_T01,9,270,330,9.0,11.0,7.358474,13.794565,-6.436091,,2219
dance_008,D08_P013_T01,5,150,210,5.0,7.0,8.857155,15.296403,-6.439248,,2220
dance_005,D05_P004_T01,8,240,300,8.0,10.0,7.359213,13.799158,-6.439945,,2221
dance_009,D09_P017_T01,0,0,60,0.0,2.0,13.105113,19.54512,-6.440007,,2222
dance_002,D02_P002_T01,6,180,240,6.0,8.0,12.327226,18.773045,-6.445819,,2223
dance_006,D06_P019_T01,8,240,300,8.0,10.0,7.347857,13.794565,-6.446708,,2224
dance_010,D10_P014_T01,12,360,420,12.0,14.0,11.196637,17.643839,-6.447202,,2225
dance_004,D04_P018_T01,3,90,150,3.0,5.0,9.853141,16.304395,-6.451254,,2226
dance_010,D10_P020_T01,1,30,90,1.0,3.0,11.189468,17.643839,-6.454371,,2227
dance_009,D09_P016_T01,6,180,240,6.0,8.0,13.086758,19.54512,-6.458362,,2228
dance_011,D11_P011_T01,0,0,60,0.0,2.0,9.488528,15.951577,-6.463049,,2229
dance_010,D10_P009_T01,10,300,360,10.0,12.0,11.170708,17.643839,-6.473131,,2230
dance_005,D05_P019_T01,5,150,210,5.0,7.0,7.315956,13.799158,-6.483202,,2231
dance_004,D04_P007_T01,1,30,90,1.0,3.0,9.81762,16.304395,-6.486775,,2232
dance_010,D10_P003_T01,8,240,300,8.0,10.0,11.143593,17.643839,-6.500246,,2233
dance_011,D11_P006_T01,6,180,240,6.0,8.0,9.441437,15.951577,-6.51014,,2234
dance_011,D11_P014_T01,1,30,90,1.0,3.0,9.439245,15.951577,-6.512332,,2235
dance_008,D08_P015_T01,8,240,300,8.0,10.0,8.783703,15.296403,-6.5127,,2236
dance_008,D08_P013_T01,16,480,540,16.0,18.0,8.781877,15.296403,-6.514526,,2237
dance_002,D02_P005_T01,1,30,90,1.0,3.0,12.25748,18.773045,-6.515565,,2238
dance_002,D02_P003_T01,1,30,90,1.0,3.0,12.254902,18.773045,-6.518143,,2239
dance_006,D06_P014_T01,5,150,210,5.0,7.0,7.272073,13.794565,-6.522492,,2240
dance_007,D07_P004_T01,0,0,60,0.0,2.0,5.949921,12.479667,-6.529746,,2241
dance_010,D10_P014_T01,8,240,300,8.0,10.0,11.107131,17.643839,-6.536708,,2242
dance_009,D09_P014_T01,2,60,120,2.0,4.0,13.004102,19.54512,-6.541018,,2243
dance_002,D02_P006_T01,7,210,270,7.0,9.0,12.228939,18.773045,-6.544106,,2244
dance_008,D08_P014_T01,18,540,600,18.0,20.0,8.751316,15.296403,-6.545087,,2245
dance_011,D11_P010_T01,10,300,360,10.0,12.0,9.40372,15.951577,-6.547857,,2246
dance_007,D07_P005_T01,0,0,60,0.0,2.0,5.930101,12.479667,-6.549566,,2247
dance_003,D03_P013_T01,4,120,180,4.0,6.0,7.681683,14.232737,-6.551054,,2248
dance_011,D11_P020_T01,3,90,150,3.0,5.0,9.392287,15.951577,-6.55929,,2249
dance_012,D12_P006_T01,4,120,180,4.0,6.0,7.739938,14.304425,-6.564487,,2250
dance_006,D06_P005_T01,5,150,210,5.0,7.0,7.227171,13.794565,-6.567394,,2251
dance_012,D12_P006_T01,3,90,150,3.0,5.0,7.730577,14.304425,-6.573848,,2252
dance_011,D11_P019_T01,1,30,90,1.0,3.0,9.367668,15.951577,-6.583909,,2253
dance_006,D06_P006_T01,6,180,240,6.0,8.0,7.200838,13.794565,-6.593727,,2254
dance_008,D08_P018_T01,13,390,450,13.0,15.0,8.695948,15.296403,-6.600455,,2255
dance_008,D08_P015_T01,6,180,240,6.0,8.0,8.692752,15.296403,-6.603651,,2256
dance_004,D04_P010_T01,3,90,150,3.0,5.0,9.700598,16.304395,-6.603797,,2257
dance_010,D10_P017_T01,1,30,90,1.0,3.0,11.036696,17.643839,-6.607143,,2258
dance_004,D04_P016_T01,0,0,60,0.0,2.0,9.693936,16.304395,-6.610459,,2259
dance_011,D11_P015_T01,0,0,60,0.0,2.0,9.335821,15.951577,-6.615756,,2260
dance_012,D12_P015_T01,9,270,330,9.0,11.0,7.684262,14.304425,-6.620163,,2261
dance_009,D09_P007_T01,1,30,90,1.0,3.0,12.922904,19.54512,-6.622216,,2262
dance_011,D11_P014_T01,7,210,270,7.0,9.0,9.323931,15.951577,-6.627646,,2263
dance_008,D08_P012_T01,13,390,450,13.0,15.0,8.657538,15.296403,-6.638865,,2264
dance_011,D11_P010_T01,9,270,330,9.0,11.0,9.307661,15.951577,-6.643916,,2265
dance_012,D12_P003_T01,4,120,180,4.0,6.0,7.655989,14.304425,-6.648436,,2266
dance_002,D02_P020_T01,7,210,270,7.0,9.0,12.118273,18.773045,-6.654772,,2267
dance_010,D10_P020_T01,3,90,150,3.0,5.0,10.982226,17.643839,-6.661613,,2268
dance_009,D09_P015_T01,1,30,90,1.0,3.0,12.881591,19.54512,-6.663529,,2269
dance_008,D08_P020_T01,16,480,540,16.0,18.0,8.628028,15.296403,-6.668375,,2270
dance_008,D08_P020_T01,13,390,450,13.0,15.0,8.627931,15.296403,-6.668472,,2271
dance_009,D09_P005_T01,5,150,210,5.0,7.0,12.876063,19.54512,-6.669057,,2272
dance_001,D01_P019_T01,4,120,180,4.0,6.0,7.755871,14.435844,-6.679973,,2273
dance_011,D11_P008_T01,0,0,60,0.0,2.0,9.270009,15.951577,-6.681568,,2274
dance_009,D09_P016_T01,8,240,300,8.0,10.0,12.84814,19.54512,-6.69698,,2275
dance_011,D11_P009_T01,8,240,300,8.0,10.0,9.252052,15.951577,-6.699525,,2276
dance_010,D10_P019_T01,0,0,60,0.0,2.0,10.940745,17.643839,-6.703094,,2277
dance_005,D05_P018_T01,1,30,90,1.0,3.0,7.088925,13.799158,-6.710233,,2278
dance_002,D02_P004_T01,6,180,240,6.0,8.0,12.062404,18.773045,-6.710641,,2279
dance_008,D08_P011_T01,6,180,240,6.0,8.0,8.584721,15.296403,-6.711682,,2280
dance_003,D03_P006_T01,10,300,360,10.0,12.0,7.511935,14.232737,-6.720802,,2281
dance_011,D11_P006_T01,11,330,390,11.0,13.0,9.229299,15.951577,-6.722278,,2282
dance_009,D09_P020_T01,7,210,270,7.0,9.0,12.820337,19.54512,-6.724783,,2283
dance_012,D12_P003_T01,5,150,210,5.0,7.0,7.570241,14.304425,-6.734184,,2284
dance_011,D11_P009_T01,0,0,60,0.0,2.0,9.213719,15.951577,-6.737858,,2285
dance_008,D08_P012_T01,6,180,240,6.0,8.0,8.557506,15.296403,-6.738897,,2286
dance_008,D08_P016_T01,1,30,90,1.0,3.0,8.556192,15.296403,-6.740211,,2287
dance_010,D10_P008_T01,9,270,330,9.0,11.0,10.902719,17.643839,-6.74112,,2288
dance_004,D04_P011_T01,2,60,120,2.0,4.0,9.552801,16.304395,-6.751594,,2289
dance_002,D02_P020_T01,1,30,90,1.0,3.0,12.011243,18.773045,-6.761802,,2290
dance_009,D09_P014_T01,0,0,60,0.0,2.0,12.780983,19.54512,-6.764137,,2291
dance_009,D09_P004_T01,3,90,150,3.0,5.0,12.778609,19.54512,-6.766511,,2292
dance_001,D01_P006_T01,3,90,150,3.0,5.0,7.667253,14.435844,-6.768591,,2293
dance_009,D09_P011_T01,4,120,180,4.0,6.0,12.766173,19.54512,-6.778947,,2294
dance_004,D04_P009_T01,2,60,120,2.0,4.0,9.525441,16.304395,-6.778954,,2295
dance_002,D02_P003_T01,6,180,240,6.0,8.0,11.991621,18.773045,-6.781424,,2296
dance_009,D09_P017_T01,6,180,240,6.0,8.0,12.755573,19.54512,-6.789547,,2297
dance_008,D08_P007_T01,12,360,420,12.0,14.0,8.506526,15.296403,-6.789877,,2298
dance_010,D10_P012_T01,3,90,150,3.0,5.0,10.85353,17.643839,-6.790309,,2299
dance_004,D04_P015_T01,2,60,120,2.0,4.0,9.508858,16.304395,-6.795537,,2300
dance_006,D06_P011_T01,4,120,180,4.0,6.0,6.997342,13.794565,-6.797223,,2301
dance_010,D10_P008_T01,10,300,360,10.0,12.0,10.844559,17.643839,-6.79928,,2302
dance_008,D08_P014_T01,16,480,540,16.0,18.0,8.497049,15.296403,-6.799354,,2303
dance_002,D02_P008_T01,9,270,330,9.0,11.0,11.970955,18.773045,-6.80209,,2304
dance_009,D09_P003_T01,8,240,300,8.0,10.0,12.732603,19.54512,-6.812517,,2305
dance_008,D08_P006_T01,16,480,540,16.0,18.0,8.478978,15.296403,-6.817425,,2306
dance_012,D12_P014_T01,12,360,420,12.0,14.0,7.483824,14.304425,-6.820601,,2307
dance_005,D05_P004_T01,2,60,120,2.0,4.0,6.970137,13.799158,-6.829021,,2308
dance_010,D10_P009_T01,8,240,300,8.0,10.0,10.810406,17.643839,-6.833433,,2309
dance_002,D02_P017_T01,4,120,180,4.0,6.0,11.937449,18.773045,-6.835596,,2310
dance_008,D08_P003_T01,10,300,360,10.0,12.0,8.460367,15.296403,-6.836036,,2311
dance_011,D11_P017_T01,1,30,90,1.0,3.0,9.10576,15.951577,-6.845817,,2312
dance_011,D11_P015_T01,8,240,300,8.0,10.0,9.105728,15.951577,-6.845849,,2313
dance_001,D01_P006_T01,4,120,180,4.0,6.0,7.589821,14.435844,-6.846023,,2314
dance_009,D09_P017_T01,3,90,150,3.0,5.0,12.697516,19.54512,-6.847604,,2315
dance_011,D11_P014_T01,11,330,390,11.0,13.0,9.101963,15.951577,-6.849614,,2316
dance_011,D11_P014_T01,10,300,360,10.0,12.0,9.098414,15.951577,-6.853163,,2317
dance_002,D02_P015_T01,5,150,210,5.0,7.0,11.918337,18.773045,-6.854708,,2318
dance_009,D09_P010_T01,1,30,90,1.0,3.0,12.684032,19.54512,-6.861088,,2319
dance_009,D09_P016_T01,2,60,120,2.0,4.0,12.676841,19.54512,-6.868279,,2320
dance_007,D07_P018_T01,7,210,270,7.0,9.0,5.605079,12.479667,-6.874588,,2321
dance_010,D10_P011_T01,8,240,300,8.0,10.0,10.750118,17.643839,-6.893721,,2322
dance_009,D09_P006_T01,9,270,330,9.0,11.0,12.648518,19.54512,-6.896602,,2323
dance_012,D12_P020_T01,2,60,120,2.0,4.0,7.404815,14.304425,-6.89961,,2324
dance_010,D10_P010_T01,1,30,90,1.0,3.0,10.736425,17.643839,-6.907414,,2325
dance_008,D08_P019_T01,1,30,90,1.0,3.0,8.388365,15.296403,-6.908038,,2326
dance_010,D10_P008_T01,3,90,150,3.0,5.0,10.729374,17.643839,-6.914465,,2327
dance_008,D08_P011_T01,13,390,450,13.0,15.0,8.376457,15.296403,-6.919946,,2328
dance_004,D04_P013_T01,2,60,120,2.0,4.0,9.376371,16.304395,-6.928024,,2329
dance_011,D11_P010_T01,8,240,300,8.0,10.0,9.01713,15.951577,-6.934447,,2330
dance_002,D02_P016_T01,2,60,120,2.0,4.0,11.830669,18.773045,-6.942376,,2331
dance_008,D08_P004_T01,6,180,240,6.0,8.0,8.352649,15.296403,-6.943754,,2332
dance_009,D09_P010_T01,8,240,300,8.0,10.0,12.599353,19.54512,-6.945767,,2333
dance_002,D02_P005_T01,6,180,240,6.0,8.0,11.827051,18.773045,-6.945994,,2334
dance_009,D09_P017_T01,1,30,90,1.0,3.0,12.594262,19.54512,-6.950858,,2335
dance_008,D08_P004_T01,1,30,90,1.0,3.0,8.334564,15.296403,-6.961839,,2336
dance_004,D04_P015_T01,4,120,180,4.0,6.0,9.341865,16.304395,-6.96253,,2337
dance_004,D04_P005_T01,1,30,90,1.0,3.0,9.332189,16.304395,-6.972206,,2338
dance_010,D10_P016_T01,7,210,270,7.0,9.0,10.654645,17.643839,-6.989194,,2339
dance_012,D12_P020_T01,4,120,180,4.0,6.0,7.313295,14.304425,-6.99113,,2340
dance_008,D08_P014_T01,6,180,240,6.0,8.0,8.301147,15.296403,-6.995256,,2341
dance_011,D11_P015_T01,2,60,120,2.0,4.0,8.955186,15.951577,-6.996391,,2342
dance_005,D05_P006_T01,5,150,210,5.0,7.0,6.795908,13.799158,-7.00325,,2343
dance_009,D09_P009_T01,5,150,210,5.0,7.0,12.540814,19.54512,-7.004306,,2344
dance_007,D07_P003_T01,0,0,60,0.0,2.0,5.469461,12.479667,-7.010206,,2345
dance_004,D04_P018_T01,5,150,210,5.0,7.0,9.28644,16.304395,-7.017955,,2346
dance_011,D11_P017_T01,4,120,180,4.0,6.0,8.931203,15.951577,-7.020374,,2347
dance_011,D11_P013_T01,9,270,330,9.0,11.0,8.931191,15.951577,-7.020386,,2348
dance_009,D09_P018_T01,8,240,300,8.0,10.0,12.520621,19.54512,-7.024499,,2349
dance_009,D09_P005_T01,0,0,60,0.0,2.0,12.519799,19.54512,-7.025321,,2350
dance_010,D10_P014_T01,11,330,390,11.0,13.0,10.615693,17.643839,-7.028146,,2351
dance_011,D11_P018_T01,8,240,300,8.0,10.0,8.922128,15.951577,-7.029449,,2352
dance_004,D04_P011_T01,4,120,180,4.0,6.0,9.26802,16.304395,-7.036375,,2353
dance_008,D08_P017_T01,1,30,90,1.0,3.0,8.259984,15.296403,-7.036419,,2354
dance_002,D02_P017_T01,5,150,210,5.0,7.0,11.729001,18.773045,-7.044044,,2355
dance_006,D06_P020_T01,5,150,210,5.0,7.0,6.742231,13.794565,-7.052334,,2356
dance_010,D10_P018_T01,3,90,150,3.0,5.0,10.591401,17.643839,-7.052438,,2357
dance_003,D03_P019_T01,10,300,360,10.0,12.0,7.17424,14.232737,-7.058497,,2358
dance_008,D08_P011_T01,12,360,420,12.0,14.0,8.228441,15.296403,-7.067962,,2359
dance_011,D11_P014_T01,8,240,300,8.0,10.0,8.877125,15.951577,-7.074452,,2360
dance_008,D08_P019_T01,0,0,60,0.0,2.0,8.219003,15.296403,-7.0774,,2361
dance_002,D02_P015_T01,7,210,270,7.0,9.0,11.676021,18.773045,-7.097024,,2362
dance_002,D02_P004_T01,1,30,90,1.0,3.0,11.675224,18.773045,-7.097821,,2363
dance_002,D02_P015_T01,9,270,330,9.0,11.0,11.661953,18.773045,-7.111092,,2364
dance_006,D06_P019_T01,5,150,210,5.0,7.0,6.665152,13.794565,-7.129413,,2365
dance_010,D10_P009_T01,5,150,210,5.0,7.0,10.511078,17.643839,-7.132761,,2366
dance_011,D11_P014_T01,3,90,150,3.0,5.0,8.813477,15.951577,-7.1381,,2367
dance_011,D11_P003_T01,8,240,300,8.0,10.0,8.807435,15.951577,-7.144142,,2368
dance_005,D05_P008_T01,8,240,300,8.0,10.0,6.651075,13.799158,-7.148083,,2369
dance_012,D12_P011_T01,3,90,150,3.0,5.0,7.153013,14.304425,-7.151412,,2370
dance_012,D12_P015_T01,10,300,360,10.0,12.0,7.146904,14.304425,-7.157521,,2371
dance_011,D11_P004_T01,3,90,150,3.0,5.0,8.788305,15.951577,-7.163272,,2372
dance_010,D10_P008_T01,11,330,390,11.0,13.0,10.471944,17.643839,-7.171895,,2373
dance_010,D10_P016_T01,5,150,210,5.0,7.0,10.455647,17.643839,-7.188192,,2374
dance_008,D08_P011_T01,10,300,360,10.0,12.0,8.09493,15.296403,-7.201473,,2375
dance_002,D02_P010_T01,4,120,180,4.0,6.0,11.568325,18.773045,-7.20472,,2376
dance_010,D10_P018_T01,12,360,420,12.0,14.0,10.431222,17.643839,-7.212617,,2377
dance_004,D04_P015_T01,6,180,240,6.0,8.0,9.073416,16.304395,-7.230979,,2378
dance_010,D10_P018_T01,1,30,90,1.0,3.0,10.40167,17.643839,-7.242169,,2379
dance_004,D04_P018_T01,2,60,120,2.0,4.0,9.04462,16.304395,-7.259775,,2380
dance_008,D08_P005_T01,0,0,60,0.0,2.0,8.0339,15.296403,-7.262503,,2381
dance_011,D11_P006_T01,5,150,210,5.0,7.0,8.688728,15.951577,-7.262849,,2382
dance_011,D11_P003_T01,4,120,180,4.0,6.0,8.687204,15.951577,-7.264373,,2383
dance_011,D11_P006_T01,0,0,60,0.0,2.0,8.681773,15.951577,-7.269804,,2384
dance_010,D10_P017_T01,5,150,210,5.0,7.0,10.372134,17.643839,-7.271705,,2385
dance_008,D08_P013_T01,1,30,90,1.0,3.0,8.017632,15.296403,-7.278771,,2386
dance_004,D04_P004_T01,2,60,120,2.0,4.0,9.011493,16.304395,-7.292902,,2387
dance_009,D09_P010_T01,4,120,180,4.0,6.0,12.250667,19.54512,-7.294453,,2388
dance_009,D09_P005_T01,3,90,150,3.0,5.0,12.249164,19.54512,-7.295956,,2389
dance_008,D08_P010_T01,3,90,150,3.0,5.0,7.99372,15.296403,-7.302683,,2390
dance_008,D08_P003_T01,12,360,420,12.0,14.0,7.991972,15.296403,-7.304431,,2391
dance_011,D11_P003_T01,2,60,120,2.0,4.0,8.64267,15.951577,-7.308907,,2392
dance_010,D10_P005_T01,1,30,90,1.0,3.0,10.324469,17.643839,-7.31937,,2393
dance_004,D04_P015_T01,10,300,360,10.0,12.0,8.983292,16.304395,-7.321103,,2394
dance_009,D09_P018_T01,9,270,330,9.0,11.0,12.223514,19.54512,-7.321606,,2395
dance_001,D01_P005_T01,0,0,60,0.0,2.0,7.103954,14.435844,-7.33189,,2396
dance_002,D02_P018_T01,1,30,90,1.0,3.0,11.439629,18.773045,-7.333416,,2397
dance_008,D08_P012_T01,4,120,180,4.0,6.0,7.95481,15.296403,-7.341593,,2398
dance_008,D08_P011_T01,9,270,330,9.0,11.0,7.953501,15.296403,-7.342902,,2399
dance_011,D11_P007_T01,1,30,90,1.0,3.0,8.600131,15.951577,-7.351446,,2400
dance_008,D08_P013_T01,13,390,450,13.0,15.0,7.936357,15.296403,-7.360046,,2401
dance_002,D02_P002_T01,3,90,150,3.0,5.0,11.407153,18.773045,-7.365892,,2402
dance_010,D10_P014_T01,4,120,180,4.0,6.0,10.272142,17.643839,-7.371697,,2403
dance_002,D02_P002_T01,5,150,210,5.0,7.0,11.389144,18.773045,-7.383901,,2404
dance_004,D04_P016_T01,1,30,90,1.0,3.0,8.909761,16.304395,-7.394634,,2405
dance_005,D05_P006_T01,7,210,270,7.0,9.0,6.398292,13.799158,-7.400866,,2406
dance_011,D11_P015_T01,3,90,150,3.0,5.0,8.543856,15.951577,-7.407721,,2407
dance_002,D02_P017_T01,1,30,90,1.0,3.0,11.360771,18.773045,-7.412274,,2408
dance_009,D09_P008_T01,10,300,360,10.0,12.0,12.126508,19.54512,-7.418612,,2409
dance_010,D10_P014_T01,10,300,360,10.0,12.0,10.192277,17.643839,-7.451562,,2410
dance_011,D11_P014_T01,9,270,330,9.0,11.0,8.497761,15.951577,-7.453816,,2411
dance_008,D08_P011_T01,2,60,120,2.0,4.0,7.840442,15.296403,-7.455961,,2412
dance_009,D09_P014_T01,4,120,180,4.0,6.0,12.082771,19.54512,-7.462349,,2413
dance_006,D06_P004_T01,6,180,240,6.0,8.0,6.329995,13.794565,-7.46457,,2414
dance_011,D11_P006_T01,2,60,120,2.0,4.0,8.482988,15.951577,-7.468589,,2415
dance_010,D10_P020_T01,12,360,420,12.0,14.0,10.155639,17.643839,-7.4882,,2416
dance_002,D02_P008_T01,6,180,240,6.0,8.0,11.272105,18.773045,-7.50094,,2417
dance_010,D10_P011_T01,9,270,330,9.0,11.0,10.118762,17.643839,-7.525077,,2418
dance_010,D10_P016_T01,2,60,120,2.0,4.0,10.116081,17.643839,-7.527758,,2419
dance_004,D04_P013_T01,5,150,210,5.0,7.0,8.775903,16.304395,-7.528492,,2420
dance_011,D11_P007_T01,5,150,210,5.0,7.0,8.416564,15.951577,-7.535013,,2421
dance_008,D08_P004_T01,2,60,120,2.0,4.0,7.757014,15.296403,-7.539389,,2422
dance_004,D04_P005_T01,2,60,120,2.0,4.0,8.762363,16.304395,-7.542032,,2423
dance_009,D09_P010_T01,7,210,270,7.0,9.0,11.99602,19.54512,-7.5491,,2424
dance_009,D09_P004_T01,0,0,60,0.0,2.0,11.994819,19.54512,-7.550301,,2425
dance_009,D09_P004_T01,7,210,270,7.0,9.0,11.985271,19.54512,-7.559849,,2426
dance_011,D11_P011_T01,6,180,240,6.0,8.0,8.389145,15.951577,-7.562432,,2427
dance_011,D11_P013_T01,2,60,120,2.0,4.0,8.379258,15.951577,-7.572319,,2428
dance_007,D07_P017_T01,7,210,270,7.0,9.0,4.903683,12.479667,-7.575984,,2429
dance_011,D11_P010_T01,0,0,60,0.0,2.0,8.364236,15.951577,-7.587341,,2430
dance_009,D09_P005_T01,6,180,240,6.0,8.0,11.952513,19.54512,-7.592607,,2431
dance_004,D04_P010_T01,4,120,180,4.0,6.0,8.709853,16.304395,-7.594542,,2432
dance_009,D09_P017_T01,2,60,120,2.0,4.0,11.944362,19.54512,-7.600758,,2433
dance_005,D05_P006_T01,8,240,300,8.0,10.0,6.192721,13.799158,-7.606437,,2434
dance_004,D04_P016_T01,2,60,120,2.0,4.0,8.694368,16.304395,-7.610027,,2435
dance_009,D09_P005_T01,1,30,90,1.0,3.0,11.931903,19.54512,-7.613217,,2436
dance_002,D02_P006_T01,8,240,300,8.0,10.0,11.154622,18.773045,-7.618423,,2437
dance_011,D11_P006_T01,9,270,330,9.0,11.0,8.33181,15.951577,-7.619767,,2438
dance_005,D05_P019_T01,8,240,300,8.0,10.0,6.178007,13.799158,-7.621151,,2439
dance_009,D09_P008_T01,3,90,150,3.0,5.0,11.92174,19.54512,-7.62338,,2440
dance_011,D11_P011_T01,5,150,210,5.0,7.0,8.327413,15.951577,-7.624164,,2441
dance_009,D09_P020_T01,4,120,180,4.0,6.0,11.918981,19.54512,-7.626139,,2442
dance_002,D02_P007_T01,1,30,90,1.0,3.0,11.142848,18.773045,-7.630197,,2443
dance_011,D11_P017_T01,6,180,240,6.0,8.0,8.316179,15.951577,-7.635398,,2444
dance_010,D10_P016_T01,0,0,60,0.0,2.0,10.00223,17.643839,-7.641609,,2445
dance_009,D09_P008_T01,9,270,330,9.0,11.0,11.898779,19.54512,-7.646341,,2446
dance_010,D10_P009_T01,4,120,180,4.0,6.0,9.992736,17.643839,-7.651103,,2447
dance_011,D11_P004_T01,2,60,120,2.0,4.0,8.294908,15.951577,-7.656669,,2448
dance_011,D11_P008_T01,2,60,120,2.0,4.0,8.278254,15.951577,-7.673323,,2449
dance_009,D09_P016_T01,3,90,150,3.0,5.0,11.864601,19.54512,-7.680519,,2450
dance_010,D10_P008_T01,4,120,180,4.0,6.0,9.95076,17.643839,-7.693079,,2451
dance_010,D10_P010_T01,8,240,300,8.0,10.0,9.939553,17.643839,-7.704286,,2452
dance_002,D02_P015_T01,1,30,90,1.0,3.0,11.068461,18.773045,-7.704584,,2453
dance_004,D04_P011_T01,3,90,150,3.0,5.0,8.59455,16.304395,-7.709845,,2454
dance_011,D11_P011_T01,11,330,390,11.0,13.0,8.236505,15.951577,-7.715072,,2455
dance_010,D10_P009_T01,7,210,270,7.0,9.0,9.923151,17.643839,-7.720688,,2456
dance_007,D07_P020_T01,0,0,60,0.0,2.0,4.746786,12.479667,-7.732881,,2457
dance_002,D02_P006_T01,9,270,330,9.0,11.0,11.000628,18.773045,-7.772417,,2458
dance_010,D10_P014_T01,0,0,60,0.0,2.0,9.859861,17.643839,-7.783978,,2459
dance_008,D08_P009_T01,4,120,180,4.0,6.0,7.497268,15.296403,-7.799135,,2460
dance_008,D08_P016_T01,0,0,60,0.0,2.0,7.491939,15.296403,-7.804464,,2461
dance_011,D11_P013_T01,3,90,150,3.0,5.0,8.14454,15.951577,-7.807037,,2462
dance_010,D10_P017_T01,8,240,300,8.0,10.0,9.827289,17.643839,-7.81655,,2463
dance_009,D09_P011_T01,8,240,300,8.0,10.0,11.717938,19.54512,-7.827182,,2464
dance_009,D09_P016_T01,10,300,360,10.0,12.0,11.711146,19.54512,-7.833974,,2465
dance_008,D08_P004_T01,3,90,150,3.0,5.0,7.461067,15.296403,-7.835336,,2466
dance_010,D10_P019_T01,1,30,90,1.0,3.0,9.80752,17.643839,-7.836319,,2467
dance_002,D02_P019_T01,1,30,90,1.0,3.0,10.926025,18.773045,-7.84702,,2468
dance_009,D09_P013_T01,5,150,210,5.0,7.0,11.671587,19.54512,-7.873533,,2469
dance_010,D10_P005_T01,5,150,210,5.0,7.0,9.738614,17.643839,-7.905225,,2470
dance_008,D08_P014_T01,13,390,450,13.0,15.0,7.387759,15.296403,-7.908644,,2471
dance_011,D11_P017_T01,2,60,120,2.0,4.0,8.015992,15.951577,-7.935585,,2472
dance_010,D10_P008_T01,8,240,300,8.0,10.0,9.707843,17.643839,-7.935996,,2473
dance_011,D11_P013_T01,8,240,300,8.0,10.0,8.014913,15.951577,-7.936664,,2474
dance_010,D10_P018_T01,9,270,330,9.0,11.0,9.685161,17.643839,-7.958678,,2475
dance_004,D04_P010_T01,2,60,120,2.0,4.0,8.337003,16.304395,-7.967392,,2476
dance_002,D02_P013_T01,9,270,330,9.0,11.0,10.781408,18.773045,-7.991637,,2477
dance_009,D09_P014_T01,8,240,300,8.0,10.0,11.551738,19.54512,-7.993382,,2478
dance_011,D11_P011_T01,8,240,300,8.0,10.0,7.95182,15.951577,-7.999757,,2479
dance_011,D11_P011_T01,1,30,90,1.0,3.0,7.94723,15.951577,-8.004347,,2480
dance_011,D11_P011_T01,4,120,180,4.0,6.0,7.929467,15.951577,-8.02211,,2481
dance_011,D11_P011_T01,12,360,420,12.0,14.0,7.919887,15.951577,-8.03169,,2482
dance_002,D02_P010_T01,3,90,150,3.0,5.0,10.730439,18.773045,-8.042606,,2483
dance_009,D09_P005_T01,2,60,120,2.0,4.0,11.50168,19.54512,-8.04344,,2484
dance_009,D09_P018_T01,6,180,240,6.0,8.0,11.481449,19.54512,-8.063671,,2485
dance_010,D10_P010_T01,3,90,150,3.0,5.0,9.576147,17.643839,-8.067692,,2486
dance_010,D10_P008_T01,6,180,240,6.0,8.0,9.556832,17.643839,-8.087007,,2487
dance_011,D11_P003_T01,12,360,420,12.0,14.0,7.860862,15.951577,-8.090715,,2488
dance_004,D04_P002_T01,1,30,90,1.0,3.0,8.204863,16.304395,-8.099532,,2489
dance_011,D11_P009_T01,3,90,150,3.0,5.0,7.844144,15.951577,-8.107433,,2490
dance_011,D11_P011_T01,10,300,360,10.0,12.0,7.838326,15.951577,-8.113251,,2491
dance_004,D04_P018_T01,1,30,90,1.0,3.0,8.188162,16.304395,-8.116233,,2492
dance_009,D09_P010_T01,2,60,120,2.0,4.0,11.418581,19.54512,-8.126539,,2493
dance_010,D10_P011_T01,7,210,270,7.0,9.0,9.515395,17.643839,-8.128444,,2494
dance_010,D10_P015_T01,3,90,150,3.0,5.0,9.481473,17.643839,-8.162366,,2495
dance_010,D10_P014_T01,5,150,210,5.0,7.0,9.479574,17.643839,-8.164265,,2496
dance_010,D10_P018_T01,6,180,240,6.0,8.0,9.478743,17.643839,-8.165096,,2497
dance_010,D10_P010_T01,5,150,210,5.0,7.0,9.412906,17.643839,-8.230933,,2498
dance_006,D06_P004_T01,5,150,210,5.0,7.0,5.562674,13.794565,-8.231891,,2499
dance_010,D10_P002_T01,4,120,180,4.0,6.0,9.384913,17.643839,-8.258926,,2500
dance_002,D02_P006_T01,3,90,150,3.0,5.0,10.50209,18.773045,-8.270955,,2501
dance_011,D11_P017_T01,5,150,210,5.0,7.0,7.657906,15.951577,-8.293671,,2502
dance_011,D11_P011_T01,9,270,330,9.0,11.0,7.61879,15.951577,-8.332787,,2503
dance_009,D09_P005_T01,4,120,180,4.0,6.0,11.19074,19.54512,-8.35438,,2504
dance_010,D10_P006_T01,0,0,60,0.0,2.0,9.286521,17.643839,-8.357318,,2505
dance_002,D02_P002_T01,1,30,90,1.0,3.0,10.385765,18.773045,-8.38728,,2506
dance_009,D09_P009_T01,4,120,180,4.0,6.0,11.156668,19.54512,-8.388452,,2507
dance_002,D02_P005_T01,4,120,180,4.0,6.0,10.379886,18.773045,-8.393159,,2508
dance_010,D10_P010_T01,9,270,330,9.0,11.0,9.235913,17.643839,-8.407926,,2509
dance_010,D10_P018_T01,10,300,360,10.0,12.0,9.204228,17.643839,-8.439611,,2510
dance_010,D10_P008_T01,2,60,120,2.0,4.0,9.202747,17.643839,-8.441092,,2511
dance_010,D10_P006_T01,12,360,420,12.0,14.0,9.20002,17.643839,-8.443819,,2512
dance_009,D09_P004_T01,8,240,300,8.0,10.0,11.097842,19.54512,-8.447278,,2513
dance_005,D05_P018_T01,8,240,300,8.0,10.0,5.345798,13.799158,-8.45336,,2514
dance_002,D02_P014_T01,3,90,150,3.0,5.0,10.315853,18.773045,-8.457192,,2515
dance_010,D10_P008_T01,0,0,60,0.0,2.0,9.17836,17.643839,-8.465479,,2516
dance_002,D02_P020_T01,4,120,180,4.0,6.0,10.292366,18.773045,-8.480679,,2517
dance_010,D10_P010_T01,7,210,270,7.0,9.0,9.158626,17.643839,-8.485213,,2518
dance_008,D08_P010_T01,7,210,270,7.0,9.0,6.806423,15.296403,-8.48998,,2519
dance_002,D02_P003_T01,3,90,150,3.0,5.0,10.277828,18.773045,-8.495217,,2520
dance_009,D09_P004_T01,1,30,90,1.0,3.0,11.042812,19.54512,-8.502308,,2521
dance_010,D10_P017_T01,6,180,240,6.0,8.0,9.137114,17.643839,-8.506725,,2522
dance_009,D09_P013_T01,11,330,390,11.0,13.0,11.024313,19.54512,-8.520807,,2523
dance_009,D09_P009_T01,8,240,300,8.0,10.0,10.996983,19.54512,-8.548137,,2524
dance_008,D08_P007_T01,2,60,120,2.0,4.0,6.747476,15.296403,-8.548927,,2525
dance_010,D10_P003_T01,2,60,120,2.0,4.0,9.07163,17.643839,-8.572209,,2526
dance_011,D11_P004_T01,1,30,90,1.0,3.0,7.378069,15.951577,-8.573508,,2527
dance_009,D09_P015_T01,3,90,150,3.0,5.0,10.970743,19.54512,-8.574377,,2528
dance_009,D09_P008_T01,11,330,390,11.0,13.0,10.936978,19.54512,-8.608142,,2529
dance_002,D02_P002_T01,7,210,270,7.0,9.0,10.157903,18.773045,-8.615142,,2530
dance_011,D11_P020_T01,4,120,180,4.0,6.0,7.334838,15.951577,-8.616739,,2531
dance_008,D08_P015_T01,16,480,540,16.0,18.0,6.668574,15.296403,-8.627829,,2532
dance_002,D02_P010_T01,5,150,210,5.0,7.0,10.125036,18.773045,-8.648009,,2533
dance_002,D02_P008_T01,2,60,120,2.0,4.0,10.095812,18.773045,-8.677233,,2534
dance_010,D10_P019_T01,4,120,180,4.0,6.0,8.958101,17.643839,-8.685738,,2535
dance_009,D09_P009_T01,3,90,150,3.0,5.0,10.846145,19.54512,-8.698975,,2536
dance_009,D09_P018_T01,1,30,90,1.0,3.0,10.838651,19.54512,-8.706469,,2537
dance_011,D11_P018_T01,3,90,150,3.0,5.0,7.244811,15.951577,-8.706766,,2538
dance_011,D11_P014_T01,15,450,510,15.0,17.0,7.20857,15.951577,-8.743007,,2539
dance_009,D09_P006_T01,5,150,210,5.0,7.0,10.789839,19.54512,-8.755281,,2540
dance_002,D02_P012_T01,2,60,120,2.0,4.0,10.017194,18.773045,-8.755851,,2541
dance_011,D11_P008_T01,3,90,150,3.0,5.0,7.175797,15.951577,-8.77578,,2542
dance_010,D10_P003_T01,5,150,210,5.0,7.0,8.866423,17.643839,-8.777416,,2543
dance_010,D10_P009_T01,3,90,150,3.0,5.0,8.839181,17.643839,-8.804658,,2544
dance_010,D10_P003_T01,3,90,150,3.0,5.0,8.823314,17.643839,-8.820525,,2545
dance_009,D09_P017_T01,7,210,270,7.0,9.0,10.722045,19.54512,-8.823075,,2546
dance_009,D09_P018_T01,5,150,210,5.0,7.0,10.669237,19.54512,-8.875883,,2547
dance_011,D11_P013_T01,15,450,510,15.0,17.0,7.069541,15.951577,-8.882036,,2548
dance_009,D09_P009_T01,10,300,360,10.0,12.0,10.656677,19.54512,-8.888443,,2549
dance_011,D11_P017_T01,3,90,150,3.0,5.0,7.06076,15.951577,-8.890817,,2550
dance_002,D02_P009_T01,6,180,240,6.0,8.0,9.862414,18.773045,-8.910631,,2551
dance_008,D08_P010_T01,8,240,300,8.0,10.0,6.356789,15.296403,-8.939614,,2552
dance_002,D02_P015_T01,4,120,180,4.0,6.0,9.830489,18.773045,-8.942556,,2553
dance_011,D11_P015_T01,1,30,90,1.0,3.0,6.990048,15.951577,-8.961529,,2554
dance_010,D10_P008_T01,7,210,270,7.0,9.0,8.664604,17.643839,-8.979235,,2555
dance_002,D02_P009_T01,9,270,330,9.0,11.0,9.776549,18.773045,-8.996496,,2556
dance_010,D10_P016_T01,6,180,240,6.0,8.0,8.631492,17.643839,-9.012347,,2557
dance_009,D09_P013_T01,9,270,330,9.0,11.0,10.529936,19.54512,-9.015184,,2558
dance_008,D08_P011_T01,3,90,150,3.0,5.0,6.273294,15.296403,-9.023109,,2559
dance_008,D08_P010_T01,6,180,240,6.0,8.0,6.241887,15.296403,-9.054516,,2560
dance_010,D10_P006_T01,1,30,90,1.0,3.0,8.570004,17.643839,-9.073835,,2561
dance_011,D11_P003_T01,3,90,150,3.0,5.0,6.851271,15.951577,-9.100306,,2562
dance_002,D02_P014_T01,1,30,90,1.0,3.0,9.625279,18.773045,-9.147766,,2563
dance_002,D02_P010_T01,2,60,120,2.0,4.0,9.609513,18.773045,-9.163532,,2564
dance_009,D09_P018_T01,11,330,390,11.0,13.0,10.347064,19.54512,-9.198056,,2565
dance_008,D08_P007_T01,1,30,90,1.0,3.0,6.059175,15.296403,-9.237228,,2566
dance_002,D02_P006_T01,1,30,90,1.0,3.0,9.510653,18.773045,-9.262392,,2567
dance_009,D09_P016_T01,4,120,180,4.0,6.0,10.282404,19.54512,-9.262716,,2568
dance_010,D10_P011_T01,6,180,240,6.0,8.0,8.378606,17.643839,-9.265233,,2569
dance_010,D10_P003_T01,4,120,180,4.0,6.0,8.366009,17.643839,-9.27783,,2570
dance_009,D09_P016_T01,5,150,210,5.0,7.0,10.212263,19.54512,-9.332857,,2571
dance_009,D09_P009_T01,1,30,90,1.0,3.0,10.203402,19.54512,-9.341718,,2572
dance_002,D02_P003_T01,2,60,120,2.0,4.0,9.366186,18.773045,-9.406859,,2573
dance_002,D02_P005_T01,3,90,150,3.0,5.0,9.360368,18.773045,-9.412677,,2574
dance_010,D10_P013_T01,11,330,390,11.0,13.0,8.212481,17.643839,-9.431358,,2575
dance_002,D02_P010_T01,6,180,240,6.0,8.0,9.326746,18.773045,-9.446299,,2576
dance_011,D11_P010_T01,2,60,120,2.0,4.0,6.499722,15.951577,-9.451855,,2577
dance_010,D10_P008_T01,1,30,90,1.0,3.0,8.18899,17.643839,-9.454849,,2578
dance_009,D09_P014_T01,9,270,330,9.0,11.0,10.042955,19.54512,-9.502165,,2579
dance_011,D11_P011_T01,3,90,150,3.0,5.0,6.423553,15.951577,-9.528024,,2580
dance_002,D02_P015_T01,3,90,150,3.0,5.0,9.110171,18.773045,-9.662874,,2581
dance_002,D02_P013_T01,2,60,120,2.0,4.0,9.056604,18.773045,-9.716441,,2582
dance_010,D10_P018_T01,8,240,300,8.0,10.0,7.917385,17.643839,-9.726454,,2583
dance_009,D09_P020_T01,8,240,300,8.0,10.0,9.809795,19.54512,-9.735325,,2584
dance_010,D10_P010_T01,2,60,120,2.0,4.0,7.884335,17.643839,-9.759504,,2585
dance_009,D09_P018_T01,3,90,150,3.0,5.0,9.781477,19.54512,-9.763643,,2586
dance_009,D09_P009_T01,9,270,330,9.0,11.0,9.768747,19.54512,-9.776373,,2587
dance_009,D09_P004_T01,2,60,120,2.0,4.0,9.733382,19.54512,-9.811738,,2588
dance_009,D09_P019_T01,9,270,330,9.0,11.0,9.696279,19.54512,-9.848841,,2589
dance_008,D08_P011_T01,8,240,300,8.0,10.0,5.439421,15.296403,-9.856982,,2590
dance_009,D09_P015_T01,5,150,210,5.0,7.0,9.674047,19.54512,-9.871073,,2591
dance_010,D10_P018_T01,4,120,180,4.0,6.0,7.757826,17.643839,-9.886013,,2592
dance_010,D10_P003_T01,0,0,60,0.0,2.0,7.743276,17.643839,-9.900563,,2593
dance_010,D10_P018_T01,5,150,210,5.0,7.0,7.730376,17.643839,-9.913463,,2594
dance_010,D10_P010_T01,6,180,240,6.0,8.0,7.627005,17.643839,-10.016834,,2595
dance_010,D10_P010_T01,0,0,60,0.0,2.0,7.621184,17.643839,-10.022655,,2596
dance_009,D09_P015_T01,8,240,300,8.0,10.0,9.501667,19.54512,-10.043453,,2597
dance_010,D10_P018_T01,11,330,390,11.0,13.0,7.587886,17.643839,-10.055953,,2598
dance_010,D10_P011_T01,3,90,150,3.0,5.0,7.561235,17.643839,-10.082604,,2599
dance_009,D09_P018_T01,4,120,180,4.0,6.0,9.389825,19.54512,-10.155295,,2600
dance_011,D11_P011_T01,2,60,120,2.0,4.0,5.784312,15.951577,-10.167265,,2601
dance_009,D09_P017_T01,4,120,180,4.0,6.0,9.37315,19.54512,-10.17197,,2602
dance_010,D10_P011_T01,4,120,180,4.0,6.0,7.464758,17.643839,-10.179081,,2603
dance_009,D09_P015_T01,4,120,180,4.0,6.0,9.16221,19.54512,-10.38291,,2604
dance_009,D09_P014_T01,3,90,150,3.0,5.0,9.118257,19.54512,-10.426863,,2605
dance_010,D10_P011_T01,0,0,60,0.0,2.0,7.210353,17.643839,-10.433486,,2606
dance_010,D10_P018_T01,7,210,270,7.0,9.0,7.205429,17.643839,-10.43841,,2607
dance_010,D10_P003_T01,1,30,90,1.0,3.0,7.189063,17.643839,-10.454776,,2608
dance_009,D09_P016_T01,9,270,330,9.0,11.0,9.011403,19.54512,-10.533717,,2609
dance_009,D09_P015_T01,9,270,330,9.0,11.0,8.998245,19.54512,-10.546875,,2610
dance_009,D09_P016_T01,11,330,390,11.0,13.0,8.971062,19.54512,-10.574058,,2611
dance_010,D10_P018_T01,2,60,120,2.0,4.0,7.047263,17.643839,-10.596576,,2612
dance_002,D02_P005_T01,2,60,120,2.0,4.0,8.174329,18.773045,-10.598716,,2613
dance_009,D09_P004_T01,4,120,180,4.0,6.0,8.890816,19.54512,-10.654304,,2614
dance_002,D02_P011_T01,9,270,330,9.0,11.0,8.104552,18.773045,-10.668493,,2615
dance_002,D02_P014_T01,9,270,330,9.0,11.0,8.026642,18.773045,-10.746403,,2616
dance_010,D10_P011_T01,2,60,120,2.0,4.0,6.889459,17.643839,-10.75438,,2617
dance_002,D02_P007_T01,2,60,120,2.0,4.0,7.848014,18.773045,-10.925031,,2618
dance_010,D10_P011_T01,1,30,90,1.0,3.0,6.525128,17.643839,-11.118711,,2619
dance_010,D10_P010_T01,4,120,180,4.0,6.0,6.502242,17.643839,-11.141597,,2620
dance_002,D02_P004_T01,2,60,120,2.0,4.0,7.549859,18.773045,-11.223186,,2621
dance_002,D02_P019_T01,2,60,120,2.0,4.0,7.54647,18.773045,-11.226575,,2622
dance_002,D02_P002_T01,2,60,120,2.0,4.0,7.530493,18.773045,-11.242552,,2623
dance_002,D02_P015_T01,2,60,120,2.0,4.0,7.498097,18.773045,-11.274948,,2624
dance_002,D02_P019_T01,9,270,330,9.0,11.0,7.456447,18.773045,-11.316598,,2625
dance_002,D02_P011_T01,2,60,120,2.0,4.0,7.364367,18.773045,-11.408678,,2626
dance_002,D02_P014_T01,2,60,120,2.0,4.0,6.274153,18.773045,-12.498892,,2627
dance_002,D02_P020_T01,2,60,120,2.0,4.0,6.236431,18.773045,-12.536614,,2628
dance_002,D02_P018_T01,2,60,120,2.0,4.0,6.10633,18.773045,-12.666715,,2629
dance_002,D02_P006_T01,2,60,120,2.0,4.0,5.743858,18.773045,-13.029187,,2630
dance_001,D01_P003_T01,0,0,60,0.0,2.0,0.0,14.435844,-14.435844,,2631
dance_001,D01_P003_T01,1,30,90,1.0,3.0,0.0,14.435844,-14.435844,,2631
dance_001,D01_P003_T01,2,60,120,2.0,4.0,0.0,14.435844,-14.435844,,2631
dance_001,D01_P003_T01,3,90,150,3.0,5.0,0.0,14.435844,-14.435844,,2631
dance_001,D01_P003_T01,4,120,180,4.0,6.0,0.0,14.435844,-14.435844,,2631
dance_001,D01_P003_T01,5,150,210,5.0,7.0,0.0,14.435844,-14.435844,,2631
dance_001,D01_P003_T01,6,180,240,6.0,8.0,0.0,14.435844,-14.435844,,2631
dance_001,D01_P003_T01,7,210,270,7.0,9.0,0.0,14.435844,-14.435844,,2631
dance_001,D01_P003_T01,8,240,300,8.0,10.0,0.0,14.435844,-14.435844,,2631
